{"type":"FeatureCollection","metadata":{"source":"https://s3.us-west-2.amazonaws.com/us-west-2.opendata.source.coop/dynamical/asos-parquet/year%3D2026/data.parquet","year":2026,"generatedAt":"2026-07-25T10:27:37.285Z"},"features":[{"type":"Feature","id":"00U","geometry":{"type":"Point","coordinates":[-107.6604,45.7444]},"properties":{"station":"00U","name":"Big Horn County","state":"MT","country":"US","elevation":914.23517}},{"type":"Feature","id":"01M","geometry":{"type":"Point","coordinates":[-88.2011,34.4917]},"properties":{"station":"01M","name":"Belmont","state":"MS","country":"US","elevation":173.01176}},{"type":"Feature","id":"04V","geometry":{"type":"Point","coordinates":[-106.17,38.1]},"properties":{"station":"04V","name":"SAGUACHE MUNI","state":"CO","country":"US","elevation":2385}},{"type":"Feature","id":"04W","geometry":{"type":"Point","coordinates":[-92.8952,46.0229]},"properties":{"station":"04W","name":"Hinckley","state":"MN","country":"US","elevation":311}},{"type":"Feature","id":"05U","geometry":{"type":"Point","coordinates":[-116.0051,39.6042]},"properties":{"station":"05U","name":"Eureka","state":"NV","country":"US","elevation":1811.2307}},{"type":"Feature","id":"06C","geometry":{"type":"Point","coordinates":[-88.105,41.9913]},"properties":{"station":"06C","name":"Chicago - Schaumburg","state":"IL","country":"US","elevation":243}},{"type":"Feature","id":"06D","geometry":{"type":"Point","coordinates":[-99.6208,48.8844]},"properties":{"station":"06D","name":"Rolla","state":"ND","country":"US","elevation":555}},{"type":"Feature","id":"08D","geometry":{"type":"Point","coordinates":[-102.4064,48.3008]},"properties":{"station":"08D","name":"Stanley","state":"ND","country":"US","elevation":682}},{"type":"Feature","id":"0A9","geometry":{"type":"Point","coordinates":[-82.1734,36.3712]},"properties":{"station":"0A9","name":"Elizabethton","state":"TN","country":"US","elevation":486}},{"type":"Feature","id":"0CO","geometry":{"type":"Point","coordinates":[-105.7639,39.7939]},"properties":{"station":"0CO","name":"Berthoud Pass","state":"CO","country":"US","elevation":3792}},{"type":"Feature","id":"0D8","geometry":{"type":"Point","coordinates":[-99.9528,44.9866]},"properties":{"station":"0D8","name":"Gettysburg","state":"SD","country":"US","elevation":628}},{"type":"Feature","id":"0E0","geometry":{"type":"Point","coordinates":[-106.0095,34.9856]},"properties":{"station":"0E0","name":"Moriarty","state":"NM","country":"US","elevation":1889}},{"type":"Feature","id":"0F2","geometry":{"type":"Point","coordinates":[-97.7756,33.6017]},"properties":{"station":"0F2","name":"Bowie","state":"TX","country":"US","elevation":335.6}},{"type":"Feature","id":"0J4","geometry":{"type":"Point","coordinates":[-86.3119,31.0447]},"properties":{"station":"0J4","name":"Florala","state":"AL","country":"US","elevation":91}},{"type":"Feature","id":"0R0","geometry":{"type":"Point","coordinates":[-89.8128,31.297]},"properties":{"station":"0R0","name":"Columbia","state":"MS","country":"US","elevation":78.9417}},{"type":"Feature","id":"0R4","geometry":{"type":"Point","coordinates":[-91.5065,31.562]},"properties":{"station":"0R4","name":"Vidalia","state":"LA","country":"US","elevation":14.531767}},{"type":"Feature","id":"0S9","geometry":{"type":"Point","coordinates":[-122.8106,48.0538]},"properties":{"station":"0S9","name":"Port Townsend","state":"WA","country":"US","elevation":34.0181}},{"type":"Feature","id":"0V4","geometry":{"type":"Point","coordinates":[-79.0164,37.1417]},"properties":{"station":"0V4","name":"Brookneal","state":"VA","country":"US","elevation":178.73071}},{"type":"Feature","id":"0VG","geometry":{"type":"Point","coordinates":[-83.2178,36.6541]},"properties":{"station":"0VG","name":"Jonesville","state":"VA","country":"US","elevation":416}},{"type":"Feature","id":"0W3","geometry":{"type":"Point","coordinates":[-76.203,39.5682]},"properties":{"station":"0W3","name":"Churchville","state":"MD","country":"US","elevation":120}},{"type":"Feature","id":"10G","geometry":{"type":"Point","coordinates":[-81.9544,40.5372]},"properties":{"station":"10G","name":"Millersburg","state":"OH","country":"US","elevation":366}},{"type":"Feature","id":"10U","geometry":{"type":"Point","coordinates":[-116.1876,41.9532]},"properties":{"station":"10U","name":"Owyhee","state":"NV","country":"US","elevation":1637}},{"type":"Feature","id":"11R","geometry":{"type":"Point","coordinates":[-96.3742,30.2189]},"properties":{"station":"11R","name":"BRENHAM_MUNICIPAL_APT","state":"TX","country":"US","elevation":94}},{"type":"Feature","id":"12N","geometry":{"type":"Point","coordinates":[-74.7367,41.0089]},"properties":{"station":"12N","name":"ANDOVER/AEROFLEX-ANDOVER AIRPORT","state":"NJ","country":"US","elevation":178}},{"type":"Feature","id":"13K","geometry":{"type":"Point","coordinates":[-96.2929,37.8519]},"properties":{"station":"13K","name":"Eureka","state":"KS","country":"US","elevation":365.09073}},{"type":"Feature","id":"14Y","geometry":{"type":"Point","coordinates":[-94.8739,45.8983]},"properties":{"station":"14Y","name":"Long Prairie","state":"MN","country":"US","elevation":406}},{"type":"Feature","id":"15M","geometry":{"type":"Point","coordinates":[-88.1659,34.7723]},"properties":{"station":"15M","name":"Iuka","state":"MS","country":"US","elevation":183}},{"type":"Feature","id":"16J","geometry":{"type":"Point","coordinates":[-84.4193,31.7433]},"properties":{"station":"16J","name":"Dawson","state":"GA","country":"US","elevation":96}},{"type":"Feature","id":"17J","geometry":{"type":"Point","coordinates":[-84.8776,31.007]},"properties":{"station":"17J","name":"Donalsonville","state":"GA","country":"US","elevation":47.24814}},{"type":"Feature","id":"18A","geometry":{"type":"Point","coordinates":[-83.1308,34.3404]},"properties":{"station":"18A","name":"Canon","state":"GA","country":"US","elevation":258.54953}},{"type":"Feature","id":"18H","geometry":{"type":"Point","coordinates":[-92.0333,26.1283]},"properties":{"station":"18H","name":"Lucius","state":"TX","country":"US","elevation":30}},{"type":"Feature","id":"19S","geometry":{"type":"Point","coordinates":[-100.8329,37.4969]},"properties":{"station":"19S","name":"Sublette","state":"KS","country":"US","elevation":892.56555}},{"type":"Feature","id":"1A5","geometry":{"type":"Point","coordinates":[-83.42,35.22]},"properties":{"station":"1A5","name":"FRANKLIN","state":"NC","country":"US","elevation":616}},{"type":"Feature","id":"1A6","geometry":{"type":"Point","coordinates":[-83.7374,36.6106]},"properties":{"station":"1A6","name":"MIDDLESBORO-BELL","state":"KY","country":"US","elevation":352}},{"type":"Feature","id":"1A9","geometry":{"type":"Point","coordinates":[-86.5127,32.4387]},"properties":{"station":"1A9","name":"Prattville","state":"AL","country":"US","elevation":63.56335}},{"type":"Feature","id":"1B9","geometry":{"type":"Point","coordinates":[-71.198,42.0008]},"properties":{"station":"1B9","name":"Mansfield","state":"MA","country":"US","elevation":36}},{"type":"Feature","id":"1BW","geometry":{"type":"Point","coordinates":[-103.995,41.5117]},"properties":{"station":"1BW","name":"Long Springs","state":"NE","country":"US","elevation":1602.9132}},{"type":"Feature","id":"1CW","geometry":{"type":"Point","coordinates":[-103.6706,41.59]},"properties":{"station":"1CW","name":"Harrisburg","state":"NE","country":"US","elevation":1340.3248}},{"type":"Feature","id":"1D1","geometry":{"type":"Point","coordinates":[-96.566,45.2305]},"properties":{"station":"1D1","name":"Milbank","state":"SD","country":"US","elevation":342}},{"type":"Feature","id":"1D8","geometry":{"type":"Point","coordinates":[-98.5295,44.8625]},"properties":{"station":"1D8","name":"Redfield","state":"SD","country":"US","elevation":397}},{"type":"Feature","id":"1F0","geometry":{"type":"Point","coordinates":[-97.1226,34.147]},"properties":{"station":"1F0","name":"ARDMORE DOWNTOWN EXEC AIRPORT","state":"OK","country":"US","elevation":257}},{"type":"Feature","id":"1GM","geometry":{"type":"Point","coordinates":[-112.1,47.33]},"properties":{"station":"1GM","name":"Golf","state":"MT","country":"US","elevation":1320.7723}},{"type":"Feature","id":"1H2","geometry":{"type":"Point","coordinates":[-88.5335,39.0705]},"properties":{"station":"1H2","name":"EFFINGHAM","state":"IL","country":"US","elevation":179}},{"type":"Feature","id":"1HW","geometry":{"type":"Point","coordinates":[-102.8289,41.3251]},"properties":{"station":"1HW","name":"Gurley","state":"NE","country":"US","elevation":1261.6797}},{"type":"Feature","id":"1JN","geometry":{"type":"Point","coordinates":[-101.89,48.41]},"properties":{"station":"1JN","name":"Juliet","state":"ND","country":"US","elevation":672}},{"type":"Feature","id":"1K8","geometry":{"type":"Point","coordinates":[-95.0135,36.5464]},"properties":{"station":"1K8","name":"Ketchum","state":"OK","country":"US","elevation":234}},{"type":"Feature","id":"1KM","geometry":{"type":"Point","coordinates":[-109.8,46.45]},"properties":{"station":"1KM","name":"Kilo","state":"MT","country":"US","elevation":1319.7548}},{"type":"Feature","id":"1L8","geometry":{"type":"Point","coordinates":[-113.306,37.1402]},"properties":{"station":"1L8","name":"Hurricane","state":"UT","country":"US","elevation":1021}},{"type":"Feature","id":"1LN","geometry":{"type":"Point","coordinates":[-102.27,48.79]},"properties":{"station":"1LN","name":"Lima","state":"ND","country":"US","elevation":598}},{"type":"Feature","id":"1M4","geometry":{"type":"Point","coordinates":[-87.6004,34.2803]},"properties":{"station":"1M4","name":"Haleyville","state":"AL","country":"US","elevation":284}},{"type":"Feature","id":"1M5","geometry":{"type":"Point","coordinates":[-86.4769,36.5929]},"properties":{"station":"1M5","name":"Portland","state":"TN","country":"US","elevation":244}},{"type":"Feature","id":"1NW","geometry":{"type":"Point","coordinates":[-103.8371,40.6319]},"properties":{"station":"1NW","name":"Raymer","state":"CO","country":"US","elevation":1462.5062}},{"type":"Feature","id":"1ON","geometry":{"type":"Point","coordinates":[-101.28,48.82]},"properties":{"station":"1ON","name":"Oscar","state":"ND","country":"US","elevation":464}},{"type":"Feature","id":"1P1","geometry":{"type":"Point","coordinates":[-71.7537,43.7792]},"properties":{"station":"1P1","name":"Plymouth","state":"NH","country":"US","elevation":153.9}},{"type":"Feature","id":"1R7","geometry":{"type":"Point","coordinates":[-90.4093,31.6058]},"properties":{"station":"1R7","name":"Brookhaven","state":"MS","country":"US","elevation":149}},{"type":"Feature","id":"1R8","geometry":{"type":"Point","coordinates":[-87.8193,30.8703]},"properties":{"station":"1R8","name":"Bay Minette","state":"AL","country":"US","elevation":72.02543}},{"type":"Feature","id":"1S3","geometry":{"type":"Point","coordinates":[-106.6239,46.2712]},"properties":{"station":"1S3","name":"Forsyth Tillitt Field","state":"MT","country":"US","elevation":831}},{"type":"Feature","id":"1S5","geometry":{"type":"Point","coordinates":[-119.9704,46.3271]},"properties":{"station":"1S5","name":"Sunnyside","state":"WA","country":"US","elevation":229.91428}},{"type":"Feature","id":"1U7","geometry":{"type":"Point","coordinates":[-111.3416,42.2497]},"properties":{"station":"1U7","name":"Bear Lake County","state":"ID","country":"US","elevation":1807.0803}},{"type":"Feature","id":"1V4","geometry":{"type":"Point","coordinates":[-72.02,44.42]},"properties":{"station":"1V4","name":"St Johnsbury","state":"VT","country":"US","elevation":217}},{"type":"Feature","id":"1V6","geometry":{"type":"Point","coordinates":[-105.1058,38.428]},"properties":{"station":"1V6","name":"Canon City","state":"CO","country":"US","elevation":1645.1505}},{"type":"Feature","id":"1YT","geometry":{"type":"Point","coordinates":[-120.45,46.66]},"properties":{"station":"1YT","name":"Vagabond","state":"WA","country":"US","elevation":475.51508}},{"type":"Feature","id":"20U","geometry":{"type":"Point","coordinates":[-103.9821,46.9252]},"properties":{"station":"20U","name":"Beach Beach","state":"ND","country":"US","elevation":840}},{"type":"Feature","id":"20V","geometry":{"type":"Point","coordinates":[-106.3689,40.0537]},"properties":{"station":"20V","name":"KREMMLING","state":"CO","country":"US","elevation":2259}},{"type":"Feature","id":"21D","geometry":{"type":"Point","coordinates":[-92.8557,44.9975]},"properties":{"station":"21D","name":"St Paul / Lake Elmo","state":"MN","country":"US","elevation":284.4}},{"type":"Feature","id":"22N","geometry":{"type":"Point","coordinates":[-75.7615,40.8095]},"properties":{"station":"22N","name":"Lehighton","state":"PA","country":"US","elevation":158.07216}},{"type":"Feature","id":"24A","geometry":{"type":"Point","coordinates":[-83.2071,35.3159]},"properties":{"station":"24A","name":"Sylva","state":"NC","country":"US","elevation":851.58276}},{"type":"Feature","id":"24J","geometry":{"type":"Point","coordinates":[-83.0247,30.3001]},"properties":{"station":"24J","name":"Live Oak","state":"FL","country":"US","elevation":35.94818}},{"type":"Feature","id":"27K","geometry":{"type":"Point","coordinates":[-84.4347,38.2344]},"properties":{"station":"27K","name":"Georgetown","state":"KY","country":"US","elevation":285.67224}},{"type":"Feature","id":"28J","geometry":{"type":"Point","coordinates":[-81.6889,29.6586]},"properties":{"station":"28J","name":"Palatka","state":"FL","country":"US","elevation":9.363473}},{"type":"Feature","id":"2A0","geometry":{"type":"Point","coordinates":[-84.9322,35.4817]},"properties":{"station":"2A0","name":"Dayton","state":"TN","country":"US","elevation":214.8747}},{"type":"Feature","id":"2C8","geometry":{"type":"Point","coordinates":[-97.632,48.7837]},"properties":{"station":"2C8","name":"Cavalier","state":"ND","country":"US","elevation":272}},{"type":"Feature","id":"2D5","geometry":{"type":"Point","coordinates":[-98.0799,46.1731]},"properties":{"station":"2D5","name":"Oakes","state":"ND","country":"US","elevation":407}},{"type":"Feature","id":"2DP","geometry":{"type":"Point","coordinates":[-75.9,35.6667]},"properties":{"station":"2DP","name":"Dare County Gunnery Range","state":"NC","country":"US","elevation":0.3418498}},{"type":"Feature","id":"2G2","geometry":{"type":"Point","coordinates":[-80.7001,40.3594]},"properties":{"station":"2G2","name":"Steubenville","state":"OH","country":"US","elevation":362}},{"type":"Feature","id":"2G4","geometry":{"type":"Point","coordinates":[-79.3394,39.5803]},"properties":{"station":"2G4","name":"Oakland","state":"MD","country":"US","elevation":894}},{"type":"Feature","id":"2G9","geometry":{"type":"Point","coordinates":[-79.015,40.0389]},"properties":{"station":"2G9","name":"Somerset","state":"PA","country":"US","elevation":679.9938}},{"type":"Feature","id":"2I0","geometry":{"type":"Point","coordinates":[-87.3982,37.3559]},"properties":{"station":"2I0","name":"Madisonville","state":"KY","country":"US","elevation":134}},{"type":"Feature","id":"2IS","geometry":{"type":"Point","coordinates":[-81.0468,26.7339]},"properties":{"station":"2IS","name":"Clewiston","state":"FL","country":"US","elevation":8.316562}},{"type":"Feature","id":"2J5","geometry":{"type":"Point","coordinates":[-81.9654,32.8935]},"properties":{"station":"2J5","name":"Millen","state":"GA","country":"US","elevation":67.51578}},{"type":"Feature","id":"2J9","geometry":{"type":"Point","coordinates":[-84.5574,30.5979]},"properties":{"station":"2J9","name":"Quincy","state":"FL","country":"US","elevation":69}},{"type":"Feature","id":"2M2","geometry":{"type":"Point","coordinates":[-87.2579,35.2343]},"properties":{"station":"2M2","name":"Lawrenceburg","state":"TN","country":"US","elevation":281.34207}},{"type":"Feature","id":"2M8","geometry":{"type":"Point","coordinates":[-89.9315,35.279]},"properties":{"station":"2M8","name":"Millington","state":"TN","country":"US","elevation":74}},{"type":"Feature","id":"2P2","geometry":{"type":"Point","coordinates":[-86.924,45.3883]},"properties":{"station":"2P2","name":"Washington Island","state":"WI","country":"US","elevation":190.16022}},{"type":"Feature","id":"2R2","geometry":{"type":"Point","coordinates":[-86.48,39.7468]},"properties":{"station":"2R2","name":"Henricks County","state":"IN","country":"US","elevation":272}},{"type":"Feature","id":"2R9","geometry":{"type":"Point","coordinates":[-97.8656,28.825]},"properties":{"station":"2R9","name":"Kenedy","state":"TX","country":"US","elevation":87.85377}},{"type":"Feature","id":"2V5","geometry":{"type":"Point","coordinates":[-102.241,40.1003]},"properties":{"station":"2V5","name":"Wray","state":"CO","country":"US","elevation":1117.7}},{"type":"Feature","id":"2V6","geometry":{"type":"Point","coordinates":[-102.7128,40.1046]},"properties":{"station":"2V6","name":"Yuma","state":"CO","country":"US","elevation":1255.8844}},{"type":"Feature","id":"2W6","geometry":{"type":"Point","coordinates":[-76.5501,38.3154]},"properties":{"station":"2W6","name":"Leonardtown","state":"MD","country":"US","elevation":43.3}},{"type":"Feature","id":"2WX","geometry":{"type":"Point","coordinates":[-103.5464,45.6044]},"properties":{"station":"2WX","name":"BUFFALO","state":"SD","country":"US","elevation":919.06866}},{"type":"Feature","id":"33N","geometry":{"type":"Point","coordinates":[-75.6005,39.2187]},"properties":{"station":"33N","name":"Cheswold","state":"DE","country":"US","elevation":13.995738}},{"type":"Feature","id":"33V","geometry":{"type":"Point","coordinates":[-106.2715,40.7503]},"properties":{"station":"33V","name":"Walden","state":"CO","country":"US","elevation":2484}},{"type":"Feature","id":"35A","geometry":{"type":"Point","coordinates":[-81.6412,34.687]},"properties":{"station":"35A","name":"Union","state":"SC","country":"US","elevation":181.31224}},{"type":"Feature","id":"36K","geometry":{"type":"Point","coordinates":[-101.2554,37.9695]},"properties":{"station":"36K","name":"Lakin","state":"KS","country":"US","elevation":934}},{"type":"Feature","id":"3AU","geometry":{"type":"Point","coordinates":[-97.0779,37.6716]},"properties":{"station":"3AU","name":"Augusta","state":"KS","country":"US","elevation":405.83893}},{"type":"Feature","id":"3D2","geometry":{"type":"Point","coordinates":[-87.1881,45.1357]},"properties":{"station":"3D2","name":"Ephraim","state":"WI","country":"US","elevation":229.91167}},{"type":"Feature","id":"3F3","geometry":{"type":"Point","coordinates":[-93.764,32.0717]},"properties":{"station":"3F3","name":"Mansfield","state":"LA","country":"US","elevation":99.33973}},{"type":"Feature","id":"3J1","geometry":{"type":"Point","coordinates":[-80.993,32.4969]},"properties":{"station":"3J1","name":"Ridgeland","state":"SC","country":"US","elevation":24}},{"type":"Feature","id":"3K3","geometry":{"type":"Point","coordinates":[-101.7463,37.9917]},"properties":{"station":"3K3","name":"Syracuse","state":"KS","country":"US","elevation":1005.6978}},{"type":"Feature","id":"3K7","geometry":{"type":"Point","coordinates":[-101.3509,38.4575]},"properties":{"station":"3K7","name":"Leoti","state":"KS","country":"US","elevation":1005}},{"type":"Feature","id":"3L4","geometry":{"type":"Point","coordinates":[-92.804,29.8]},"properties":{"station":"3L4","name":"Grand Chenier","state":"LA","country":"US","elevation":4.7830763}},{"type":"Feature","id":"3LF","geometry":{"type":"Point","coordinates":[-89.6746,39.1625]},"properties":{"station":"3LF","name":"Litchfield","state":"IL","country":"US","elevation":210}},{"type":"Feature","id":"3N8","geometry":{"type":"Point","coordinates":[-95.9281,47.2605]},"properties":{"station":"3N8","name":"Mahnomen","state":"MN","country":"US","elevation":375.21597}},{"type":"Feature","id":"3R7","geometry":{"type":"Point","coordinates":[-92.6735,30.2427]},"properties":{"station":"3R7","name":"Jennings","state":"LA","country":"US","elevation":5.5129023}},{"type":"Feature","id":"3S8","geometry":{"type":"Point","coordinates":[-123.3886,42.509]},"properties":{"station":"3S8","name":"Grants Pass","state":"OR","country":"US","elevation":337.9127}},{"type":"Feature","id":"3T5","geometry":{"type":"Point","coordinates":[-96.95,29.91]},"properties":{"station":"3T5","name":"LA GRANGE/FAYETTE REGIONAL","state":"TX","country":"US","elevation":99}},{"type":"Feature","id":"3U3","geometry":{"type":"Point","coordinates":[-112.8678,46.1531]},"properties":{"station":"3U3","name":"Anaconda","state":"MT","country":"US","elevation":1524.888}},{"type":"Feature","id":"3W7","geometry":{"type":"Point","coordinates":[-119.083,47.922]},"properties":{"station":"3W7","name":"Electric City","state":"WA","country":"US","elevation":490}},{"type":"Feature","id":"40B","geometry":{"type":"Point","coordinates":[-69.531,46.609]},"properties":{"station":"40B","name":"CLAYTON LAKE","state":"ME","country":"US","elevation":314}},{"type":"Feature","id":"40U","geometry":{"type":"Point","coordinates":[-109.6785,40.9861]},"properties":{"station":"40U","name":"Manilla","state":"UT","country":"US","elevation":1873}},{"type":"Feature","id":"41U","geometry":{"type":"Point","coordinates":[-111.6126,39.3314]},"properties":{"station":"41U","name":"Manti","state":"UT","country":"US","elevation":1679.1724}},{"type":"Feature","id":"42A","geometry":{"type":"Point","coordinates":[-91.8287,36.0713]},"properties":{"station":"42A","name":"Melbourne","state":"AR","country":"US","elevation":226}},{"type":"Feature","id":"42J","geometry":{"type":"Point","coordinates":[-82.0475,29.8448]},"properties":{"station":"42J","name":"Keystone Heights","state":"FL","country":"US","elevation":60}},{"type":"Feature","id":"46D","geometry":{"type":"Point","coordinates":[-99.1513,47.4511]},"properties":{"station":"46D","name":"Carrington","state":"ND","country":"US","elevation":489.8}},{"type":"Feature","id":"46U","geometry":{"type":"Point","coordinates":[-111.0424,43.1846]},"properties":{"station":"46U","name":"Alpine","state":"WY","country":"US","elevation":1713.6123}},{"type":"Feature","id":"48A","geometry":{"type":"Point","coordinates":[-83.2759,32.3994]},"properties":{"station":"48A","name":"Cochran","state":"GA","country":"US","elevation":100.19532}},{"type":"Feature","id":"48I","geometry":{"type":"Point","coordinates":[-80.6518,38.687]},"properties":{"station":"48I","name":"Sutton","state":"WV","country":"US","elevation":387}},{"type":"Feature","id":"49A","geometry":{"type":"Point","coordinates":[-84.5271,34.6301]},"properties":{"station":"49A","name":"Ellijay","state":"GA","country":"US","elevation":444.8425}},{"type":"Feature","id":"49B","geometry":{"type":"Point","coordinates":[-103.3777,44.4187]},"properties":{"station":"49B","name":"Sturgis","state":"SD","country":"US","elevation":985}},{"type":"Feature","id":"4A6","geometry":{"type":"Point","coordinates":[-86.0059,34.6887]},"properties":{"station":"4A6","name":"Scottsburo","state":"AL","country":"US","elevation":198}},{"type":"Feature","id":"4A9","geometry":{"type":"Point","coordinates":[-85.7214,34.4737]},"properties":{"station":"4A9","name":"FORT_PAYNE","state":"AL","country":"US","elevation":267}},{"type":"Feature","id":"4B8","geometry":{"type":"Point","coordinates":[-72.8646,41.6893]},"properties":{"station":"4B8","name":"Plainville","state":"CT","country":"US","elevation":61}},{"type":"Feature","id":"4BM","geometry":{"type":"Point","coordinates":[-105.514,39.05]},"properties":{"station":"4BM","name":"WILKERSON PASS","state":"CO","country":"US","elevation":3438}},{"type":"Feature","id":"4F2","geometry":{"type":"Point","coordinates":[-94.2988,32.176]},"properties":{"station":"4F2","name":"Carthage","state":"TX","country":"US","elevation":75.229965}},{"type":"Feature","id":"4I3","geometry":{"type":"Point","coordinates":[-82.5261,40.3289]},"properties":{"station":"4I3","name":"Mount Vernon","state":"OH","country":"US","elevation":363}},{"type":"Feature","id":"4M3","geometry":{"type":"Point","coordinates":[-91.7121,34.8082]},"properties":{"station":"4M3","name":"Carlisle","state":"AR","country":"US","elevation":73}},{"type":"Feature","id":"4M9","geometry":{"type":"Point","coordinates":[-90.6479,36.4042]},"properties":{"station":"4M9","name":"Corning","state":"AR","country":"US","elevation":89.3}},{"type":"Feature","id":"4MR","geometry":{"type":"Point","coordinates":[-103.8,34.3]},"properties":{"station":"4MR","name":"Melrose Gunary Ran","state":"NM","country":"US","elevation":1326}},{"type":"Feature","id":"4O4","geometry":{"type":"Point","coordinates":[-94.8594,33.9094]},"properties":{"station":"4O4","name":"Idabel","state":"OK","country":"US","elevation":144}},{"type":"Feature","id":"4R5","geometry":{"type":"Point","coordinates":[-90.7587,46.7887]},"properties":{"station":"4R5","name":"La Pointe","state":"WI","country":"US","elevation":190.06784}},{"type":"Feature","id":"4S1","geometry":{"type":"Point","coordinates":[-124.4249,42.4153]},"properties":{"station":"4S1","name":"Gold Beach","state":"OR","country":"US","elevation":6}},{"type":"Feature","id":"4S2","geometry":{"type":"Point","coordinates":[-121.5365,45.6726]},"properties":{"station":"4S2","name":"Hood River","state":"OR","country":"US","elevation":186.21645}},{"type":"Feature","id":"4V0","geometry":{"type":"Point","coordinates":[-108.7593,40.0956]},"properties":{"station":"4V0","name":"Rangely","state":"CO","country":"US","elevation":1605.0275}},{"type":"Feature","id":"4V1","geometry":{"type":"Point","coordinates":[-104.7881,37.6941]},"properties":{"station":"4V1","name":"Walsenburg","state":"CO","country":"US","elevation":1843.6492}},{"type":"Feature","id":"4V9","geometry":{"type":"Point","coordinates":[-98.0398,42.1123]},"properties":{"station":"4V9","name":"Neligh","state":"NE","country":"US","elevation":530}},{"type":"Feature","id":"54A","geometry":{"type":"Point","coordinates":[-82.2526,26.8537]},"properties":{"station":"54A","name":"Coral Creek","state":"FL","country":"US","elevation":1}},{"type":"Feature","id":"54J","geometry":{"type":"Point","coordinates":[-86.1538,30.7311]},"properties":{"station":"54J","name":"DeFuniak","state":"FL","country":"US","elevation":85.669975}},{"type":"Feature","id":"57C","geometry":{"type":"Point","coordinates":[-88.3726,42.7972]},"properties":{"station":"57C","name":"East Troy","state":"WI","country":"US","elevation":254.34013}},{"type":"Feature","id":"5A6","geometry":{"type":"Point","coordinates":[-89.7302,33.465]},"properties":{"station":"5A6","name":"Winona","state":"MS","country":"US","elevation":106.49329}},{"type":"Feature","id":"5A9","geometry":{"type":"Point","coordinates":[-84.6964,32.9385]},"properties":{"station":"5A9","name":"Warm Springs","state":"GA","country":"US","elevation":265}},{"type":"Feature","id":"5C1","geometry":{"type":"Point","coordinates":[-98.6946,29.7239]},"properties":{"station":"5C1","name":"San Antonio","state":"TX","country":"US","elevation":422.1}},{"type":"Feature","id":"5H4","geometry":{"type":"Point","coordinates":[-99.9317,47.7912]},"properties":{"station":"5H4","name":"Harvey","state":"ND","country":"US","elevation":489}},{"type":"Feature","id":"5R8","geometry":{"type":"Point","coordinates":[-93.4736,30.4411]},"properties":{"station":"5R8","name":"De Quincy","state":"LA","country":"US","elevation":27.579348}},{"type":"Feature","id":"5SM","geometry":{"type":"Point","coordinates":[-107.379,39.426]},"properties":{"station":"5SM","name":"Sunlight","state":"CO","country":"US","elevation":3232}},{"type":"Feature","id":"5T9","geometry":{"type":"Point","coordinates":[-100.5135,28.8571]},"properties":{"station":"5T9","name":"Maverick County","state":"TX","country":"US","elevation":267.38416}},{"type":"Feature","id":"60R","geometry":{"type":"Point","coordinates":[-96.1133,30.3719]},"properties":{"station":"60R","name":"Navasota","state":"TX","country":"US","elevation":68}},{"type":"Feature","id":"63S","geometry":{"type":"Point","coordinates":[-117.8835,48.5442]},"properties":{"station":"63S","name":"Colville","state":"WA","country":"US","elevation":568.6405}},{"type":"Feature","id":"65S","geometry":{"type":"Point","coordinates":[-116.2952,48.726]},"properties":{"station":"65S","name":"Bonners Ferry","state":"ID","country":"US","elevation":711}},{"type":"Feature","id":"66R","geometry":{"type":"Point","coordinates":[-96.5158,29.6411]},"properties":{"station":"66R","name":"Columbus","state":"TX","country":"US","elevation":74.3404}},{"type":"Feature","id":"68S","geometry":{"type":"Point","coordinates":[-118.1689,47.6536]},"properties":{"station":"68S","name":"Davenport","state":"WA","country":"US","elevation":739}},{"type":"Feature","id":"6A1","geometry":{"type":"Point","coordinates":[-84.2507,32.5674]},"properties":{"station":"6A1","name":"Butler","state":"GA","country":"US","elevation":203}},{"type":"Feature","id":"6A2","geometry":{"type":"Point","coordinates":[-84.2749,33.227]},"properties":{"station":"6A2","name":"Spalding","state":"GA","country":"US","elevation":292}},{"type":"Feature","id":"6B0","geometry":{"type":"Point","coordinates":[-73.0955,43.9855]},"properties":{"station":"6B0","name":"Middlebury","state":"VT","country":"US","elevation":148.70598}},{"type":"Feature","id":"6B9","geometry":{"type":"Point","coordinates":[-76.4408,42.914]},"properties":{"station":"6B9","name":"Skaneateles","state":"NY","country":"US","elevation":304.32452}},{"type":"Feature","id":"6E5","geometry":{"type":"Point","coordinates":[-97.5582,44.433]},"properties":{"station":"6E5","name":"Desmet","state":"SD","country":"US","elevation":526}},{"type":"Feature","id":"6I2","geometry":{"type":"Point","coordinates":[-85.2418,37.6352]},"properties":{"station":"6I2","name":"Lebanon - Springfield","state":"KY","country":"US","elevation":256.4838}},{"type":"Feature","id":"6L4","geometry":{"type":"Point","coordinates":[-81.9159,37.8557]},"properties":{"station":"6L4","name":"Logan","state":"WV","country":"US","elevation":502.91086}},{"type":"Feature","id":"6P9","geometry":{"type":"Point","coordinates":[-98.5948,32.4317]},"properties":{"station":"6P9","name":"Ranger","state":"TX","country":"US","elevation":455.30667}},{"type":"Feature","id":"6R3","geometry":{"type":"Point","coordinates":[-95.008,30.3564]},"properties":{"station":"6R3","name":"Cleveland","state":"TX","country":"US","elevation":45.7}},{"type":"Feature","id":"6R6","geometry":{"type":"Point","coordinates":[-102.2129,30.046]},"properties":{"station":"6R6","name":"DRYDEN","state":"TX","country":"US","elevation":702}},{"type":"Feature","id":"6S0","geometry":{"type":"Point","coordinates":[-109.9736,45.8063]},"properties":{"station":"6S0","name":"Big Timber","state":"MT","country":"US","elevation":1363.9315}},{"type":"Feature","id":"6S2","geometry":{"type":"Point","coordinates":[-124.1114,43.9828]},"properties":{"station":"6S2","name":"Florence","state":"OR","country":"US","elevation":15.5}},{"type":"Feature","id":"6S8","geometry":{"type":"Point","coordinates":[-108.7611,45.7031]},"properties":{"station":"6S8","name":"Laurel","state":"MT","country":"US","elevation":1057.7766}},{"type":"Feature","id":"74V","geometry":{"type":"Point","coordinates":[-110.0513,40.2783]},"properties":{"station":"74V","name":"Roosevelt","state":"UT","country":"US","elevation":1568.6509}},{"type":"Feature","id":"77S","geometry":{"type":"Point","coordinates":[-123.0067,43.9308]},"properties":{"station":"77S","name":"Creswell Hobby Field","state":"OR","country":"US","elevation":162.28636}},{"type":"Feature","id":"79J","geometry":{"type":"Point","coordinates":[-86.3902,31.3061]},"properties":{"station":"79J","name":"Andalusia","state":"AL","country":"US","elevation":98}},{"type":"Feature","id":"79S","geometry":{"type":"Point","coordinates":[-110.6365,47.8451]},"properties":{"station":"79S","name":"Fort Benton","state":"MT","country":"US","elevation":874}},{"type":"Feature","id":"7BM","geometry":{"type":"Point","coordinates":[-106.2181,38.7825]},"properties":{"station":"7BM","name":"COTTONWOOD PASS","state":"CO","country":"US","elevation":2995}},{"type":"Feature","id":"7L2","geometry":{"type":"Point","coordinates":[-100.2456,46.2206]},"properties":{"station":"7L2","name":"Linton","state":"ND","country":"US","elevation":541}},{"type":"Feature","id":"7S0","geometry":{"type":"Point","coordinates":[-114.1001,47.5683]},"properties":{"station":"7S0","name":"Ronanairport","state":"MT","country":"US","elevation":938.3832}},{"type":"Feature","id":"7W4","geometry":{"type":"Point","coordinates":[-77.7459,37.9658]},"properties":{"station":"7W4","name":"Bumpass","state":"VA","country":"US","elevation":104.0524}},{"type":"Feature","id":"7W6","geometry":{"type":"Point","coordinates":[-75.9552,35.5624]},"properties":{"station":"7W6","name":"Engelhard","state":"NC","country":"US","elevation":1.2678604}},{"type":"Feature","id":"81R","geometry":{"type":"Point","coordinates":[-98.717,31.2352]},"properties":{"station":"81R","name":"San Saba","state":"TX","country":"US","elevation":378.99094}},{"type":"Feature","id":"82C","geometry":{"type":"Point","coordinates":[-90.1377,43.8387]},"properties":{"station":"82C","name":"Lisbon Union","state":"WI","country":"US","elevation":271.1702}},{"type":"Feature","id":"82V","geometry":{"type":"Point","coordinates":[-104.1302,41.1533]},"properties":{"station":"82V","name":"Pine Bluffs","state":"WY","country":"US","elevation":1563.2053}},{"type":"Feature","id":"8A1","geometry":{"type":"Point","coordinates":[-86.2682,34.3996]},"properties":{"station":"8A1","name":"Guntersville","state":"AL","country":"US","elevation":186}},{"type":"Feature","id":"8A3","geometry":{"type":"Point","coordinates":[-85.3116,36.4121]},"properties":{"station":"8A3","name":"Livingston","state":"TN","country":"US","elevation":409}},{"type":"Feature","id":"8B0","geometry":{"type":"Point","coordinates":[-70.6646,44.9919]},"properties":{"station":"8B0","name":"Rangeley","state":"ME","country":"US","elevation":552.5081}},{"type":"Feature","id":"8D3","geometry":{"type":"Point","coordinates":[-96.9914,45.6689]},"properties":{"station":"8D3","name":"SISSETON","state":"SD","country":"US","elevation":351.80692}},{"type":"Feature","id":"8D4","geometry":{"type":"Point","coordinates":[-85.6791,43.1274]},"properties":{"station":"8D4","name":"Sparta","state":"MI","country":"US","elevation":228}},{"type":"Feature","id":"8T6","geometry":{"type":"Point","coordinates":[-98.1165,28.3628]},"properties":{"station":"8T6","name":"George West / Live Oak","state":"TX","country":"US","elevation":37}},{"type":"Feature","id":"8V7","geometry":{"type":"Point","coordinates":[-102.618,37.4587]},"properties":{"station":"8V7","name":"Springfield","state":"CO","country":"US","elevation":1338}},{"type":"Feature","id":"8W2","geometry":{"type":"Point","coordinates":[-78.7081,38.6557]},"properties":{"station":"8W2","name":"New Market","state":"VA","country":"US","elevation":289.73508}},{"type":"Feature","id":"96D","geometry":{"type":"Point","coordinates":[-97.9028,48.9406]},"properties":{"station":"96D","name":"Walhalla","state":"ND","country":"US","elevation":287}},{"type":"Feature","id":"98D","geometry":{"type":"Point","coordinates":[-100.1039,44.7014]},"properties":{"station":"98D","name":"Onida","state":"SD","country":"US","elevation":570}},{"type":"Feature","id":"9A4","geometry":{"type":"Point","coordinates":[-87.3488,34.6594]},"properties":{"station":"9A4","name":"Courtland","state":"AL","country":"US","elevation":179}},{"type":"Feature","id":"9A5","geometry":{"type":"Point","coordinates":[-85.2903,34.6885]},"properties":{"station":"9A5","name":"LaFayette","state":"GA","country":"US","elevation":236.01266}},{"type":"Feature","id":"9D7","geometry":{"type":"Point","coordinates":[-99.2364,48.48]},"properties":{"station":"9D7","name":"Cando","state":"ND","country":"US","elevation":451}},{"type":"Feature","id":"9K7","geometry":{"type":"Point","coordinates":[-98.2291,38.751]},"properties":{"station":"9K7","name":"Ellsworth","state":"KS","country":"US","elevation":489}},{"type":"Feature","id":"9L2","geometry":{"type":"Point","coordinates":[-117.8631,34.9908]},"properties":{"station":"9L2","name":"EDWARDS N-AUX","state":"CA","country":"US","elevation":701}},{"type":"Feature","id":"9MN","geometry":{"type":"Point","coordinates":[-92.4831,44.0198]},"properties":{"station":"9MN","name":"Rochester / St Mary","state":"MN","country":"US","elevation":355}},{"type":"Feature","id":"9S2","geometry":{"type":"Point","coordinates":[-105.4361,48.8078]},"properties":{"station":"9S2","name":"Scobey","state":"MT","country":"US","elevation":733.7632}},{"type":"Feature","id":"9S9","geometry":{"type":"Point","coordinates":[-119.6903,45.4541]},"properties":{"station":"9S9","name":"Lexington","state":"OR","country":"US","elevation":487.4669}},{"type":"Feature","id":"9V9","geometry":{"type":"Point","coordinates":[-99.3183,43.7667]},"properties":{"station":"9V9","name":"CHAMBERLAIN","state":"SD","country":"US","elevation":509.75662}},{"type":"Feature","id":"9Y1","geometry":{"type":"Point","coordinates":[-102.7707,47.3928]},"properties":{"station":"9Y1","name":"Killdeer","state":"ND","country":"US","elevation":687}},{"type":"Feature","id":"A39","geometry":{"type":"Point","coordinates":[-111.9185,32.9908]},"properties":{"station":"A39","name":"Maricopa - Ak-chin","state":"AZ","country":"US","elevation":391.13742}},{"type":"Feature","id":"AAA","geometry":{"type":"Point","coordinates":[-89.335,40.1587]},"properties":{"station":"AAA","name":"Lincoln","state":"IL","country":"US","elevation":182}},{"type":"Feature","id":"AAF","geometry":{"type":"Point","coordinates":[-85.0274,29.7276]},"properties":{"station":"AAF","name":"APALACHICOLA MUNI (ASOS)","state":"FL","country":"US","elevation":6}},{"type":"Feature","id":"AAO","geometry":{"type":"Point","coordinates":[-97.22,37.75]},"properties":{"station":"AAO","name":"WICHITA (AAO)","state":"KS","country":"US","elevation":433}},{"type":"Feature","id":"AAS","geometry":{"type":"Point","coordinates":[-85.3151,37.3569]},"properties":{"station":"AAS","name":"Taylor County","state":"KY","country":"US","elevation":269.40887}},{"type":"Feature","id":"AAT","geometry":{"type":"Point","coordinates":[-120.5644,41.4914]},"properties":{"station":"AAT","name":"ALTURAS (WAS O00)","state":"CA","country":"US","elevation":1333}},{"type":"Feature","id":"ABE","geometry":{"type":"Point","coordinates":[-75.4492,40.6508]},"properties":{"station":"ABE","name":"ALLENTOWN-BETHLEHEM","state":"PA","country":"US","elevation":117}},{"type":"Feature","id":"ABI","geometry":{"type":"Point","coordinates":[-99.6821,32.4106]},"properties":{"station":"ABI","name":"Abilene","state":"TX","country":"US","elevation":544.9975}},{"type":"Feature","id":"ABQ","geometry":{"type":"Point","coordinates":[-106.6155,35.0419]},"properties":{"station":"ABQ","name":"ALBUQUERQUE INTL","state":"NM","country":"US","elevation":1620}},{"type":"Feature","id":"ABR","geometry":{"type":"Point","coordinates":[-98.42,45.45]},"properties":{"station":"ABR","name":"ABERDEEN","state":"SD","country":"US","elevation":394.99753}},{"type":"Feature","id":"ABY","geometry":{"type":"Point","coordinates":[-84.1945,31.5355]},"properties":{"station":"ABY","name":"ALBANY MUNICIPAL","state":"GA","country":"US","elevation":59}},{"type":"Feature","id":"ACB","geometry":{"type":"Point","coordinates":[-85.1984,44.9886]},"properties":{"station":"ACB","name":"BELLAIRE","state":"MI","country":"US","elevation":190}},{"type":"Feature","id":"ACJ","geometry":{"type":"Point","coordinates":[-84.1889,32.1108]},"properties":{"station":"ACJ","name":"Americus","state":"GA","country":"US","elevation":143}},{"type":"Feature","id":"ACK","geometry":{"type":"Point","coordinates":[-70.0603,41.2531]},"properties":{"station":"ACK","name":"NANTUCKET MEMORIAL","state":"MA","country":"US","elevation":15}},{"type":"Feature","id":"ACP","geometry":{"type":"Point","coordinates":[-92.69,30.75]},"properties":{"station":"ACP","name":"OAKDALE/ALLEN PARISH ARPT","state":"LA","country":"US","elevation":33}},{"type":"Feature","id":"ACQ","geometry":{"type":"Point","coordinates":[-93.5529,44.0735]},"properties":{"station":"ACQ","name":"WASECA (AWOS)","state":"MN","country":"US","elevation":343}},{"type":"Feature","id":"ACT","geometry":{"type":"Point","coordinates":[-97.2283,31.618]},"properties":{"station":"ACT","name":"Waco","state":"TX","country":"US","elevation":155}},{"type":"Feature","id":"ACV","geometry":{"type":"Point","coordinates":[-124.1086,40.9781]},"properties":{"station":"ACV","name":"ARCATA/EUREKA ARPT","state":"CA","country":"US","elevation":66}},{"type":"Feature","id":"ACY","geometry":{"type":"Point","coordinates":[-74.5772,39.4576]},"properties":{"station":"ACY","name":"ATLANTIC CITY INTL","state":"NJ","country":"US","elevation":20}},{"type":"Feature","id":"ACZ","geometry":{"type":"Point","coordinates":[-78.0036,34.7179]},"properties":{"station":"ACZ","name":"Wallace","state":"NC","country":"US","elevation":10}},{"type":"Feature","id":"ADC","geometry":{"type":"Point","coordinates":[-95.2109,46.4503]},"properties":{"station":"ADC","name":"WADENA MUNI","state":"MN","country":"US","elevation":418}},{"type":"Feature","id":"ADF","geometry":{"type":"Point","coordinates":[-93.0661,34.0998]},"properties":{"station":"ADF","name":"Arkadelphia","state":"AR","country":"US","elevation":57.59382}},{"type":"Feature","id":"ADG","geometry":{"type":"Point","coordinates":[-84.0773,41.8677]},"properties":{"station":"ADG","name":"ADRIAN","state":"MI","country":"US","elevation":241}},{"type":"Feature","id":"ADH","geometry":{"type":"Point","coordinates":[-96.6712,34.8043]},"properties":{"station":"ADH","name":"ADA_MUNICIPAL_AIRPORT","state":"OK","country":"US","elevation":310}},{"type":"Feature","id":"ADM","geometry":{"type":"Point","coordinates":[-97.0195,34.3032]},"properties":{"station":"ADM","name":"ARDMORE MUNICIPAL","state":"OK","country":"US","elevation":232}},{"type":"Feature","id":"ADS","geometry":{"type":"Point","coordinates":[-96.8364,32.9686]},"properties":{"station":"ADS","name":"DALLAS/ADDISON ARPT","state":"TX","country":"US","elevation":196}},{"type":"Feature","id":"ADT","geometry":{"type":"Point","coordinates":[-101.042,39.8401]},"properties":{"station":"ADT","name":"Atwood","state":"KS","country":"US","elevation":904.0397}},{"type":"Feature","id":"ADU","geometry":{"type":"Point","coordinates":[-94.9204,41.6994]},"properties":{"station":"ADU","name":"AUDUBON","state":"IA","country":"US","elevation":399.3}},{"type":"Feature","id":"ADW","geometry":{"type":"Point","coordinates":[-76.867,38.8108]},"properties":{"station":"ADW","name":"ANDREWS AFB","state":"MD","country":"US","elevation":86}},{"type":"Feature","id":"AEG","geometry":{"type":"Point","coordinates":[-106.7952,35.1452]},"properties":{"station":"AEG","name":"ALBUQUERQUE/DOUBLE EAGLE II APT","state":"NM","country":"US","elevation":1779}},{"type":"Feature","id":"AEJ","geometry":{"type":"Point","coordinates":[-106.1207,38.8142]},"properties":{"station":"AEJ","name":"BUENA VISTA","state":"CO","country":"US","elevation":2422}},{"type":"Feature","id":"AEL","geometry":{"type":"Point","coordinates":[-93.3672,43.6815]},"properties":{"station":"AEL","name":"ALBERT LEA","state":"MN","country":"US","elevation":383}},{"type":"Feature","id":"AEX","geometry":{"type":"Point","coordinates":[-92.5586,31.3347]},"properties":{"station":"AEX","name":"ALEXANDRIA INTL/ENGLAND AFB","state":"LA","country":"US","elevation":27}},{"type":"Feature","id":"AFF","geometry":{"type":"Point","coordinates":[-104.8128,38.9697]},"properties":{"station":"AFF","name":"AIR FORCE ACADEMY","state":"CO","country":"US","elevation":2003}},{"type":"Feature","id":"AFJ","geometry":{"type":"Point","coordinates":[-80.285,40.1363]},"properties":{"station":"AFJ","name":"Washington County","state":"PA","country":"US","elevation":357}},{"type":"Feature","id":"AFK","geometry":{"type":"Point","coordinates":[-95.8657,40.6069]},"properties":{"station":"AFK","name":"NEBRASKA CITY","state":"NE","country":"US","elevation":351.55832}},{"type":"Feature","id":"AFN","geometry":{"type":"Point","coordinates":[-72.003,42.8051]},"properties":{"station":"AFN","name":"JAFFREY MUNICIPAL","state":"NH","country":"US","elevation":317}},{"type":"Feature","id":"AFO","geometry":{"type":"Point","coordinates":[-110.9422,42.7112]},"properties":{"station":"AFO","name":"Afton","state":"WY","country":"US","elevation":1882.1039}},{"type":"Feature","id":"AFP","geometry":{"type":"Point","coordinates":[-80.0771,35.0206]},"properties":{"station":"AFP","name":"Wadesboro","state":"NC","country":"US","elevation":91.4}},{"type":"Feature","id":"AFW","geometry":{"type":"Point","coordinates":[-97.3179,32.9716]},"properties":{"station":"AFW","name":"Fort Worth - Alliance","state":"TX","country":"US","elevation":204.81914}},{"type":"Feature","id":"AGC","geometry":{"type":"Point","coordinates":[-79.9217,40.3547]},"properties":{"station":"AGC","name":"PITTSBURGH/ALLEGHEN","state":"PA","country":"US","elevation":382}},{"type":"Feature","id":"AGI","geometry":{"type":"Point","coordinates":[-92.44,27.546]},"properties":{"station":"AGI","name":"Garden Banks","state":"LA","country":"US","elevation":41}},{"type":"Feature","id":"AGO","geometry":{"type":"Point","coordinates":[-93.217,33.228]},"properties":{"station":"AGO","name":"Magnolia","state":"AR","country":"US","elevation":95}},{"type":"Feature","id":"AGR","geometry":{"type":"Point","coordinates":[-81.3415,27.6478]},"properties":{"station":"AGR","name":"MacGill AFB","state":"FL","country":"US","elevation":20}},{"type":"Feature","id":"AGS","geometry":{"type":"Point","coordinates":[-81.9645,33.3699]},"properties":{"station":"AGS","name":"AUGUSTA/BUSH FIELD","state":"GA","country":"US","elevation":45}},{"type":"Feature","id":"AGZ","geometry":{"type":"Point","coordinates":[-98.2963,43.0641]},"properties":{"station":"AGZ","name":"Wagner","state":"SD","country":"US","elevation":447}},{"type":"Feature","id":"AHN","geometry":{"type":"Point","coordinates":[-83.3264,33.9486]},"properties":{"station":"AHN","name":"ATHENS MUNICIPAL","state":"GA","country":"US","elevation":247}},{"type":"Feature","id":"AHQ","geometry":{"type":"Point","coordinates":[-96.5946,41.2406]},"properties":{"station":"AHQ","name":"Wahoo","state":"NE","country":"US","elevation":370.21875}},{"type":"Feature","id":"AIA","geometry":{"type":"Point","coordinates":[-102.8,42.0572]},"properties":{"station":"AIA","name":"ALLIANCE","state":"NE","country":"US","elevation":1195.584}},{"type":"Feature","id":"AIB","geometry":{"type":"Point","coordinates":[-108.5633,38.2388]},"properties":{"station":"AIB","name":"Nucla","state":"CO","country":"US","elevation":1810.1539}},{"type":"Feature","id":"AID","geometry":{"type":"Point","coordinates":[-85.613,40.1086]},"properties":{"station":"AID","name":"ANDERSON MUNICIP","state":"IN","country":"US","elevation":280}},{"type":"Feature","id":"AIG","geometry":{"type":"Point","coordinates":[-89.1107,45.1542]},"properties":{"station":"AIG","name":"ANTIGO","state":"WI","country":"US","elevation":463}},{"type":"Feature","id":"AIK","geometry":{"type":"Point","coordinates":[-81.685,33.6494]},"properties":{"station":"AIK","name":"Aiken","state":"SC","country":"US","elevation":160.9}},{"type":"Feature","id":"AIO","geometry":{"type":"Point","coordinates":[-95.0465,41.4059]},"properties":{"station":"AIO","name":"ATLANTIC","state":"IA","country":"US","elevation":351.7}},{"type":"Feature","id":"AIT","geometry":{"type":"Point","coordinates":[-93.6768,46.5484]},"properties":{"station":"AIT","name":"AITKIN NDB","state":"MN","country":"US","elevation":367}},{"type":"Feature","id":"AIZ","geometry":{"type":"Point","coordinates":[-92.5495,38.096]},"properties":{"station":"AIZ","name":"KAISER MEM","state":"MO","country":"US","elevation":265}},{"type":"Feature","id":"AJG","geometry":{"type":"Point","coordinates":[-87.7267,38.6065]},"properties":{"station":"AJG","name":"Mount Carmel","state":"IL","country":"US","elevation":131}},{"type":"Feature","id":"AJO","geometry":{"type":"Point","coordinates":[-117.6024,33.8977]},"properties":{"station":"AJO","name":"Corona","state":"CA","country":"US","elevation":162.5}},{"type":"Feature","id":"AJR","geometry":{"type":"Point","coordinates":[-83.5567,34.4998]},"properties":{"station":"AJR","name":"Cornelia","state":"GA","country":"US","elevation":434.79443}},{"type":"Feature","id":"AJZ","geometry":{"type":"Point","coordinates":[-108.0636,38.7864]},"properties":{"station":"AJZ","name":"Delta","state":"CO","country":"US","elevation":1572.5869}},{"type":"Feature","id":"AKH","geometry":{"type":"Point","coordinates":[-81.1558,35.1967]},"properties":{"station":"AKH","name":"GASTONIA_MCPL_(ASOS)","state":"NC","country":"US","elevation":244}},{"type":"Feature","id":"AKO","geometry":{"type":"Point","coordinates":[-103.222,40.1756]},"properties":{"station":"AKO","name":"AKRON/WASHINGTON CO","state":"CO","country":"US","elevation":1431}},{"type":"Feature","id":"AKQ","geometry":{"type":"Point","coordinates":[-77.0072,36.9839]},"properties":{"station":"AKQ","name":"WAKEFIELD (NEXRAD)","state":"VA","country":"US","elevation":64}},{"type":"Feature","id":"AKR","geometry":{"type":"Point","coordinates":[-81.4669,41.0375]},"properties":{"station":"AKR","name":"Akron","state":"OH","country":"US","elevation":325}},{"type":"Feature","id":"ALB","geometry":{"type":"Point","coordinates":[-73.8036,42.7576]},"properties":{"station":"ALB","name":"ALBANY COUNTY ARPT","state":"NY","country":"US","elevation":89}},{"type":"Feature","id":"ALI","geometry":{"type":"Point","coordinates":[-98.0269,27.7409]},"properties":{"station":"ALI","name":"ALICE INTL AIRPORT","state":"TX","country":"US","elevation":54}},{"type":"Feature","id":"ALK","geometry":{"type":"Point","coordinates":[-110.4281,31.6072]},"properties":{"station":"ALK","name":"Pioneer Airfield","state":"AZ","country":"US","elevation":1453}},{"type":"Feature","id":"ALM","geometry":{"type":"Point","coordinates":[-105.9906,32.8399]},"properties":{"station":"ALM","name":"ALAMOGORDO-WHITE","state":"NM","country":"US","elevation":1279}},{"type":"Feature","id":"ALN","geometry":{"type":"Point","coordinates":[-90.046,38.8899]},"properties":{"station":"ALN","name":"ALTON/ST LOUIS R","state":"IL","country":"US","elevation":166}},{"type":"Feature","id":"ALO","geometry":{"type":"Point","coordinates":[-92.4013,42.5544]},"properties":{"station":"ALO","name":"Waterloo","state":"IA","country":"US","elevation":268}},{"type":"Feature","id":"ALS","geometry":{"type":"Point","coordinates":[-105.8614,37.4389]},"properties":{"station":"ALS","name":"ALAMOSA MUNI(AWOS)","state":"CO","country":"US","elevation":2299}},{"type":"Feature","id":"ALW","geometry":{"type":"Point","coordinates":[-118.289,46.0948]},"properties":{"station":"ALW","name":"WALLA WALLA RGN","state":"WA","country":"US","elevation":367}},{"type":"Feature","id":"ALX","geometry":{"type":"Point","coordinates":[-85.9613,32.9143]},"properties":{"station":"ALX","name":"Alexander City","state":"AL","country":"US","elevation":193}},{"type":"Feature","id":"AMA","geometry":{"type":"Point","coordinates":[-101.7059,35.2194]},"properties":{"station":"AMA","name":"Amarillo - Rick Husband Intl","state":"TX","country":"US","elevation":1099}},{"type":"Feature","id":"AMG","geometry":{"type":"Point","coordinates":[-82.5066,31.5361]},"properties":{"station":"AMG","name":"ALMA/BACON CO.","state":"GA","country":"US","elevation":61}},{"type":"Feature","id":"AMN","geometry":{"type":"Point","coordinates":[-84.6879,43.3221]},"properties":{"station":"AMN","name":"Alma","state":"MI","country":"US","elevation":229.8}},{"type":"Feature","id":"AMW","geometry":{"type":"Point","coordinates":[-93.6185,41.9904]},"properties":{"station":"AMW","name":"Ames","state":"IA","country":"US","elevation":280}},{"type":"Feature","id":"ANB","geometry":{"type":"Point","coordinates":[-85.8479,33.5904]},"properties":{"station":"ANB","name":"Anniston","state":"AL","country":"US","elevation":182}},{"type":"Feature","id":"AND","geometry":{"type":"Point","coordinates":[-82.7094,34.4946]},"properties":{"station":"AND","name":"ANDERSON CO AIRPORT","state":"SC","country":"US","elevation":238}},{"type":"Feature","id":"ANE","geometry":{"type":"Point","coordinates":[-93.2102,45.1449]},"properties":{"station":"ANE","name":"MINNEAPLS/BLAINE","state":"MN","country":"US","elevation":278}},{"type":"Feature","id":"ANJ","geometry":{"type":"Point","coordinates":[-84.3684,46.4792]},"properties":{"station":"ANJ","name":"SAULT STE MARIE","state":"MI","country":"US","elevation":218}},{"type":"Feature","id":"ANK","geometry":{"type":"Point","coordinates":[-106.0486,38.5383]},"properties":{"station":"ANK","name":"Salida","state":"CO","country":"US","elevation":2293}},{"type":"Feature","id":"ANQ","geometry":{"type":"Point","coordinates":[-85.0835,41.6397]},"properties":{"station":"ANQ","name":"Angola","state":"IN","country":"US","elevation":293.44824}},{"type":"Feature","id":"ANR","geometry":{"type":"Point","coordinates":[-91.19,27.2264]},"properties":{"station":"ANR","name":"Green Canyon","state":"LA","country":"US","elevation":0}},{"type":"Feature","id":"ANW","geometry":{"type":"Point","coordinates":[-99.993,42.5792]},"properties":{"station":"ANW","name":"AINSWORTH MUNICI","state":"NE","country":"US","elevation":787.1129}},{"type":"Feature","id":"ANY","geometry":{"type":"Point","coordinates":[-98.0795,37.1598]},"properties":{"station":"ANY","name":"Anthony","state":"KS","country":"US","elevation":406}},{"type":"Feature","id":"ANYN","geometry":{"type":"Point","coordinates":[166.9191,-0.5475]},"properties":{"station":"ANYN","name":"Nauru","state":"AU","country":"AU","elevation":7}},{"type":"Feature","id":"AOH","geometry":{"type":"Point","coordinates":[-84.0267,40.7069]},"properties":{"station":"AOH","name":"LIMA","state":"OH","country":"US","elevation":296}},{"type":"Feature","id":"AOO","geometry":{"type":"Point","coordinates":[-78.32,40.2964]},"properties":{"station":"AOO","name":"ALTOONA/BLAIR CO.","state":"PA","country":"US","elevation":458}},{"type":"Feature","id":"APA","geometry":{"type":"Point","coordinates":[-104.85,39.57]},"properties":{"station":"APA","name":"DENVER/CENTENNIAL","state":"CO","country":"US","elevation":1793}},{"type":"Feature","id":"APC","geometry":{"type":"Point","coordinates":[-122.2804,38.2075]},"properties":{"station":"APC","name":"Napa County","state":"CA","country":"US","elevation":7.9653864}},{"type":"Feature","id":"APF","geometry":{"type":"Point","coordinates":[-81.7753,26.1525]},"properties":{"station":"APF","name":"NAPLES MUNICIPAL","state":"FL","country":"US","elevation":3}},{"type":"Feature","id":"APG","geometry":{"type":"Point","coordinates":[-76.1688,39.4662]},"properties":{"station":"APG","name":"PHILLIPS AAF/ABERDN","state":"MD","country":"US","elevation":18}},{"type":"Feature","id":"APN","geometry":{"type":"Point","coordinates":[-83.5644,45.0717]},"properties":{"station":"APN","name":"ALPENA","state":"MI","country":"US","elevation":210}},{"type":"Feature","id":"APS","geometry":{"type":"Point","coordinates":[-90.5842,30.086]},"properties":{"station":"APS","name":"Reserve","state":"LA","country":"US","elevation":4.188735}},{"type":"Feature","id":"APY","geometry":{"type":"Point","coordinates":[-99.2489,26.9688]},"properties":{"station":"APY","name":"Zapata","state":"TX","country":"US","elevation":128.6}},{"type":"Feature","id":"AQO","geometry":{"type":"Point","coordinates":[-98.6619,30.7836]},"properties":{"station":"AQO","name":"LLANO_MUNI_ARPT","state":"TX","country":"US","elevation":336}},{"type":"Feature","id":"AQP","geometry":{"type":"Point","coordinates":[-96.0043,45.2275]},"properties":{"station":"AQP","name":"APPLETON MUNICIP","state":"MN","country":"US","elevation":311}},{"type":"Feature","id":"AQV","geometry":{"type":"Point","coordinates":[-93.1761,31.3569]},"properties":{"station":"AQV","name":"Peason Ridge - Ft Polk","state":"LA","country":"US","elevation":114.04607}},{"type":"Feature","id":"AQW","geometry":{"type":"Point","coordinates":[-73.1702,42.6962]},"properties":{"station":"AQW","name":"NORTH ADAMS","state":"MA","country":"US","elevation":476}},{"type":"Feature","id":"AQX","geometry":{"type":"Point","coordinates":[-81.2703,32.9951]},"properties":{"station":"AQX","name":"Allendale","state":"SC","country":"US","elevation":48.706158}},{"type":"Feature","id":"ARA","geometry":{"type":"Point","coordinates":[-91.8845,30.0292]},"properties":{"station":"ARA","name":"New Iberia - Acadiana","state":"LA","country":"US","elevation":7.357297}},{"type":"Feature","id":"ARB","geometry":{"type":"Point","coordinates":[-83.7397,42.224]},"properties":{"station":"ARB","name":"ANN ARBOR","state":"MI","country":"US","elevation":251}},{"type":"Feature","id":"ARG","geometry":{"type":"Point","coordinates":[-90.9251,36.1247]},"properties":{"station":"ARG","name":"WALNUT RIDGE (AWOS)","state":"AR","country":"US","elevation":83}},{"type":"Feature","id":"ARM","geometry":{"type":"Point","coordinates":[-96.1544,29.2543]},"properties":{"station":"ARM","name":"WHARTON REGIONAL ARPT","state":"TX","country":"US","elevation":30}},{"type":"Feature","id":"ARR","geometry":{"type":"Point","coordinates":[-88.48,41.77]},"properties":{"station":"ARR","name":"CHICAGO/AURORA","state":"IL","country":"US","elevation":215}},{"type":"Feature","id":"ART","geometry":{"type":"Point","coordinates":[-76.0262,43.9888]},"properties":{"station":"ART","name":"WATERTOWN INTL ARPT","state":"NY","country":"US","elevation":99}},{"type":"Feature","id":"ARV","geometry":{"type":"Point","coordinates":[-89.7309,45.9279]},"properties":{"station":"ARV","name":"MINOCQUA/WOODRUF","state":"WI","country":"US","elevation":495}},{"type":"Feature","id":"ASD","geometry":{"type":"Point","coordinates":[-89.8222,30.3433]},"properties":{"station":"ASD","name":"SLIDELL","state":"LA","country":"US","elevation":8}},{"type":"Feature","id":"ASE","geometry":{"type":"Point","coordinates":[-106.8689,39.2232]},"properties":{"station":"ASE","name":"ASPEN/SARDY FIELD","state":"CO","country":"US","elevation":2382}},{"type":"Feature","id":"ASG","geometry":{"type":"Point","coordinates":[-94.1193,36.1764]},"properties":{"station":"ASG","name":"SPRINGDALE MUNI","state":"AR","country":"US","elevation":412}},{"type":"Feature","id":"ASH","geometry":{"type":"Point","coordinates":[-71.5148,42.7818]},"properties":{"station":"ASH","name":"NASHUA/BOIRE FIELD","state":"NH","country":"US","elevation":61}},{"type":"Feature","id":"ASJ","geometry":{"type":"Point","coordinates":[-77.17,36.3]},"properties":{"station":"ASJ","name":"AHOSKIE_TRI_COU","state":"NC","country":"US","elevation":21}},{"type":"Feature","id":"ASL","geometry":{"type":"Point","coordinates":[-94.3078,32.5205]},"properties":{"station":"ASL","name":"Marshall","state":"TX","country":"US","elevation":108.8}},{"type":"Feature","id":"ASN","geometry":{"type":"Point","coordinates":[-86.0512,33.5695]},"properties":{"station":"ASN","name":"Talladega","state":"AL","country":"US","elevation":155.31592}},{"type":"Feature","id":"AST","geometry":{"type":"Point","coordinates":[-123.8825,46.1569]},"properties":{"station":"AST","name":"ASTORIA/CLATSOP","state":"OR","country":"US","elevation":7}},{"type":"Feature","id":"ASW","geometry":{"type":"Point","coordinates":[-85.8401,41.2747]},"properties":{"station":"ASW","name":"WARSAW MUNI","state":"IN","country":"US","elevation":259}},{"type":"Feature","id":"ASX","geometry":{"type":"Point","coordinates":[-90.9189,46.5487]},"properties":{"station":"ASX","name":"Ashland","state":"WI","country":"US","elevation":249.22482}},{"type":"Feature","id":"ATA","geometry":{"type":"Point","coordinates":[-94.1953,33.1018]},"properties":{"station":"ATA","name":"Atlanta","state":"TX","country":"US","elevation":81}},{"type":"Feature","id":"ATL","geometry":{"type":"Point","coordinates":[-84.4418,33.6301]},"properties":{"station":"ATL","name":"ATLANTA INTL ARPT","state":"GA","country":"US","elevation":315}},{"type":"Feature","id":"ATP","geometry":{"type":"Point","coordinates":[-90.0269,27.1956]},"properties":{"station":"ATP","name":"Atlantis","state":"LA","country":"US","elevation":0}},{"type":"Feature","id":"ATS","geometry":{"type":"Point","coordinates":[-104.4677,32.8525]},"properties":{"station":"ATS","name":"ARTESIA","state":"NM","country":"US","elevation":1081}},{"type":"Feature","id":"ATT","geometry":{"type":"Point","coordinates":[-97.7604,30.3208]},"properties":{"station":"ATT","name":"Austin - City/Camp Mabry","state":"TX","country":"US","elevation":203}},{"type":"Feature","id":"ATW","geometry":{"type":"Point","coordinates":[-88.5191,44.2581]},"properties":{"station":"ATW","name":"APPLETON/OUTAGAM","state":"WI","country":"US","elevation":268}},{"type":"Feature","id":"ATY","geometry":{"type":"Point","coordinates":[-97.1547,44.914]},"properties":{"station":"ATY","name":"WATERTOWN","state":"SD","country":"US","elevation":525.8819}},{"type":"Feature","id":"AUG","geometry":{"type":"Point","coordinates":[-69.8,44.32]},"properties":{"station":"AUG","name":"AUGUSTA STATE ARPT","state":"ME","country":"US","elevation":107}},{"type":"Feature","id":"AUH","geometry":{"type":"Point","coordinates":[-97.9946,40.8941]},"properties":{"station":"AUH","name":"AURORA","state":"NE","country":"US","elevation":546.414}},{"type":"Feature","id":"AUM","geometry":{"type":"Point","coordinates":[-92.9333,43.6647]},"properties":{"station":"AUM","name":"AUSTIN MUNI","state":"MN","country":"US","elevation":375}},{"type":"Feature","id":"AUN","geometry":{"type":"Point","coordinates":[-121.0817,38.9548]},"properties":{"station":"AUN","name":"AURBURN MUNICIPAL AIRPORT","state":"CA","country":"US","elevation":467}},{"type":"Feature","id":"AUO","geometry":{"type":"Point","coordinates":[-85.434,32.6151]},"properties":{"station":"AUO","name":"AUBURN-OPELIKA APT","state":"AL","country":"US","elevation":236}},{"type":"Feature","id":"AUS","geometry":{"type":"Point","coordinates":[-97.6799,30.183]},"properties":{"station":"AUS","name":"Austin Bergstrom Intl","state":"TX","country":"US","elevation":146}},{"type":"Feature","id":"AUW","geometry":{"type":"Point","coordinates":[-89.6266,44.9262]},"properties":{"station":"AUW","name":"WAUSAU","state":"WI","country":"US","elevation":365}},{"type":"Feature","id":"AVC","geometry":{"type":"Point","coordinates":[-78.0545,36.6883]},"properties":{"station":"AVC","name":"SOUTH HILL/MECKLENBURG-BRUNSWICK","state":"VA","country":"US","elevation":135}},{"type":"Feature","id":"AVK","geometry":{"type":"Point","coordinates":[-98.67,36.7732]},"properties":{"station":"AVK","name":"ALVA RGNL AIRPORT","state":"OK","country":"US","elevation":449}},{"type":"Feature","id":"AVL","geometry":{"type":"Point","coordinates":[-82.5375,35.4319]},"properties":{"station":"AVL","name":"ASHEVILLE_MUNICIPAL_(ASOS)","state":"NC","country":"US","elevation":661}},{"type":"Feature","id":"AVP","geometry":{"type":"Point","coordinates":[-75.7227,41.3335]},"properties":{"station":"AVP","name":"Wilkes-Barre/Scranton","state":"PA","country":"US","elevation":290}},{"type":"Feature","id":"AVQ","geometry":{"type":"Point","coordinates":[-111.2184,32.4096]},"properties":{"station":"AVQ","name":"Tucson - Marana","state":"AZ","country":"US","elevation":615.81744}},{"type":"Feature","id":"AVX","geometry":{"type":"Point","coordinates":[-118.4158,33.405]},"properties":{"station":"AVX","name":"AVALON/CATALINA","state":"CA","country":"US","elevation":488}},{"type":"Feature","id":"AWG","geometry":{"type":"Point","coordinates":[-91.6748,41.2751]},"properties":{"station":"AWG","name":"WASHINGTON","state":"IA","country":"US","elevation":228.9}},{"type":"Feature","id":"AWM","geometry":{"type":"Point","coordinates":[-90.2344,35.1351]},"properties":{"station":"AWM","name":"WEST MEMPHIS MUNI","state":"AR","country":"US","elevation":65}},{"type":"Feature","id":"AWO","geometry":{"type":"Point","coordinates":[-122.159,48.1608]},"properties":{"station":"AWO","name":"ARLINGTON MUNI","state":"WA","country":"US","elevation":42}},{"type":"Feature","id":"AXA","geometry":{"type":"Point","coordinates":[-94.2724,43.0796]},"properties":{"station":"AXA","name":"Algona","state":"IA","country":"US","elevation":368.8}},{"type":"Feature","id":"AXH","geometry":{"type":"Point","coordinates":[-95.4769,29.5061]},"properties":{"station":"AXH","name":"Houston SW","state":"TX","country":"US","elevation":20.7}},{"type":"Feature","id":"AXN","geometry":{"type":"Point","coordinates":[-95.3947,45.8663]},"properties":{"station":"AXN","name":"ALEXANDRIA","state":"MN","country":"US","elevation":433}},{"type":"Feature","id":"AXS","geometry":{"type":"Point","coordinates":[-99.3385,34.6988]},"properties":{"station":"AXS","name":"Altus","state":"OK","country":"US","elevation":436.8}},{"type":"Feature","id":"AXV","geometry":{"type":"Point","coordinates":[-84.2989,40.4934]},"properties":{"station":"AXV","name":"Wapakoneta","state":"OH","country":"US","elevation":274.3009}},{"type":"Feature","id":"AXX","geometry":{"type":"Point","coordinates":[-105.2899,36.422]},"properties":{"station":"AXX","name":"Angel Fire","state":"NM","country":"US","elevation":2554}},{"type":"Feature","id":"AYS","geometry":{"type":"Point","coordinates":[-82.3955,31.2491]},"properties":{"station":"AYS","name":"WAYCROSS/WARE CO.","state":"GA","country":"US","elevation":46}},{"type":"Feature","id":"AZC","geometry":{"type":"Point","coordinates":[-113.0139,36.9599]},"properties":{"station":"AZC","name":"Colorado City","state":"AZ","country":"US","elevation":1480.5558}},{"type":"Feature","id":"AZE","geometry":{"type":"Point","coordinates":[-82.6474,31.8847]},"properties":{"station":"AZE","name":"Hazlehurst","state":"GA","country":"US","elevation":79.09521}},{"type":"Feature","id":"AZO","geometry":{"type":"Point","coordinates":[-85.5519,42.2347]},"properties":{"station":"AZO","name":"KALAMAZOO","state":"MI","country":"US","elevation":272}},{"type":"Feature","id":"BAB","geometry":{"type":"Point","coordinates":[-121.4366,39.1361]},"properties":{"station":"BAB","name":"BEALE AFB/MARYSVILE","state":"CA","country":"US","elevation":34}},{"type":"Feature","id":"BAC","geometry":{"type":"Point","coordinates":[-98.018,46.9412]},"properties":{"station":"BAC","name":"Valley City","state":"ND","country":"US","elevation":427.3}},{"type":"Feature","id":"BAD","geometry":{"type":"Point","coordinates":[-93.6626,32.5019]},"properties":{"station":"BAD","name":"BARKSDALE AFB","state":"LA","country":"US","elevation":51}},{"type":"Feature","id":"BAF","geometry":{"type":"Point","coordinates":[-72.7161,42.1578]},"properties":{"station":"BAF","name":"WESTFIELD/BARNES","state":"MA","country":"US","elevation":83}},{"type":"Feature","id":"BAK","geometry":{"type":"Point","coordinates":[-85.8963,39.2619]},"properties":{"station":"BAK","name":"COLUMBUS/BALKALA","state":"IN","country":"US","elevation":200}},{"type":"Feature","id":"BAM","geometry":{"type":"Point","coordinates":[-116.8743,40.599]},"properties":{"station":"BAM","name":"Battle Mountain","state":"NV","country":"US","elevation":1382.3567}},{"type":"Feature","id":"BAN","geometry":{"type":"Point","coordinates":[-119.52,38.3636]},"properties":{"station":"BAN","name":"Usmc Mtn Warfare Tra","state":"CA","country":"US","elevation":2067}},{"type":"Feature","id":"BAX","geometry":{"type":"Point","coordinates":[-82.9854,43.7802]},"properties":{"station":"BAX","name":"BAD AXE","state":"MI","country":"US","elevation":234}},{"type":"Feature","id":"BAZ","geometry":{"type":"Point","coordinates":[-98.045,29.709]},"properties":{"station":"BAZ","name":"NEW BRAUNFELS MUNI APT (WAS 3R5)","state":"TX","country":"US","elevation":195}},{"type":"Feature","id":"BBB","geometry":{"type":"Point","coordinates":[-95.6506,45.3319]},"properties":{"station":"BBB","name":"BENSON MUNI","state":"MN","country":"US","elevation":317}},{"type":"Feature","id":"BBD","geometry":{"type":"Point","coordinates":[-99.3239,31.1793]},"properties":{"station":"BBD","name":"Brady","state":"TX","country":"US","elevation":557}},{"type":"Feature","id":"BBG","geometry":{"type":"Point","coordinates":[-93.2005,36.5321]},"properties":{"station":"BBG","name":"Branson","state":"MO","country":"US","elevation":397}},{"type":"Feature","id":"BBP","geometry":{"type":"Point","coordinates":[-79.7344,34.6217]},"properties":{"station":"BBP","name":"Bennettsville","state":"SC","country":"US","elevation":44.8}},{"type":"Feature","id":"BBW","geometry":{"type":"Point","coordinates":[-99.6385,41.4365]},"properties":{"station":"BBW","name":"BROKEN BOW MUNI","state":"NE","country":"US","elevation":769.2679}},{"type":"Feature","id":"BCB","geometry":{"type":"Point","coordinates":[-80.4078,37.2076]},"properties":{"station":"BCB","name":"VIRGINIA TECH ARPT","state":"VA","country":"US","elevation":650}},{"type":"Feature","id":"BCE","geometry":{"type":"Point","coordinates":[-112.1456,37.7064]},"properties":{"station":"BCE","name":"BRYCE CANYON","state":"UT","country":"US","elevation":2312}},{"type":"Feature","id":"BCK","geometry":{"type":"Point","coordinates":[-90.8553,44.2507]},"properties":{"station":"BCK","name":"Black River Falls","state":"WI","country":"US","elevation":253}},{"type":"Feature","id":"BCR","geometry":{"type":"Point","coordinates":[-85.6017,30.8438]},"properties":{"station":"BCR","name":"Tri-County","state":"FL","country":"US","elevation":25.649832}},{"type":"Feature","id":"BCT","geometry":{"type":"Point","coordinates":[-80.11,26.38]},"properties":{"station":"BCT","name":"BOCA RATON AIRPORT","state":"FL","country":"US","elevation":4}},{"type":"Feature","id":"BDE","geometry":{"type":"Point","coordinates":[-94.6122,48.7284]},"properties":{"station":"BDE","name":"BAUDETTE","state":"MN","country":"US","elevation":329}},{"type":"Feature","id":"BDG","geometry":{"type":"Point","coordinates":[-109.4831,37.5828]},"properties":{"station":"BDG","name":"Blanding","state":"UT","country":"US","elevation":1774.1791}},{"type":"Feature","id":"BDH","geometry":{"type":"Point","coordinates":[-95.1304,45.1177]},"properties":{"station":"BDH","name":"Willmar","state":"MN","country":"US","elevation":247}},{"type":"Feature","id":"BDL","geometry":{"type":"Point","coordinates":[-72.6825,41.9381]},"properties":{"station":"BDL","name":"HARTFORD/BRADLEY","state":"CT","country":"US","elevation":55}},{"type":"Feature","id":"BDN","geometry":{"type":"Point","coordinates":[-121.2002,44.0946]},"properties":{"station":"BDN","name":"Bend","state":"OR","country":"US","elevation":1054.6}},{"type":"Feature","id":"BDQ","geometry":{"type":"Point","coordinates":[-92.7137,35.1362]},"properties":{"station":"BDQ","name":"Morrilton","state":"AR","country":"US","elevation":98}},{"type":"Feature","id":"BDR","geometry":{"type":"Point","coordinates":[-73.1289,41.1583]},"properties":{"station":"BDR","name":"Bridgeport/Sikorsky","state":"CT","country":"US","elevation":5}},{"type":"Feature","id":"BDU","geometry":{"type":"Point","coordinates":[-105.2258,40.0394]},"properties":{"station":"BDU","name":"Boulder","state":"CO","country":"US","elevation":1612}},{"type":"Feature","id":"BEA","geometry":{"type":"Point","coordinates":[-97.791,28.3619]},"properties":{"station":"BEA","name":"Beeville","state":"TX","country":"US","elevation":81.7}},{"type":"Feature","id":"BEC","geometry":{"type":"Point","coordinates":[-97.215,37.6945]},"properties":{"station":"BEC","name":"Wichita Beech Factory","state":"KS","country":"US","elevation":424.67108}},{"type":"Feature","id":"BED","geometry":{"type":"Point","coordinates":[-71.289,42.4699]},"properties":{"station":"BED","name":"HANSCOM FLD/BEDFORD","state":"MA","country":"US","elevation":41}},{"type":"Feature","id":"BEH","geometry":{"type":"Point","coordinates":[-86.4285,42.1286]},"properties":{"station":"BEH","name":"BENTON HARBOR","state":"MI","country":"US","elevation":191}},{"type":"Feature","id":"BFA","geometry":{"type":"Point","coordinates":[-84.9241,45.1658]},"properties":{"station":"BFA","name":"Boyne Falls","state":"MI","country":"US","elevation":216}},{"type":"Feature","id":"BFD","geometry":{"type":"Point","coordinates":[-78.6401,41.8031]},"properties":{"station":"BFD","name":"BRADFORD REGIONAL","state":"PA","country":"US","elevation":653}},{"type":"Feature","id":"BFF","geometry":{"type":"Point","coordinates":[-103.5956,41.874]},"properties":{"station":"BFF","name":"SCOTTSBLUFF","state":"NE","country":"US","elevation":1203.4902}},{"type":"Feature","id":"BFI","geometry":{"type":"Point","coordinates":[-122.3,47.53]},"properties":{"station":"BFI","name":"SEATTLE/BOEING FLD","state":"WA","country":"US","elevation":5}},{"type":"Feature","id":"BFL","geometry":{"type":"Point","coordinates":[-119.0542,35.4344]},"properties":{"station":"BFL","name":"BAKERSFIELD/MEADOWS","state":"CA","country":"US","elevation":150}},{"type":"Feature","id":"BFM","geometry":{"type":"Point","coordinates":[-88.0681,30.6268]},"properties":{"station":"BFM","name":"MOBILE DOWNTOWN","state":"AL","country":"US","elevation":8}},{"type":"Feature","id":"BFR","geometry":{"type":"Point","coordinates":[-86.4454,38.84]},"properties":{"station":"BFR","name":"Bedford","state":"IN","country":"US","elevation":219}},{"type":"Feature","id":"BFZ","geometry":{"type":"Point","coordinates":[-86.2481,34.2316]},"properties":{"station":"BFZ","name":"Albertville","state":"AL","country":"US","elevation":317}},{"type":"Feature","id":"BGD","geometry":{"type":"Point","coordinates":[-101.3937,35.7009]},"properties":{"station":"BGD","name":"BORGER/HUTCHINSON","state":"TX","country":"US","elevation":931}},{"type":"Feature","id":"BGE","geometry":{"type":"Point","coordinates":[-84.6369,30.9716]},"properties":{"station":"BGE","name":"BAINBRIDGE/DECATUR COUNTY INDUS","state":"GA","country":"US","elevation":43}},{"type":"Feature","id":"BGF","geometry":{"type":"Point","coordinates":[-86.0662,35.1775]},"properties":{"station":"BGF","name":"Winchester","state":"TN","country":"US","elevation":296}},{"type":"Feature","id":"BGM","geometry":{"type":"Point","coordinates":[-75.9797,42.2086]},"properties":{"station":"BGM","name":"BINGHAMTON/BROOME","state":"NY","country":"US","elevation":497}},{"type":"Feature","id":"BGR","geometry":{"type":"Point","coordinates":[-68.8281,44.8074]},"properties":{"station":"BGR","name":"BANGOR INTL ARPT","state":"ME","country":"US","elevation":59}},{"type":"Feature","id":"BHB","geometry":{"type":"Point","coordinates":[-68.3613,44.4496]},"properties":{"station":"BHB","name":"Bar Habor","state":"ME","country":"US","elevation":24}},{"type":"Feature","id":"BHC","geometry":{"type":"Point","coordinates":[-82.3938,31.7138]},"properties":{"station":"BHC","name":"Baxley","state":"GA","country":"US","elevation":64.042046}},{"type":"Feature","id":"BHK","geometry":{"type":"Point","coordinates":[-104.2595,46.3476]},"properties":{"station":"BHK","name":"BAKER","state":"MT","country":"US","elevation":906}},{"type":"Feature","id":"BHM","geometry":{"type":"Point","coordinates":[-86.7449,33.5655]},"properties":{"station":"BHM","name":"BIRMINGHAM MUNI","state":"AL","country":"US","elevation":192}},{"type":"Feature","id":"BID","geometry":{"type":"Point","coordinates":[-71.58,41.17]},"properties":{"station":"BID","name":"BLOCK ISLAND (AWOS)","state":"RI","country":"US","elevation":33}},{"type":"Feature","id":"BIE","geometry":{"type":"Point","coordinates":[-96.7541,40.3013]},"properties":{"station":"BIE","name":"BEATRICE MUNICIP","state":"NE","country":"US","elevation":398.8704}},{"type":"Feature","id":"BIF","geometry":{"type":"Point","coordinates":[-106.38,31.8495]},"properties":{"station":"BIF","name":"Fort Bliss","state":"TX","country":"US","elevation":1203}},{"type":"Feature","id":"BIH","geometry":{"type":"Point","coordinates":[-118.3636,37.3731]},"properties":{"station":"BIH","name":"BISHOP AIRPORT","state":"CA","country":"US","elevation":1263}},{"type":"Feature","id":"BIJ","geometry":{"type":"Point","coordinates":[-84.8948,31.3975]},"properties":{"station":"BIJ","name":"BLAKELY","state":"GA","country":"US","elevation":65}},{"type":"Feature","id":"BIL","geometry":{"type":"Point","coordinates":[-108.5422,45.8069]},"properties":{"station":"BIL","name":"BILLINGS/LOGAN INTL","state":"MT","country":"US","elevation":1088}},{"type":"Feature","id":"BIS","geometry":{"type":"Point","coordinates":[-100.7458,46.7727]},"properties":{"station":"BIS","name":"BISMARCK","state":"ND","country":"US","elevation":506}},{"type":"Feature","id":"BIV","geometry":{"type":"Point","coordinates":[-86.0967,42.7461]},"properties":{"station":"BIV","name":"HOLLAND","state":"MI","country":"US","elevation":208}},{"type":"Feature","id":"BIX","geometry":{"type":"Point","coordinates":[-88.9244,30.4104]},"properties":{"station":"BIX","name":"KEESLER AFB/BILOXI","state":"MS","country":"US","elevation":10}},{"type":"Feature","id":"BJC","geometry":{"type":"Point","coordinates":[-105.1172,39.9088]},"properties":{"station":"BJC","name":"BROOMFIELD/JEFFCO","state":"CO","country":"US","elevation":1724}},{"type":"Feature","id":"BJI","geometry":{"type":"Point","coordinates":[-94.9337,47.5094]},"properties":{"station":"BJI","name":"BEMIDJI","state":"MN","country":"US","elevation":420}},{"type":"Feature","id":"BJJ","geometry":{"type":"Point","coordinates":[-81.8882,40.8748]},"properties":{"station":"BJJ","name":"WOOSTER","state":"OH","country":"US","elevation":343}},{"type":"Feature","id":"BKB","geometry":{"type":"Point","coordinates":[-92.9781,31.0964]},"properties":{"station":"BKB","name":"Fullerton - Fort Polk","state":"LA","country":"US","elevation":103.07338}},{"type":"Feature","id":"BKD","geometry":{"type":"Point","coordinates":[-98.891,32.719]},"properties":{"station":"BKD","name":"Breckenridge","state":"TX","country":"US","elevation":391.4}},{"type":"Feature","id":"BKE","geometry":{"type":"Point","coordinates":[-117.8091,44.8374]},"properties":{"station":"BKE","name":"BAKER MUNICIPAL","state":"OR","country":"US","elevation":1027}},{"type":"Feature","id":"BKF","geometry":{"type":"Point","coordinates":[-104.7517,39.7017]},"properties":{"station":"BKF","name":"BUCKLEY ANGB/DENVER","state":"CO","country":"US","elevation":1726}},{"type":"Feature","id":"BKL","geometry":{"type":"Point","coordinates":[-81.6833,41.5175]},"properties":{"station":"BKL","name":"Cleveland Burke Lakefront","state":"OH","country":"US","elevation":178}},{"type":"Feature","id":"BKN","geometry":{"type":"Point","coordinates":[-97.3496,36.7451]},"properties":{"station":"BKN","name":"Blackwell","state":"OK","country":"US","elevation":313.9}},{"type":"Feature","id":"BKS","geometry":{"type":"Point","coordinates":[-98.1211,27.2067]},"properties":{"station":"BKS","name":"FALFURRIAS/BROOKS COUNTY AIRPORT","state":"TX","country":"US","elevation":34}},{"type":"Feature","id":"BKT","geometry":{"type":"Point","coordinates":[-77.9575,37.0742]},"properties":{"station":"BKT","name":"Blackstone","state":"VA","country":"US","elevation":125.72337}},{"type":"Feature","id":"BKV","geometry":{"type":"Point","coordinates":[-82.4554,28.4736]},"properties":{"station":"BKV","name":"BROOKSVILLE (ASOS)","state":"FL","country":"US","elevation":20}},{"type":"Feature","id":"BKW","geometry":{"type":"Point","coordinates":[-81.1242,37.7873]},"properties":{"station":"BKW","name":"BECKLEY MEMORIAL","state":"WV","country":"US","elevation":766}},{"type":"Feature","id":"BKX","geometry":{"type":"Point","coordinates":[-96.8169,44.3048]},"properties":{"station":"BKX","name":"BROOKINGS","state":"SD","country":"US","elevation":490.28162}},{"type":"Feature","id":"BLF","geometry":{"type":"Point","coordinates":[-81.2077,37.2958]},"properties":{"station":"BLF","name":"BLUEFIELD/MERCER CO","state":"WV","country":"US","elevation":871}},{"type":"Feature","id":"BLH","geometry":{"type":"Point","coordinates":[-114.7169,33.6192]},"properties":{"station":"BLH","name":"BLYTHE AIRPORT","state":"CA","country":"US","elevation":121}},{"type":"Feature","id":"BLI","geometry":{"type":"Point","coordinates":[-122.5375,48.7927]},"properties":{"station":"BLI","name":"BELLINGHAM INTL","state":"WA","country":"US","elevation":48}},{"type":"Feature","id":"BLM","geometry":{"type":"Point","coordinates":[-74.13,40.18]},"properties":{"station":"BLM","name":"BELMAR-FARMDALE","state":"NJ","country":"US","elevation":48}},{"type":"Feature","id":"BLU","geometry":{"type":"Point","coordinates":[-120.7097,39.275]},"properties":{"station":"BLU","name":"Blue Canyon - Nyack","state":"CA","country":"US","elevation":1611}},{"type":"Feature","id":"BLV","geometry":{"type":"Point","coordinates":[-89.8515,38.5454]},"properties":{"station":"BLV","name":"Belleville - Scott AFB","state":"IL","country":"US","elevation":134}},{"type":"Feature","id":"BMC","geometry":{"type":"Point","coordinates":[-112.0622,41.5524]},"properties":{"station":"BMC","name":"Brigham City","state":"UT","country":"US","elevation":1289.9435}},{"type":"Feature","id":"BMG","geometry":{"type":"Point","coordinates":[-86.6167,39.146]},"properties":{"station":"BMG","name":"Bloomington","state":"IN","country":"US","elevation":257}},{"type":"Feature","id":"BMI","geometry":{"type":"Point","coordinates":[-88.9159,40.4771]},"properties":{"station":"BMI","name":"BLOOMINGTON/NORM","state":"IL","country":"US","elevation":267}},{"type":"Feature","id":"BML","geometry":{"type":"Point","coordinates":[-71.1786,44.5761]},"properties":{"station":"BML","name":"BERLIN MUNICIPAL","state":"NH","country":"US","elevation":353}},{"type":"Feature","id":"BMQ","geometry":{"type":"Point","coordinates":[-98.2386,30.7389]},"properties":{"station":"BMQ","name":"BURNET MUNICIPAL/KATE CRADDOCK","state":"TX","country":"US","elevation":389}},{"type":"Feature","id":"BMT","geometry":{"type":"Point","coordinates":[-94.2151,30.0702]},"properties":{"station":"BMT","name":"Beaumont","state":"TX","country":"US","elevation":9.8}},{"type":"Feature","id":"BNA","geometry":{"type":"Point","coordinates":[-86.6892,36.1189]},"properties":{"station":"BNA","name":"NASHVILLE METRO","state":"TN","country":"US","elevation":180}},{"type":"Feature","id":"BNL","geometry":{"type":"Point","coordinates":[-81.3883,33.2578]},"properties":{"station":"BNL","name":"Barnwell","state":"SC","country":"US","elevation":75}},{"type":"Feature","id":"BNO","geometry":{"type":"Point","coordinates":[-118.9564,43.595]},"properties":{"station":"BNO","name":"BURNS MUNI (AMO","state":"OR","country":"US","elevation":1271}},{"type":"Feature","id":"BNW","geometry":{"type":"Point","coordinates":[-93.8486,42.0486]},"properties":{"station":"BNW","name":"BOONE MUNI","state":"IA","country":"US","elevation":349.3}},{"type":"Feature","id":"BOI","geometry":{"type":"Point","coordinates":[-116.2406,43.5667]},"properties":{"station":"BOI","name":"BOISE MUNICIPAL","state":"ID","country":"US","elevation":874}},{"type":"Feature","id":"BOK","geometry":{"type":"Point","coordinates":[-124.2901,42.0746]},"properties":{"station":"BOK","name":"Brookings","state":"OR","country":"US","elevation":139.9}},{"type":"Feature","id":"BOS","geometry":{"type":"Point","coordinates":[-71.0097,42.3606]},"properties":{"station":"BOS","name":"BOSTON/LOGAN INTL","state":"MA","country":"US","elevation":9}},{"type":"Feature","id":"BOW","geometry":{"type":"Point","coordinates":[-81.7834,27.9434]},"properties":{"station":"BOW","name":"Bartow","state":"FL","country":"US","elevation":38.1}},{"type":"Feature","id":"BPC","geometry":{"type":"Point","coordinates":[-101.0301,35.8893]},"properties":{"station":"BPC","name":"Pampa","state":"TX","country":"US","elevation":845}},{"type":"Feature","id":"BPG","geometry":{"type":"Point","coordinates":[-101.5216,32.2126]},"properties":{"station":"BPG","name":"BIG_SPRING","state":"TX","country":"US","elevation":784}},{"type":"Feature","id":"BPI","geometry":{"type":"Point","coordinates":[-110.1111,42.5851]},"properties":{"station":"BPI","name":"Big Piney - Marbleton","state":"WY","country":"US","elevation":2124}},{"type":"Feature","id":"BPK","geometry":{"type":"Point","coordinates":[-92.47,36.37]},"properties":{"station":"BPK","name":"MOUNTAIN HOME/BAXTER COUNTY","state":"AR","country":"US","elevation":283}},{"type":"Feature","id":"BPT","geometry":{"type":"Point","coordinates":[-94.0261,29.9521]},"properties":{"station":"BPT","name":"Beaumont - Port Arthur","state":"TX","country":"US","elevation":4.5784636}},{"type":"Feature","id":"BQK","geometry":{"type":"Point","coordinates":[-81.4665,31.2588]},"properties":{"station":"BQK","name":"BRUNSWICK/GLYNCO","state":"GA","country":"US","elevation":8}},{"type":"Feature","id":"BQP","geometry":{"type":"Point","coordinates":[-91.8806,32.7561]},"properties":{"station":"BQP","name":"Bastrop","state":"LA","country":"US","elevation":50.9}},{"type":"Feature","id":"BQX","geometry":{"type":"Point","coordinates":[-95.7244,28.4936]},"properties":{"station":"BQX","name":"Brazos 451","state":"TX","country":"US","elevation":0}},{"type":"Feature","id":"BRD","geometry":{"type":"Point","coordinates":[-94.1308,46.4047]},"properties":{"station":"BRD","name":"BRAINERD","state":"MN","country":"US","elevation":372}},{"type":"Feature","id":"BRG","geometry":{"type":"Point","coordinates":[-106.836,34.646]},"properties":{"station":"BRG","name":"Belen","state":"NM","country":"US","elevation":1576.069}},{"type":"Feature","id":"BRL","geometry":{"type":"Point","coordinates":[-91.1255,40.7729]},"properties":{"station":"BRL","name":"BURLINGTON","state":"IA","country":"US","elevation":213}},{"type":"Feature","id":"BRO","geometry":{"type":"Point","coordinates":[-97.4231,25.9146]},"properties":{"station":"BRO","name":"BROWNSVILLE INTL","state":"TX","country":"US","elevation":6}},{"type":"Feature","id":"BRY","geometry":{"type":"Point","coordinates":[-85.4996,37.8143]},"properties":{"station":"BRY","name":"Bardstown - Samuels Field","state":"KY","country":"US","elevation":194.3097}},{"type":"Feature","id":"BTA","geometry":{"type":"Point","coordinates":[-96.109,41.4148]},"properties":{"station":"BTA","name":"Blair","state":"NE","country":"US","elevation":396.51245}},{"type":"Feature","id":"BTL","geometry":{"type":"Point","coordinates":[-85.2515,42.3073]},"properties":{"station":"BTL","name":"BATTLE CREEK","state":"MI","country":"US","elevation":290}},{"type":"Feature","id":"BTM","geometry":{"type":"Point","coordinates":[-112.4975,45.9548]},"properties":{"station":"BTM","name":"BUTTE/BERT MOONEY","state":"MT","country":"US","elevation":1690}},{"type":"Feature","id":"BTN","geometry":{"type":"Point","coordinates":[-97.7428,45.815]},"properties":{"station":"BTN","name":"Britton","state":"SD","country":"US","elevation":397.85605}},{"type":"Feature","id":"BTP","geometry":{"type":"Point","coordinates":[-79.9497,40.7769]},"properties":{"station":"BTP","name":"BUTLER CO. (AWOS)","state":"PA","country":"US","elevation":380}},{"type":"Feature","id":"BTR","geometry":{"type":"Point","coordinates":[-91.1469,30.5372]},"properties":{"station":"BTR","name":"BATON ROUGE/RYAN","state":"LA","country":"US","elevation":21}},{"type":"Feature","id":"BTV","geometry":{"type":"Point","coordinates":[-73.15,44.47]},"properties":{"station":"BTV","name":"BURLINGTON INTL","state":"VT","country":"US","elevation":104}},{"type":"Feature","id":"BUF","geometry":{"type":"Point","coordinates":[-78.7358,42.9408]},"properties":{"station":"BUF","name":"BUFFALO INTL ARPT","state":"NY","country":"US","elevation":215}},{"type":"Feature","id":"BUR","geometry":{"type":"Point","coordinates":[-118.3587,34.2007]},"properties":{"station":"BUR","name":"BURBANK/GLENDALE","state":"CA","country":"US","elevation":236}},{"type":"Feature","id":"BUU","geometry":{"type":"Point","coordinates":[-88.3046,42.6907]},"properties":{"station":"BUU","name":"BURLINGTON","state":"WI","country":"US","elevation":237}},{"type":"Feature","id":"BUY","geometry":{"type":"Point","coordinates":[-79.4749,36.0485]},"properties":{"station":"BUY","name":"BURLINGTON-ALAMANCE_REG_(ASOS)","state":"NC","country":"US","elevation":188}},{"type":"Feature","id":"BVI","geometry":{"type":"Point","coordinates":[-80.3914,40.7725]},"properties":{"station":"BVI","name":"BEAVER FALLS ARPT","state":"PA","country":"US","elevation":382}},{"type":"Feature","id":"BVN","geometry":{"type":"Point","coordinates":[-98.0558,41.7286]},"properties":{"station":"BVN","name":"Albion","state":"NE","country":"US","elevation":545.3605}},{"type":"Feature","id":"BVO","geometry":{"type":"Point","coordinates":[-96.0112,36.7625]},"properties":{"station":"BVO","name":"BARTLESVILLE/PHILLI","state":"OK","country":"US","elevation":218}},{"type":"Feature","id":"BVS","geometry":{"type":"Point","coordinates":[-122.42,48.47]},"properties":{"station":"BVS","name":"BURLINGTON/MT_VE","state":"WA","country":"US","elevation":44}},{"type":"Feature","id":"BVU","geometry":{"type":"Point","coordinates":[-114.8611,35.9475]},"properties":{"station":"BVU","name":"Boulder City","state":"NV","country":"US","elevation":671}},{"type":"Feature","id":"BVX","geometry":{"type":"Point","coordinates":[-91.6472,35.7261]},"properties":{"station":"BVX","name":"BATESVILLE (AWOS)","state":"AR","country":"US","elevation":141}},{"type":"Feature","id":"BVY","geometry":{"type":"Point","coordinates":[-70.9161,42.5841]},"properties":{"station":"BVY","name":"BEVERLY MUNICIPAL","state":"MA","country":"US","elevation":33}},{"type":"Feature","id":"BWD","geometry":{"type":"Point","coordinates":[-98.9565,31.7936]},"properties":{"station":"BWD","name":"BROWNWOOD MUNICIPAL","state":"TX","country":"US","elevation":422}},{"type":"Feature","id":"BWG","geometry":{"type":"Point","coordinates":[-86.4197,36.9645]},"properties":{"station":"BWG","name":"BOWLING GREEN","state":"KY","country":"US","elevation":167}},{"type":"Feature","id":"BWI","geometry":{"type":"Point","coordinates":[-76.6841,39.1733]},"properties":{"station":"BWI","name":"Baltimore - Wash Intl","state":"MD","country":"US","elevation":42}},{"type":"Feature","id":"BWP","geometry":{"type":"Point","coordinates":[-96.6074,46.2441]},"properties":{"station":"BWP","name":"Wahpeton","state":"ND","country":"US","elevation":294.7}},{"type":"Feature","id":"BWW","geometry":{"type":"Point","coordinates":[-103.3007,46.1655]},"properties":{"station":"BWW","name":"Bowman","state":"ND","country":"US","elevation":894.69574}},{"type":"Feature","id":"BXA","geometry":{"type":"Point","coordinates":[-89.865,30.8137]},"properties":{"station":"BXA","name":"Bogalusa","state":"LA","country":"US","elevation":35.870052}},{"type":"Feature","id":"BXK","geometry":{"type":"Point","coordinates":[-112.6862,33.4204]},"properties":{"station":"BXK","name":"Buckeye","state":"AZ","country":"US","elevation":311.2}},{"type":"Feature","id":"BXM","geometry":{"type":"Point","coordinates":[-69.9388,43.8923]},"properties":{"station":"BXM","name":"Brunswick","state":"ME","country":"US","elevation":19}},{"type":"Feature","id":"BYG","geometry":{"type":"Point","coordinates":[-106.72,44.38]},"properties":{"station":"BYG","name":"BUFFALO/JOHNSON COUNTY","state":"WY","country":"US","elevation":1514}},{"type":"Feature","id":"BYI","geometry":{"type":"Point","coordinates":[-113.7715,42.5426]},"properties":{"station":"BYI","name":"BURLEY MUNICIPAL","state":"ID","country":"US","elevation":1265}},{"type":"Feature","id":"BYL","geometry":{"type":"Point","coordinates":[-84.1995,36.795]},"properties":{"station":"BYL","name":"Williamsburg","state":"KY","country":"US","elevation":353.96262}},{"type":"Feature","id":"BYS","geometry":{"type":"Point","coordinates":[-116.63,35.2805]},"properties":{"station":"BYS","name":"BICYCLE LAKE","state":"CA","country":"US","elevation":716}},{"type":"Feature","id":"BYY","geometry":{"type":"Point","coordinates":[-95.8634,28.9733]},"properties":{"station":"BYY","name":"Bay City Regional","state":"TX","country":"US","elevation":13}},{"type":"Feature","id":"BZN","geometry":{"type":"Point","coordinates":[-111.1608,45.7881]},"properties":{"station":"BZN","name":"BOZEMAN/GALLATIN","state":"MT","country":"US","elevation":1364}},{"type":"Feature","id":"C07","geometry":{"type":"Point","coordinates":[-106.6992,40.3544]},"properties":{"station":"C07","name":"Walton Peak","state":"CO","country":"US","elevation":3210.7876}},{"type":"Feature","id":"C08","geometry":{"type":"Point","coordinates":[-105.3743,38.0133]},"properties":{"station":"C08","name":"Westcliffe","state":"CO","country":"US","elevation":2512}},{"type":"Feature","id":"C09","geometry":{"type":"Point","coordinates":[-88.4186,41.4253]},"properties":{"station":"C09","name":"MORRIS-WASHBURN","state":"IL","country":"US","elevation":178}},{"type":"Feature","id":"C24","geometry":{"type":"Point","coordinates":[-106.9299,37.8222]},"properties":{"station":"C24","name":"Creede","state":"CO","country":"US","elevation":2635}},{"type":"Feature","id":"C29","geometry":{"type":"Point","coordinates":[-89.5315,43.1143]},"properties":{"station":"C29","name":"Middleton","state":"WI","country":"US","elevation":282}},{"type":"Feature","id":"C35","geometry":{"type":"Point","coordinates":[-89.9832,43.5259]},"properties":{"station":"C35","name":"Reedsburg","state":"WI","country":"US","elevation":272.42603}},{"type":"Feature","id":"C62","geometry":{"type":"Point","coordinates":[-85.2541,41.4739]},"properties":{"station":"C62","name":"Kendallville","state":"IN","country":"US","elevation":304.4069}},{"type":"Feature","id":"C65","geometry":{"type":"Point","coordinates":[-86.3005,41.3651]},"properties":{"station":"C65","name":"Plymouth","state":"IN","country":"US","elevation":244.1985}},{"type":"Feature","id":"C75","geometry":{"type":"Point","coordinates":[-89.3864,41.0193]},"properties":{"station":"C75","name":"LACON","state":"IL","country":"US","elevation":173}},{"type":"Feature","id":"C83","geometry":{"type":"Point","coordinates":[-121.6244,37.8276]},"properties":{"station":"C83","name":"Byron","state":"CA","country":"US","elevation":15.745778}},{"type":"Feature","id":"C99","geometry":{"type":"Point","coordinates":[-105.5533,39.8689]},"properties":{"station":"C99","name":"Dakota Hills","state":"CO","country":"US","elevation":3319.951}},{"type":"Feature","id":"CAD","geometry":{"type":"Point","coordinates":[-85.4189,44.2753]},"properties":{"station":"CAD","name":"CADILLAC/WEXFORD","state":"MI","country":"US","elevation":398}},{"type":"Feature","id":"CAE","geometry":{"type":"Point","coordinates":[-81.1181,33.9419]},"properties":{"station":"CAE","name":"COLUMBIA METRO","state":"SC","country":"US","elevation":69}},{"type":"Feature","id":"CAG","geometry":{"type":"Point","coordinates":[-107.5216,40.4952]},"properties":{"station":"CAG","name":"Craig - Moffat","state":"CO","country":"US","elevation":1915}},{"type":"Feature","id":"CAHR","geometry":{"type":"Point","coordinates":[-63.1697,46.3436]},"properties":{"station":"CAHR","name":"HARRINGTON CDA CS  PEI","state":"CA_PE","country":"CA","elevation":53}},{"type":"Feature","id":"CAK","geometry":{"type":"Point","coordinates":[-81.4422,40.9161]},"properties":{"station":"CAK","name":"Akron / Canton","state":"OH","country":"US","elevation":374}},{"type":"Feature","id":"CAO","geometry":{"type":"Point","coordinates":[-103.1539,36.4486]},"properties":{"station":"CAO","name":"Clayton","state":"NM","country":"US","elevation":1515}},{"type":"Feature","id":"CAR","geometry":{"type":"Point","coordinates":[-68.02,46.87]},"properties":{"station":"CAR","name":"CARIBOU MUNICIPAL","state":"ME","country":"US","elevation":190}},{"type":"Feature","id":"CAV","geometry":{"type":"Point","coordinates":[-93.7593,42.743]},"properties":{"station":"CAV","name":"CLARION","state":"IA","country":"US","elevation":350.2}},{"type":"Feature","id":"CBBC","geometry":{"type":"Point","coordinates":[-128.1567,52.185]},"properties":{"station":"CBBC","name":"BELLA BELLA CAMPBELL","state":"CA_BC","country":"CA","elevation":43}},{"type":"Feature","id":"CBE","geometry":{"type":"Point","coordinates":[-78.7609,39.6154]},"properties":{"station":"CBE","name":"Cumberland","state":"MD","country":"US","elevation":236.2}},{"type":"Feature","id":"CBF","geometry":{"type":"Point","coordinates":[-95.7604,41.2611]},"properties":{"station":"CBF","name":"COUNCIL BLUFFS","state":"IA","country":"US","elevation":378}},{"type":"Feature","id":"CBG","geometry":{"type":"Point","coordinates":[-93.2642,45.5575]},"properties":{"station":"CBG","name":"CAMBRIDGE MUNI","state":"MN","country":"US","elevation":287}},{"type":"Feature","id":"CBK","geometry":{"type":"Point","coordinates":[-101.0466,39.4274]},"properties":{"station":"CBK","name":"COLBY","state":"KS","country":"US","elevation":971}},{"type":"Feature","id":"CBM","geometry":{"type":"Point","coordinates":[-88.4438,33.6438]},"properties":{"station":"CBM","name":"COLUMBUS AFB","state":"MS","country":"US","elevation":67}},{"type":"Feature","id":"CCA","geometry":{"type":"Point","coordinates":[-92.4516,35.5978]},"properties":{"station":"CCA","name":"Clinton","state":"AR","country":"US","elevation":156.7}},{"type":"Feature","id":"CCB","geometry":{"type":"Point","coordinates":[-117.6874,34.1116]},"properties":{"station":"CCB","name":"Cable","state":"CA","country":"US","elevation":433.58063}},{"type":"Feature","id":"CCO","geometry":{"type":"Point","coordinates":[-84.77,33.31]},"properties":{"station":"CCO","name":"NEWNAN COWETA COUNTY AIRPORT","state":"GA","country":"US","elevation":296}},{"type":"Feature","id":"CCR","geometry":{"type":"Point","coordinates":[-122.0526,37.9916]},"properties":{"station":"CCR","name":"Concord/Buchanan","state":"CA","country":"US","elevation":4.874773}},{"type":"Feature","id":"CCU","geometry":{"type":"Point","coordinates":[-106.153,39.475]},"properties":{"station":"CCU","name":"RED CLIFF PASS (CDOT)","state":"CO","country":"US","elevation":3680}},{"type":"Feature","id":"CCY","geometry":{"type":"Point","coordinates":[-92.6132,43.073]},"properties":{"station":"CCY","name":"Charles City","state":"IA","country":"US","elevation":340.2}},{"type":"Feature","id":"CDA","geometry":{"type":"Point","coordinates":[-72.018,44.5691]},"properties":{"station":"CDA","name":"Lyndonville","state":"VT","country":"US","elevation":362.1}},{"type":"Feature","id":"CDC","geometry":{"type":"Point","coordinates":[-113.1,37.7]},"properties":{"station":"CDC","name":"CEDAR CITY MUNI","state":"UT","country":"US","elevation":1714}},{"type":"Feature","id":"CDD","geometry":{"type":"Point","coordinates":[-92.483,48.266]},"properties":{"station":"CDD","name":"CRANE LAKE","state":"MN","country":"US","elevation":350}},{"type":"Feature","id":"CDH","geometry":{"type":"Point","coordinates":[-92.7634,33.6228]},"properties":{"station":"CDH","name":"Camden","state":"AR","country":"US","elevation":39.6}},{"type":"Feature","id":"CDI","geometry":{"type":"Point","coordinates":[-81.5776,39.975]},"properties":{"station":"CDI","name":"Cambridge","state":"OH","country":"US","elevation":241.53487}},{"type":"Feature","id":"CDJ","geometry":{"type":"Point","coordinates":[-93.5792,39.8233]},"properties":{"station":"CDJ","name":"CHILLICOTHE","state":"MO","country":"US","elevation":234}},{"type":"Feature","id":"CDN","geometry":{"type":"Point","coordinates":[-80.5649,34.2836]},"properties":{"station":"CDN","name":"Camden","state":"SC","country":"US","elevation":92}},{"type":"Feature","id":"CDR","geometry":{"type":"Point","coordinates":[-103.0954,42.8376]},"properties":{"station":"CDR","name":"CHADRON","state":"NE","country":"US","elevation":999.0307}},{"type":"Feature","id":"CDS","geometry":{"type":"Point","coordinates":[-100.2881,34.4339]},"properties":{"station":"CDS","name":"CHILDRESS MUNICIPAL","state":"TX","country":"US","elevation":595}},{"type":"Feature","id":"CDW","geometry":{"type":"Point","coordinates":[-74.2831,40.8764]},"properties":{"station":"CDW","name":"CALDWELL/ESSEX CO.","state":"NJ","country":"US","elevation":53}},{"type":"Feature","id":"CEC","geometry":{"type":"Point","coordinates":[-124.238,41.7837]},"properties":{"station":"CEC","name":"Crescent City","state":"CA","country":"US","elevation":19.57429}},{"type":"Feature","id":"CEF","geometry":{"type":"Point","coordinates":[-72.5348,42.194]},"properties":{"station":"CEF","name":"CHICOPEE/WESTOVER","state":"MA","country":"US","elevation":75}},{"type":"Feature","id":"CERM","geometry":{"type":"Point","coordinates":[-68.3244,47.4167]},"properties":{"station":"CERM","name":"EDMUNSTON","state":"CA_NB","country":"CA","elevation":154}},{"type":"Feature","id":"CEU","geometry":{"type":"Point","coordinates":[-82.8868,34.6719]},"properties":{"station":"CEU","name":"CLEMSON/OCONEE COUNTY","state":"SC","country":"US","elevation":272}},{"type":"Feature","id":"CEW","geometry":{"type":"Point","coordinates":[-86.52,30.78]},"properties":{"station":"CEW","name":"CRESTVIEW/BOB SIKES","state":"FL","country":"US","elevation":65}},{"type":"Feature","id":"CEY","geometry":{"type":"Point","coordinates":[-88.3728,36.6646]},"properties":{"station":"CEY","name":"Murray","state":"KY","country":"US","elevation":173}},{"type":"Feature","id":"CEZ","geometry":{"type":"Point","coordinates":[-108.6281,37.303]},"properties":{"station":"CEZ","name":"CORTEZ/MONTEZUMA CO","state":"CO","country":"US","elevation":1803}},{"type":"Feature","id":"CFD","geometry":{"type":"Point","coordinates":[-96.3314,30.7157]},"properties":{"station":"CFD","name":"Brazos","state":"TX","country":"US","elevation":102.43148}},{"type":"Feature","id":"CFE","geometry":{"type":"Point","coordinates":[-93.8433,45.159]},"properties":{"station":"CFE","name":"Buffalo","state":"MN","country":"US","elevation":295}},{"type":"Feature","id":"CFJ","geometry":{"type":"Point","coordinates":[-86.9199,39.9756]},"properties":{"station":"CFJ","name":"Crawfordsville","state":"IN","country":"US","elevation":243.5067}},{"type":"Feature","id":"CFO","geometry":{"type":"Point","coordinates":[-104.5376,39.7841]},"properties":{"station":"CFO","name":"Colorado Air and Space","state":"CO","country":"US","elevation":1674.3636}},{"type":"Feature","id":"CFS","geometry":{"type":"Point","coordinates":[-83.4454,43.4588]},"properties":{"station":"CFS","name":"Caro","state":"MI","country":"US","elevation":214}},{"type":"Feature","id":"CFV","geometry":{"type":"Point","coordinates":[-95.5719,37.0941]},"properties":{"station":"CFV","name":"COFFEYVILLE","state":"KS","country":"US","elevation":226}},{"type":"Feature","id":"CGC","geometry":{"type":"Point","coordinates":[-82.5713,28.8673]},"properties":{"station":"CGC","name":"Crystal River","state":"FL","country":"US","elevation":2.7}},{"type":"Feature","id":"CGE","geometry":{"type":"Point","coordinates":[-76.0304,38.5393]},"properties":{"station":"CGE","name":"Cambridge","state":"MD","country":"US","elevation":5.8}},{"type":"Feature","id":"CGF","geometry":{"type":"Point","coordinates":[-81.4864,41.5651]},"properties":{"station":"CGF","name":"Cleveland - Cuyahoga County","state":"OH","country":"US","elevation":263}},{"type":"Feature","id":"CGI","geometry":{"type":"Point","coordinates":[-89.5708,37.2253]},"properties":{"station":"CGI","name":"CAPE GIRARDEAU","state":"MO","country":"US","elevation":102}},{"type":"Feature","id":"CGS","geometry":{"type":"Point","coordinates":[-76.9223,38.9806]},"properties":{"station":"CGS","name":"College Park","state":"MD","country":"US","elevation":14.6}},{"type":"Feature","id":"CGZ","geometry":{"type":"Point","coordinates":[-111.7668,32.9549]},"properties":{"station":"CGZ","name":"CASA GRANDA (AWOS)","state":"AZ","country":"US","elevation":446}},{"type":"Feature","id":"CHA","geometry":{"type":"Point","coordinates":[-85.2038,35.0353]},"properties":{"station":"CHA","name":"CHATTANOOGA/LOVELL","state":"TN","country":"US","elevation":210}},{"type":"Feature","id":"CHD","geometry":{"type":"Point","coordinates":[-111.81,33.27]},"properties":{"station":"CHD","name":"CHANDLER MUNICIPAL AIRPORT","state":"AZ","country":"US","elevation":379}},{"type":"Feature","id":"CHK","geometry":{"type":"Point","coordinates":[-97.9677,35.0974]},"properties":{"station":"CHK","name":"CHICKASHA MUNI AIRPORT","state":"OK","country":"US","elevation":351}},{"type":"Feature","id":"CHO","geometry":{"type":"Point","coordinates":[-78.4529,38.1386]},"properties":{"station":"CHO","name":"CHARLOTTESVILLE","state":"VA","country":"US","elevation":195}},{"type":"Feature","id":"CHS","geometry":{"type":"Point","coordinates":[-80.0405,32.8986]},"properties":{"station":"CHS","name":"Charleston","state":"SC","country":"US","elevation":10.024509}},{"type":"Feature","id":"CIC","geometry":{"type":"Point","coordinates":[-121.8584,39.7954]},"properties":{"station":"CIC","name":"CHICO MUNICIPAL","state":"CA","country":"US","elevation":73}},{"type":"Feature","id":"CID","geometry":{"type":"Point","coordinates":[-91.7246,41.8829]},"properties":{"station":"CID","name":"CEDAR RAPIDS","state":"IA","country":"US","elevation":265}},{"type":"Feature","id":"CIN","geometry":{"type":"Point","coordinates":[-94.7889,42.0444]},"properties":{"station":"CIN","name":"CARROLL","state":"IA","country":"US","elevation":365.2}},{"type":"Feature","id":"CIR","geometry":{"type":"Point","coordinates":[-89.2196,37.0647]},"properties":{"station":"CIR","name":"Cairo","state":"IL","country":"US","elevation":97.8}},{"type":"Feature","id":"CIU","geometry":{"type":"Point","coordinates":[-84.47,46.25]},"properties":{"station":"CIU","name":"CHIPPEWA INTL","state":"MI","country":"US","elevation":244}},{"type":"Feature","id":"CJR","geometry":{"type":"Point","coordinates":[-77.8589,38.5267]},"properties":{"station":"CJR","name":"CULPEPER","state":"VA","country":"US","elevation":95}},{"type":"Feature","id":"CKB","geometry":{"type":"Point","coordinates":[-80.2281,39.2966]},"properties":{"station":"CKB","name":"CLARKSBURG/BENEDUM","state":"WV","country":"US","elevation":367}},{"type":"Feature","id":"CKC","geometry":{"type":"Point","coordinates":[-90.3829,47.8383]},"properties":{"station":"CKC","name":"GRAND MARAIS/COO","state":"MN","country":"US","elevation":548}},{"type":"Feature","id":"CKF","geometry":{"type":"Point","coordinates":[-83.7739,31.9888]},"properties":{"station":"CKF","name":"Cordele","state":"GA","country":"US","elevation":93.437004}},{"type":"Feature","id":"CKI","geometry":{"type":"Point","coordinates":[-79.857,33.7172]},"properties":{"station":"CKI","name":"Kingstree","state":"SC","country":"US","elevation":20.4}},{"type":"Feature","id":"CKN","geometry":{"type":"Point","coordinates":[-96.6214,47.8417]},"properties":{"station":"CKN","name":"CROOKSTON MUNI","state":"MN","country":"US","elevation":273}},{"type":"Feature","id":"CKP","geometry":{"type":"Point","coordinates":[-95.5538,42.7304]},"properties":{"station":"CKP","name":"Cherokee","state":"IA","country":"US","elevation":373.7}},{"type":"Feature","id":"CKV","geometry":{"type":"Point","coordinates":[-87.415,36.6219]},"properties":{"station":"CKV","name":"CLARKSVILLE/OUTLAW","state":"TN","country":"US","elevation":168}},{"type":"Feature","id":"CKZ","geometry":{"type":"Point","coordinates":[-75.2905,40.3892]},"properties":{"station":"CKZ","name":"Perkasie","state":"PA","country":"US","elevation":165.06905}},{"type":"Feature","id":"CLE","geometry":{"type":"Point","coordinates":[-81.8528,41.405]},"properties":{"station":"CLE","name":"CLEVELAND","state":"OH","country":"US","elevation":233}},{"type":"Feature","id":"CLI","geometry":{"type":"Point","coordinates":[-88.7314,44.6139]},"properties":{"station":"CLI","name":"CLINTONVILLE","state":"WI","country":"US","elevation":250}},{"type":"Feature","id":"CLK","geometry":{"type":"Point","coordinates":[-98.9327,35.5383]},"properties":{"station":"CLK","name":"Clinton","state":"OK","country":"US","elevation":492.3}},{"type":"Feature","id":"CLL","geometry":{"type":"Point","coordinates":[-96.3639,30.5881]},"properties":{"station":"CLL","name":"COLLEGE STATION","state":"TX","country":"US","elevation":98}},{"type":"Feature","id":"CLM","geometry":{"type":"Point","coordinates":[-123.5066,48.122]},"properties":{"station":"CLM","name":"Port Angeles","state":"WA","country":"US","elevation":80}},{"type":"Feature","id":"CLS","geometry":{"type":"Point","coordinates":[-122.9827,46.677]},"properties":{"station":"CLS","name":"Chehalis","state":"WA","country":"US","elevation":54}},{"type":"Feature","id":"CLT","geometry":{"type":"Point","coordinates":[-80.9543,35.2225]},"properties":{"station":"CLT","name":"Charlotte / Douglas","state":"NC","country":"US","elevation":228}},{"type":"Feature","id":"CLW","geometry":{"type":"Point","coordinates":[-82.7563,27.9742]},"properties":{"station":"CLW","name":"Clearwater Air Park","state":"FL","country":"US","elevation":23.233936}},{"type":"Feature","id":"CMA","geometry":{"type":"Point","coordinates":[-119.0944,34.2137]},"properties":{"station":"CMA","name":"CAMARILLO (AWOS)","state":"CA","country":"US","elevation":23}},{"type":"Feature","id":"CMD","geometry":{"type":"Point","coordinates":[-86.858,34.2687]},"properties":{"station":"CMD","name":"Cullman","state":"AL","country":"US","elevation":289.02383}},{"type":"Feature","id":"CMFM","geometry":{"type":"Point","coordinates":[-71.1483,47.3228]},"properties":{"station":"CMFM","name":"FORET MONTMORENCY RCS  QUE","state":"CA_QC","country":"CA","elevation":672}},{"type":"Feature","id":"CMGB","geometry":{"type":"Point","coordinates":[-72.7739,45.3728]},"properties":{"station":"CMGB","name":"GRANBY","state":"CA_QC","country":"CA","elevation":86}},{"type":"Feature","id":"CMH","geometry":{"type":"Point","coordinates":[-82.8808,39.9914]},"properties":{"station":"CMH","name":"COLUMBUS","state":"OH","country":"US","elevation":247}},{"type":"Feature","id":"CMI","geometry":{"type":"Point","coordinates":[-88.2755,40.0324]},"properties":{"station":"CMI","name":"Champaign - Willard","state":"IL","country":"US","elevation":227}},{"type":"Feature","id":"CMR","geometry":{"type":"Point","coordinates":[-112.1947,35.3054]},"properties":{"station":"CMR","name":"Williams","state":"AZ","country":"US","elevation":2036}},{"type":"Feature","id":"CMX","geometry":{"type":"Point","coordinates":[-88.4891,47.1684]},"properties":{"station":"CMX","name":"HANCOCK","state":"MI","country":"US","elevation":326}},{"type":"Feature","id":"CMY","geometry":{"type":"Point","coordinates":[-90.7379,43.9584]},"properties":{"station":"CMY","name":"SPARTA/MCCOY AAF","state":"WI","country":"US","elevation":254}},{"type":"Feature","id":"CNB","geometry":{"type":"Point","coordinates":[-96.266,44.7295]},"properties":{"station":"CNB","name":"Canby","state":"MN","country":"US","elevation":363}},{"type":"Feature","id":"CNC","geometry":{"type":"Point","coordinates":[-93.3608,41.0184]},"properties":{"station":"CNC","name":"CHARITON","state":"IA","country":"US","elevation":319.1}},{"type":"Feature","id":"CNI","geometry":{"type":"Point","coordinates":[-84.4239,34.3106]},"properties":{"station":"CNI","name":"Cherokee County","state":"GA","country":"US","elevation":372}},{"type":"Feature","id":"CNK","geometry":{"type":"Point","coordinates":[-97.65,39.55]},"properties":{"station":"CNK","name":"CONCORDIA","state":"KS","country":"US","elevation":452}},{"type":"Feature","id":"CNM","geometry":{"type":"Point","coordinates":[-104.2633,32.3375]},"properties":{"station":"CNM","name":"CARLSBAD/CAVERN CTY","state":"NM","country":"US","elevation":1004}},{"type":"Feature","id":"CNO","geometry":{"type":"Point","coordinates":[-117.6361,33.9753]},"properties":{"station":"CNO","name":"CHINO AIRPORT","state":"CA","country":"US","elevation":198}},{"type":"Feature","id":"CNU","geometry":{"type":"Point","coordinates":[-95.4842,37.6703]},"properties":{"station":"CNU","name":"CHANUTE","state":"KS","country":"US","elevation":305}},{"type":"Feature","id":"CNW","geometry":{"type":"Point","coordinates":[-97.0741,31.6378]},"properties":{"station":"CNW","name":"Waco","state":"TX","country":"US","elevation":143}},{"type":"Feature","id":"CNY","geometry":{"type":"Point","coordinates":[-109.7548,38.755]},"properties":{"station":"CNY","name":"MOAB/CANYONLANDS","state":"UT","country":"US","elevation":1388}},{"type":"Feature","id":"COD","geometry":{"type":"Point","coordinates":[-109.0238,44.5202]},"properties":{"station":"COD","name":"CODY MUNI (AWOS)","state":"WY","country":"US","elevation":1553}},{"type":"Feature","id":"COE","geometry":{"type":"Point","coordinates":[-116.8196,47.7743]},"properties":{"station":"COE","name":"COEUR D ALENE(AWOS)","state":"ID","country":"US","elevation":707}},{"type":"Feature","id":"COF","geometry":{"type":"Point","coordinates":[-80.61,28.235]},"properties":{"station":"COF","name":"PATRICK AFB/COCOA B","state":"FL","country":"US","elevation":3}},{"type":"Feature","id":"COI","geometry":{"type":"Point","coordinates":[-80.6855,28.3416]},"properties":{"station":"COI","name":"Merritt Island","state":"FL","country":"US","elevation":1}},{"type":"Feature","id":"COM","geometry":{"type":"Point","coordinates":[-99.4036,31.8411]},"properties":{"station":"COM","name":"Coleman","state":"TX","country":"US","elevation":517.2}},{"type":"Feature","id":"CON","geometry":{"type":"Point","coordinates":[-71.5011,43.1953]},"properties":{"station":"CON","name":"CONCORD MUNICIPAL","state":"NH","country":"US","elevation":105}},{"type":"Feature","id":"COQ","geometry":{"type":"Point","coordinates":[-92.5036,46.7011]},"properties":{"station":"COQ","name":"CLOQUET","state":"MN","country":"US","elevation":390}},{"type":"Feature","id":"COS","geometry":{"type":"Point","coordinates":[-104.7008,38.8058]},"properties":{"station":"COS","name":"COLORADO SPRINGS","state":"CO","country":"US","elevation":1881}},{"type":"Feature","id":"COT","geometry":{"type":"Point","coordinates":[-99.2183,28.4567]},"properties":{"station":"COT","name":"COTULLA MUNICIPAL","state":"TX","country":"US","elevation":144}},{"type":"Feature","id":"COU","geometry":{"type":"Point","coordinates":[-92.2183,38.8169]},"properties":{"station":"COU","name":"COLUMBIA","state":"MO","country":"US","elevation":271}},{"type":"Feature","id":"CPC","geometry":{"type":"Point","coordinates":[-78.7146,34.2753]},"properties":{"station":"CPC","name":"COLUMBUS_CNTY_MUNI_ARPT","state":"NC","country":"US","elevation":30}},{"type":"Feature","id":"CPF","geometry":{"type":"Point","coordinates":[-83.2616,37.3874]},"properties":{"station":"CPF","name":"Wendell H Ford","state":"KY","country":"US","elevation":369.47522}},{"type":"Feature","id":"CPK","geometry":{"type":"Point","coordinates":[-76.3207,36.6656]},"properties":{"station":"CPK","name":"CHESAPEAKE","state":"VA","country":"US","elevation":6}},{"type":"Feature","id":"CPP","geometry":{"type":"Point","coordinates":[-83.1382,33.598]},"properties":{"station":"CPP","name":"Greensboro","state":"GA","country":"US","elevation":215}},{"type":"Feature","id":"CPR","geometry":{"type":"Point","coordinates":[-106.4644,42.908]},"properties":{"station":"CPR","name":"CASPER/NATRONA INTL","state":"WY","country":"US","elevation":1612}},{"type":"Feature","id":"CPS","geometry":{"type":"Point","coordinates":[-90.1562,38.5707]},"properties":{"station":"CPS","name":"CAHOKIA/ST LOUIS","state":"IL","country":"US","elevation":126}},{"type":"Feature","id":"CPT","geometry":{"type":"Point","coordinates":[-97.4338,32.3537]},"properties":{"station":"CPT","name":"CLEBURNE","state":"TX","country":"US","elevation":260}},{"type":"Feature","id":"CPU","geometry":{"type":"Point","coordinates":[-120.6482,38.1461]},"properties":{"station":"CPU","name":"San Andreas","state":"CA","country":"US","elevation":405.20996}},{"type":"Feature","id":"CPW","geometry":{"type":"Point","coordinates":[-106.8,37.45]},"properties":{"station":"CPW","name":"WOLF CREEK PASS (CDOT)","state":"CO","country":"US","elevation":3584}},{"type":"Feature","id":"CQB","geometry":{"type":"Point","coordinates":[-96.8203,35.7238]},"properties":{"station":"CQB","name":"CHANDLER MUNI AIRPORT","state":"OK","country":"US","elevation":300}},{"type":"Feature","id":"CQC","geometry":{"type":"Point","coordinates":[-105.6628,35.0028]},"properties":{"station":"CQC","name":"CLINES CORNERS","state":"NM","country":"US","elevation":2160}},{"type":"Feature","id":"CQF","geometry":{"type":"Point","coordinates":[-87.877,30.4605]},"properties":{"station":"CQF","name":"Fairhope","state":"AL","country":"US","elevation":27}},{"type":"Feature","id":"CQM","geometry":{"type":"Point","coordinates":[-92.6894,47.8219]},"properties":{"station":"CQM","name":"COOK MUNI AIRPOR","state":"MN","country":"US","elevation":404}},{"type":"Feature","id":"CQW","geometry":{"type":"Point","coordinates":[-79.957,34.7129]},"properties":{"station":"CQW","name":"Cheraw","state":"SC","country":"US","elevation":72.8}},{"type":"Feature","id":"CQX","geometry":{"type":"Point","coordinates":[-69.9933,41.6875]},"properties":{"station":"CQX","name":"CHATHAM MUNI ARPT","state":"MA","country":"US","elevation":19}},{"type":"Feature","id":"CRE","geometry":{"type":"Point","coordinates":[-78.7239,33.8118]},"properties":{"station":"CRE","name":"NORTH MYRTLE BEACH","state":"SC","country":"US","elevation":10}},{"type":"Feature","id":"CRG","geometry":{"type":"Point","coordinates":[-81.5147,30.3361]},"properties":{"station":"CRG","name":"JACKSONVILLE/CRAIG","state":"FL","country":"US","elevation":12}},{"type":"Feature","id":"CRP","geometry":{"type":"Point","coordinates":[-97.5128,27.7731]},"properties":{"station":"CRP","name":"CORPUS CHRISTI INTL","state":"TX","country":"US","elevation":13}},{"type":"Feature","id":"CRQ","geometry":{"type":"Point","coordinates":[-117.28,33.13]},"properties":{"station":"CRQ","name":"CARLSBAD/PALOMAR","state":"CA","country":"US","elevation":100}},{"type":"Feature","id":"CRS","geometry":{"type":"Point","coordinates":[-96.4,32.03]},"properties":{"station":"CRS","name":"CORSICANA","state":"TX","country":"US","elevation":137}},{"type":"Feature","id":"CRW","geometry":{"type":"Point","coordinates":[-81.59,38.3794]},"properties":{"station":"CRW","name":"CHARLESTON/KANAWHA","state":"WV","country":"US","elevation":299}},{"type":"Feature","id":"CRX","geometry":{"type":"Point","coordinates":[-88.6035,34.915]},"properties":{"station":"CRX","name":"Corinth","state":"MS","country":"US","elevation":129}},{"type":"Feature","id":"CSB","geometry":{"type":"Point","coordinates":[-100.162,40.307]},"properties":{"station":"CSB","name":"Cambridge","state":"NE","country":"US","elevation":735}},{"type":"Feature","id":"CSG","geometry":{"type":"Point","coordinates":[-84.9422,32.5161]},"properties":{"station":"CSG","name":"COLUMBUS METRO ARPT","state":"GA","country":"US","elevation":121}},{"type":"Feature","id":"CSM","geometry":{"type":"Point","coordinates":[-99.2005,35.3398]},"properties":{"station":"CSM","name":"CLINTON-SHERMAN","state":"OK","country":"US","elevation":586}},{"type":"Feature","id":"CSQ","geometry":{"type":"Point","coordinates":[-94.3608,41.0188]},"properties":{"station":"CSQ","name":"CRESTON","state":"IA","country":"US","elevation":393.2}},{"type":"Feature","id":"CSV","geometry":{"type":"Point","coordinates":[-85.085,35.9513]},"properties":{"station":"CSV","name":"CROSSVILLE MEMORIAL","state":"TN","country":"US","elevation":573}},{"type":"Feature","id":"CTB","geometry":{"type":"Point","coordinates":[-112.3761,48.6084]},"properties":{"station":"CTB","name":"CUT BANK (AWOS)","state":"MT","country":"US","elevation":1175}},{"type":"Feature","id":"CTCK","geometry":{"type":"Point","coordinates":[-74.9628,45.2511]},"properties":{"station":"CTCK","name":"Moose Creek","state":"CA_ON","country":"CA","elevation":81.245674}},{"type":"Feature","id":"CTH","geometry":{"type":"Point","coordinates":[-75.8655,39.979]},"properties":{"station":"CTH","name":"Eugene Island 338K","state":"PA","country":"US","elevation":44}},{"type":"Feature","id":"CTJ","geometry":{"type":"Point","coordinates":[-85.1523,33.6317]},"properties":{"station":"CTJ","name":"Carrollton","state":"GA","country":"US","elevation":353.9}},{"type":"Feature","id":"CTNK","geometry":{"type":"Point","coordinates":[-78.2667,45.5333]},"properties":{"station":"CTNK","name":"ALGONQUIN PARK EAST GATE","state":"CA_ON","country":"CA","elevation":410}},{"type":"Feature","id":"CTRA","geometry":{"type":"Point","coordinates":[-93.7328,49.6642]},"properties":{"station":"CTRA","name":"Rawson Lake","state":"CA_ON","country":"CA","elevation":435}},{"type":"Feature","id":"CTY","geometry":{"type":"Point","coordinates":[-83.1047,29.6355]},"properties":{"station":"CTY","name":"Cross City","state":"FL","country":"US","elevation":13}},{"type":"Feature","id":"CTZ","geometry":{"type":"Point","coordinates":[-78.3644,34.9756]},"properties":{"station":"CTZ","name":"CLINTON","state":"NC","country":"US","elevation":45}},{"type":"Feature","id":"CUB","geometry":{"type":"Point","coordinates":[-80.9938,33.972]},"properties":{"station":"CUB","name":"COLUMBIA OWENS DOWNTOWN AIRPORT","state":"SC","country":"US","elevation":59}},{"type":"Feature","id":"CUH","geometry":{"type":"Point","coordinates":[-96.7731,35.9499]},"properties":{"station":"CUH","name":"Cushing","state":"OK","country":"US","elevation":279}},{"type":"Feature","id":"CUT","geometry":{"type":"Point","coordinates":[-103.6114,43.7331]},"properties":{"station":"CUT","name":"CUSTER","state":"SD","country":"US","elevation":1686.81}},{"type":"Feature","id":"CVB","geometry":{"type":"Point","coordinates":[-98.8509,29.3419]},"properties":{"station":"CVB","name":"Castroville","state":"TX","country":"US","elevation":235}},{"type":"Feature","id":"CVC","geometry":{"type":"Point","coordinates":[-83.8474,33.6323]},"properties":{"station":"CVC","name":"Covington","state":"GA","country":"US","elevation":238.558}},{"type":"Feature","id":"CVG","geometry":{"type":"Point","coordinates":[-84.6717,39.0431]},"properties":{"station":"CVG","name":"Cincinnati / N Kentucky Intl","state":"KY","country":"US","elevation":267}},{"type":"Feature","id":"CVH","geometry":{"type":"Point","coordinates":[-121.4103,36.8933]},"properties":{"station":"CVH","name":"Hollister","state":"CA","country":"US","elevation":70.1}},{"type":"Feature","id":"CVN","geometry":{"type":"Point","coordinates":[-103.0793,34.4251]},"properties":{"station":"CVN","name":"Clovis Muni","state":"NM","country":"US","elevation":1284}},{"type":"Feature","id":"CVO","geometry":{"type":"Point","coordinates":[-123.2895,44.4971]},"properties":{"station":"CVO","name":"Corvallis Muni","state":"OR","country":"US","elevation":75}},{"type":"Feature","id":"CVS","geometry":{"type":"Point","coordinates":[-103.3222,34.3828]},"properties":{"station":"CVS","name":"CANNON AFB/CLOVIS","state":"NM","country":"US","elevation":1309}},{"type":"Feature","id":"CVX","geometry":{"type":"Point","coordinates":[-85.2747,45.3047]},"properties":{"station":"CVX","name":"CHARLEVOIX","state":"MI","country":"US","elevation":204}},{"type":"Feature","id":"CWA","geometry":{"type":"Point","coordinates":[-89.6668,44.7776]},"properties":{"station":"CWA","name":"MOSINEE/CENTRAL","state":"WI","country":"US","elevation":389}},{"type":"Feature","id":"CWAE","geometry":{"type":"Point","coordinates":[-122.9547,50.129]},"properties":{"station":"CWAE","name":"WHISTLER","state":"CA_BC","country":"CA","elevation":658}},{"type":"Feature","id":"CWAF","geometry":{"type":"Point","coordinates":[-69.5556,48.0689]},"properties":{"station":"CWAF","name":"ILE ROUGE  QUE","state":"CA_QC","country":"CA","elevation":5}},{"type":"Feature","id":"CWAQ","geometry":{"type":"Point","coordinates":[-105.4833,49.05]},"properties":{"station":"CWAQ","name":"CORONACH SPC  SASK","state":"CA_SK","country":"CA","elevation":756}},{"type":"Feature","id":"CWAV","geometry":{"type":"Point","coordinates":[-114.6825,51.7781]},"properties":{"station":"CWAV","name":"SUNDRE A  ALTA","state":"CA_AB","country":"CA","elevation":1114}},{"type":"Feature","id":"CWBA","geometry":{"type":"Point","coordinates":[-79.1011,46.7097]},"properties":{"station":"CWBA","name":"BARRAGE TEMISCAMINGUE","state":"CA_QC","country":"CA","elevation":181}},{"type":"Feature","id":"CWBK","geometry":{"type":"Point","coordinates":[-62.6833,45.7667]},"properties":{"station":"CWBK","name":"CARIBOU POINT (AUT)  NS","state":"CA_NS","country":"CA","elevation":2}},{"type":"Feature","id":"CWBO","geometry":{"type":"Point","coordinates":[-111.8489,50.5553]},"properties":{"station":"CWBO","name":"BROOKS  ALTA","state":"CA_AB","country":"CA","elevation":747}},{"type":"Feature","id":"CWBS","geometry":{"type":"Point","coordinates":[-72.9167,46.1833]},"properties":{"station":"CWBS","name":"LAC SAINT- PIERRE  QUE","state":"CA_QC","country":"CA","elevation":16}},{"type":"Feature","id":"CWBT","geometry":{"type":"Point","coordinates":[-64.2264,50.2714]},"properties":{"station":"CWBT","name":"LONGUE POINTE DE MINGAN QUE","state":"CA_QC","country":"CA","elevation":11}},{"type":"Feature","id":"CWBU","geometry":{"type":"Point","coordinates":[-104,53.3333]},"properties":{"station":"CWBU","name":"NIPAWIN  SASK","state":"CA_SK","country":"CA","elevation":373}},{"type":"Feature","id":"CWBV","geometry":{"type":"Point","coordinates":[-62.3333,44.8167]},"properties":{"station":"CWBV","name":"BEAVER ISLAND (AUT)  NS","state":"CA_NS","country":"CA","elevation":10}},{"type":"Feature","id":"CWBY","geometry":{"type":"Point","coordinates":[-64.2933,49.8386]},"properties":{"station":"CWBY","name":"PORT MENIER  QUE","state":"CA_QC","country":"CA","elevation":53}},{"type":"Feature","id":"CWBZ","geometry":{"type":"Point","coordinates":[-74.2894,45.1208]},"properties":{"station":"CWBZ","name":"ST ANICET","state":"CA_QC","country":"CA","elevation":49}},{"type":"Feature","id":"CWC","geometry":{"type":"Point","coordinates":[-98.4904,33.8578]},"properties":{"station":"CWC","name":"Kickapoo","state":"TX","country":"US","elevation":304}},{"type":"Feature","id":"CWCF","geometry":{"type":"Point","coordinates":[-97.0219,52.3597]},"properties":{"station":"CWCF","name":"BERENS RIVER CS  MAN","state":"CA_MB","country":"CA","elevation":222}},{"type":"Feature","id":"CWCI","geometry":{"type":"Point","coordinates":[-85.8333,47.3333]},"properties":{"station":"CWCI","name":"CARIBOU ISLAND (AUT)  ONT","state":"CA_ON","country":"CA","elevation":187}},{"type":"Feature","id":"CWCJ","geometry":{"type":"Point","coordinates":[-86.2947,48.5883]},"properties":{"station":"CWCJ","name":"PUKASKWA (AUT)  ONT","state":"CA_ON","country":"CA","elevation":206}},{"type":"Feature","id":"CWCT","geometry":{"type":"Point","coordinates":[-111.4667,52.0667]},"properties":{"station":"CWCT","name":"CORONATION CLIMATE  ALTA","state":"CA_AB","country":"CA","elevation":791}},{"type":"Feature","id":"CWDC","geometry":{"type":"Point","coordinates":[-108.4833,59.5667]},"properties":{"station":"CWDC","name":"URANIUM CITY (AUT)","state":"CA_SK","country":"CA","elevation":318}},{"type":"Feature","id":"CWDJ","geometry":{"type":"Point","coordinates":[-104.6667,50.4333]},"properties":{"station":"CWDJ","name":"REGINA RCS  SASK","state":"CA_SK","country":"CA","elevation":573}},{"type":"Feature","id":"CWDK","geometry":{"type":"Point","coordinates":[-113.6386,50.0036]},"properties":{"station":"CWDK","name":"CLARESHOLM","state":"CA_AB","country":"CA","elevation":1012}},{"type":"Feature","id":"CWDM","geometry":{"type":"Point","coordinates":[-59.6394,50.465]},"properties":{"station":"CWDM","name":"CHEVERY  QUE","state":"CA_QC","country":"CA","elevation":6}},{"type":"Feature","id":"CWDQ","geometry":{"type":"Point","coordinates":[-72.7875,47.4111]},"properties":{"station":"CWDQ","name":"LA TUQUE  QUE","state":"CA_QC","country":"CA","elevation":169}},{"type":"Feature","id":"CWDV","geometry":{"type":"Point","coordinates":[-90.4667,49.0333]},"properties":{"station":"CWDV","name":"UPSALA (AUT)  ONT","state":"CA_ON","country":"CA","elevation":489}},{"type":"Feature","id":"CWDZ","geometry":{"type":"Point","coordinates":[-112.6767,51.4453]},"properties":{"station":"CWDZ","name":"DRUMHELLER EAST  ALTA","state":"CA_AB","country":"CA","elevation":678}},{"type":"Feature","id":"CWEB","geometry":{"type":"Point","coordinates":[-126.5431,49.3833]},"properties":{"station":"CWEB","name":"ESTEVAN POINT CS  BC","state":"CA_BC","country":"CA","elevation":7}},{"type":"Feature","id":"CWEE","geometry":{"type":"Point","coordinates":[-73.3556,49.2786]},"properties":{"station":"CWEE","name":"CHAMOUCHOUANE  QUE","state":"CA_QC","country":"CA","elevation":305}},{"type":"Feature","id":"CWEF","geometry":{"type":"Point","coordinates":[-60.1444,47.2328]},"properties":{"station":"CWEF","name":"ST PAUL ISLAND (AUT)  NS","state":"CA_NS","country":"CA","elevation":26}},{"type":"Feature","id":"CWEH","geometry":{"type":"Point","coordinates":[-108.9886,49.4378]},"properties":{"station":"CWEH","name":"EASTEND CYPRESS (AUT)  SASK","state":"CA_SK","country":"CA","elevation":1078}},{"type":"Feature","id":"CWEK","geometry":{"type":"Point","coordinates":[-130.6978,54.5804]},"properties":{"station":"CWEK","name":"Grey Islet","state":"CA_BC","country":"CA","elevation":-38}},{"type":"Feature","id":"CWEL","geometry":{"type":"Point","coordinates":[-123.8106,49.2087]},"properties":{"station":"CWEL","name":"Entrance Island CS","state":"CA_BC","country":"CA","elevation":-23}},{"type":"Feature","id":"CWEP","geometry":{"type":"Point","coordinates":[-61.9667,46.45]},"properties":{"station":"CWEP","name":"EAST POINT (AUT)  PEI","state":"CA_PE","country":"CA","elevation":11}},{"type":"Feature","id":"CWEQ","geometry":{"type":"Point","coordinates":[-101.2331,52.115]},"properties":{"station":"CWEQ","name":"SWAN RIVER (AUT)  MAN","state":"CA_MB","country":"CA","elevation":335}},{"type":"Feature","id":"CWEU","geometry":{"type":"Point","coordinates":[-85.9333,79.9833]},"properties":{"station":"CWEU","name":"EUREKA","state":"CA_NU","country":"CA","elevation":10}},{"type":"Feature","id":"CWEW","geometry":{"type":"Point","coordinates":[-73.4347,45.8095]},"properties":{"station":"CWEW","name":"L Assomption","state":"CA_QC","country":"CA","elevation":168}},{"type":"Feature","id":"CWEZ","geometry":{"type":"Point","coordinates":[-123.0459,48.783]},"properties":{"station":"CWEZ","name":"SATURNA ISLAND  CS","state":"CA_BC","country":"CA","elevation":7}},{"type":"Feature","id":"CWF","geometry":{"type":"Point","coordinates":[-93.1432,30.2106]},"properties":{"station":"CWF","name":"Lake Charles - Chennault Intl","state":"LA","country":"US","elevation":4}},{"type":"Feature","id":"CWFF","geometry":{"type":"Point","coordinates":[-104.6,52.8167]},"properties":{"station":"CWFF","name":"MELFORT  SASK","state":"CA_SK","country":"CA","elevation":490}},{"type":"Feature","id":"CWFJ","geometry":{"type":"Point","coordinates":[-113.2858,49.2006]},"properties":{"station":"CWFJ","name":"CARDSTON  ALTA","state":"CA_AB","country":"CA","elevation":1136}},{"type":"Feature","id":"CWFQ","geometry":{"type":"Point","coordinates":[-72.8617,45.0503]},"properties":{"station":"CWFQ","name":"FRELIGHSBURG  QUE","state":"CA_QC","country":"CA","elevation":152}},{"type":"Feature","id":"CWGB","geometry":{"type":"Point","coordinates":[-124.1597,49.3501]},"properties":{"station":"CWGB","name":"BALLENAS ISLAND  BC","state":"CA_BC","country":"CA","elevation":5}},{"type":"Feature","id":"CWGD","geometry":{"type":"Point","coordinates":[-81.7167,43.7667]},"properties":{"station":"CWGD","name":"GODERICH  ONT","state":"CA_ON","country":"CA","elevation":214}},{"type":"Feature","id":"CWGH","geometry":{"type":"Point","coordinates":[-75.85,44.4167]},"properties":{"station":"CWGH","name":"GRENADIER ISLAND  ONT","state":"CA_ON","country":"CA","elevation":82}},{"type":"Feature","id":"CWGL","geometry":{"type":"Point","coordinates":[-79.2167,44.5472]},"properties":{"station":"CWGL","name":"LAGOON CITY  ONT","state":"CA_ON","country":"CA","elevation":221}},{"type":"Feature","id":"CWGM","geometry":{"type":"Point","coordinates":[-113.8086,49.1311]},"properties":{"station":"CWGM","name":"WATERTON PARK GATE","state":"CA_AB","country":"CA","elevation":1296}},{"type":"Feature","id":"CWGR","geometry":{"type":"Point","coordinates":[-61.8,47.42]},"properties":{"station":"CWGR","name":"ILES DE LA MADELEINE  QUE","state":"CA_QC","country":"CA","elevation":60}},{"type":"Feature","id":"CWGT","geometry":{"type":"Point","coordinates":[-124.4349,49.4864]},"properties":{"station":"CWGT","name":"SISTERS ISLAND  BC","state":"CA_BC","country":"CA","elevation":5}},{"type":"Feature","id":"CWGW","geometry":{"type":"Point","coordinates":[-114.8861,49.7453]},"properties":{"station":"CWGW","name":"SPARWOOD CS  BC","state":"CA_BC","country":"CA","elevation":1137}},{"type":"Feature","id":"CWGY","geometry":{"type":"Point","coordinates":[-110.2061,51.6697]},"properties":{"station":"CWGY","name":"ESTHER 1  ALTA","state":"CA_AB","country":"CA","elevation":707}},{"type":"Feature","id":"CWGZ","geometry":{"type":"Point","coordinates":[-82.9022,76.4228]},"properties":{"station":"CWGZ","name":"GRISE FIORD AIRPORT","state":"CA_NU","country":"CA","elevation":45}},{"type":"Feature","id":"CWHL","geometry":{"type":"Point","coordinates":[-130.3608,54.1725]},"properties":{"station":"CWHL","name":"HOLLAND ROCK  BC","state":"CA_BC","country":"CA","elevation":5}},{"type":"Feature","id":"CWHQ","geometry":{"type":"Point","coordinates":[-71.9717,46.6907]},"properties":{"station":"CWHQ","name":"DESCHAMBAULT CS  QUE","state":"CA_QC","country":"CA","elevation":55}},{"type":"Feature","id":"CWHT","geometry":{"type":"Point","coordinates":[-137.5813,60.7726]},"properties":{"station":"CWHT","name":"HAINES JUNCTION","state":"CA_YT","country":"CA","elevation":599}},{"type":"Feature","id":"CWHV","geometry":{"type":"Point","coordinates":[-70.785,46.205]},"properties":{"station":"CWHV","name":"BEAUCEVILLE  QUE","state":"CA_QC","country":"CA","elevation":229}},{"type":"Feature","id":"CWI","geometry":{"type":"Point","coordinates":[-90.3328,41.8295]},"properties":{"station":"CWI","name":"CLINTON","state":"IA","country":"US","elevation":216}},{"type":"Feature","id":"CWID","geometry":{"type":"Point","coordinates":[-117.6,61.3167]},"properties":{"station":"CWID","name":"FORT PROVIDENCE  NWT","state":"CA_NT","country":"CA","elevation":161}},{"type":"Feature","id":"CWII","geometry":{"type":"Point","coordinates":[-96.5622,50.6951]},"properties":{"station":"CWII","name":"VICTORIA BEACH (AUT)  MAN","state":"CA_MB","country":"CA","elevation":220}},{"type":"Feature","id":"CWIJ","geometry":{"type":"Point","coordinates":[-111.2458,65.7553]},"properties":{"station":"CWIJ","name":"LUPIN CS  CS","state":"CA_NU","country":"CA","elevation":500}},{"type":"Feature","id":"CWIK","geometry":{"type":"Point","coordinates":[-102.5708,50.3681]},"properties":{"station":"CWIK","name":"BROADVIEW  SASK","state":"CA_SK","country":"CA","elevation":602}},{"type":"Feature","id":"CWIP","geometry":{"type":"Point","coordinates":[-66.4339,50.1625]},"properties":{"station":"CWIP","name":"POINTE NOIRE CS  QUE","state":"CA_QC","country":"CA","elevation":25}},{"type":"Feature","id":"CWIS","geometry":{"type":"Point","coordinates":[-70.6375,47.2842]},"properties":{"station":"CWIS","name":"CHARLEVOIX (MRX)","state":"CA_QC","country":"CA","elevation":719}},{"type":"Feature","id":"CWIT","geometry":{"type":"Point","coordinates":[-73.6789,45.1672]},"properties":{"station":"CWIT","name":"STE CLOTHILDE  QUE","state":"CA_QC","country":"CA","elevation":52}},{"type":"Feature","id":"CWIW","geometry":{"type":"Point","coordinates":[-105.4,51.6667]},"properties":{"station":"CWIW","name":"WATROUS EAST  SASK","state":"CA_SK","country":"CA","elevation":526}},{"type":"Feature","id":"CWIX","geometry":{"type":"Point","coordinates":[-71.7158,48.5983]},"properties":{"station":"CWIX","name":"MISTOOK  QUE","state":"CA_QC","country":"CA","elevation":113}},{"type":"Feature","id":"CWIZ","geometry":{"type":"Point","coordinates":[-73.3494,45.2939]},"properties":{"station":"CWIZ","name":"L Acadie","state":"CA_QC","country":"CA","elevation":45}},{"type":"Feature","id":"CWJB","geometry":{"type":"Point","coordinates":[-71.2875,46.7803]},"properties":{"station":"CWJB","name":"STE FOY (U. LAVAL)  QUE","state":"CA_QC","country":"CA","elevation":91}},{"type":"Feature","id":"CWJC","geometry":{"type":"Point","coordinates":[-100.8839,61.1319]},"properties":{"station":"CWJC","name":"ENNADAI LAKE (AUT)  NU","state":"CA_NU","country":"CA","elevation":357}},{"type":"Feature","id":"CWJD","geometry":{"type":"Point","coordinates":[-99.2678,53.1864]},"properties":{"station":"CWJD","name":"GRAND RAPIDS (AUT)","state":"CA_MB","country":"CA","elevation":223}},{"type":"Feature","id":"CWJH","geometry":{"type":"Point","coordinates":[-103.2833,56.3333]},"properties":{"station":"CWJH","name":"SOUTHEND  SASK","state":"CA_SK","country":"CA","elevation":344}},{"type":"Feature","id":"CWJI","geometry":{"type":"Point","coordinates":[-105.9461,49.7292]},"properties":{"station":"CWJI","name":"ASSINIBOIA AIRPORT  SASK","state":"CA_SK","country":"CA","elevation":724}},{"type":"Feature","id":"CWJO","geometry":{"type":"Point","coordinates":[-71.1426,48.425]},"properties":{"station":"CWJO","name":"JONQUIERE  QUE","state":"CA_QC","country":"CA","elevation":133}},{"type":"Feature","id":"CWJR","geometry":{"type":"Point","coordinates":[-116.5006,49.0819]},"properties":{"station":"CWJR","name":"CRESTON CAMPBELL SCIENTIFIC","state":"CA_BC","country":"CA","elevation":646}},{"type":"Feature","id":"CWJU","geometry":{"type":"Point","coordinates":[-133.0583,54.2553]},"properties":{"station":"CWJU","name":"LANGARA","state":"CA_BC","country":"CA","elevation":41}},{"type":"Feature","id":"CWJV","geometry":{"type":"Point","coordinates":[-119.1937,50.2233]},"properties":{"station":"CWJV","name":"Vernon","state":"CA_BC","country":"CA","elevation":486.38596}},{"type":"Feature","id":"CWJW","geometry":{"type":"Point","coordinates":[-118.0301,52.9263]},"properties":{"station":"CWJW","name":"JASPER WARDEN  ALTA","state":"CA_AB","country":"CA","elevation":1020}},{"type":"Feature","id":"CWJX","geometry":{"type":"Point","coordinates":[-109.5014,50.9094]},"properties":{"station":"CWJX","name":"LEADER AIRPORT  SASK","state":"CA_SK","country":"CA","elevation":672}},{"type":"Feature","id":"CWKD","geometry":{"type":"Point","coordinates":[-71.0131,50.7289]},"properties":{"station":"CWKD","name":"BONNARD 1  QUE","state":"CA_QC","country":"CA","elevation":497}},{"type":"Feature","id":"CWKG","geometry":{"type":"Point","coordinates":[-65.2031,44.4322]},"properties":{"station":"CWKG","name":"KEJIMKUJIK 1  NS","state":"CA_NS","country":"CA","elevation":165}},{"type":"Feature","id":"CWKK","geometry":{"type":"Point","coordinates":[-88.3322,49.7131]},"properties":{"station":"CWKK","name":"KATATOTA ISLAND","state":"CA_ON","country":"CA","elevation":260}},{"type":"Feature","id":"CWKO","geometry":{"type":"Point","coordinates":[-105.9792,49.1678]},"properties":{"station":"CWKO","name":"ROCKGLEN (AUT)  SASK","state":"CA_SK","country":"CA","elevation":917}},{"type":"Feature","id":"CWKX","geometry":{"type":"Point","coordinates":[-130.0256,58.4258]},"properties":{"station":"CWKX","name":"Dease Lake","state":"CA_BC","country":"CA","elevation":801.8414}},{"type":"Feature","id":"CWLB","geometry":{"type":"Point","coordinates":[-112.0236,54.7689]},"properties":{"station":"CWLB","name":"POOLS ISLAND","state":"CA_AB","country":"CA","elevation":567}},{"type":"Feature","id":"CWLC","geometry":{"type":"Point","coordinates":[-130.6087,54.2957]},"properties":{"station":"CWLC","name":"LUCY ISLAND LIGHTSTATION","state":"CA_BC","country":"CA","elevation":27}},{"type":"Feature","id":"CWLE","geometry":{"type":"Point","coordinates":[-107.15,50.95]},"properties":{"station":"CWLE","name":"LUCKY LAKE  SASK","state":"CA_SK","country":"CA","elevation":665}},{"type":"Feature","id":"CWLM","geometry":{"type":"Point","coordinates":[-123.3248,48.4133]},"properties":{"station":"CWLM","name":"Victoria Gonzales CS","state":"CA_BC","country":"CA","elevation":58.775112}},{"type":"Feature","id":"CWLP","geometry":{"type":"Point","coordinates":[-127.6322,50.9399]},"properties":{"station":"CWLP","name":"Herbert Island","state":"CA_BC","country":"CA","elevation":-32}},{"type":"Feature","id":"CWLS","geometry":{"type":"Point","coordinates":[-80.75,43.9833]},"properties":{"station":"CWLS","name":"MOUNT FOREST (AUT)  ONT","state":"CA_ON","country":"CA","elevation":415}},{"type":"Feature","id":"CWLY","geometry":{"type":"Point","coordinates":[-121.5818,50.2245]},"properties":{"station":"CWLY","name":"Lytton","state":"CA_BC","country":"CA","elevation":213.14632}},{"type":"Feature","id":"CWME","geometry":{"type":"Point","coordinates":[-127.4713,52.1875]},"properties":{"station":"CWME","name":"Cathedral Point","state":"CA_BC","country":"CA","elevation":15.419322}},{"type":"Feature","id":"CWMJ","geometry":{"type":"Point","coordinates":[-75.9919,46.2747]},"properties":{"station":"CWMJ","name":"MANIWAKI AIRPORT","state":"CA_QC","country":"CA","elevation":200}},{"type":"Feature","id":"CWMM","geometry":{"type":"Point","coordinates":[-122.69,49.2083]},"properties":{"station":"CWMM","name":"Pitt Meadows CS","state":"CA_BC","country":"CA","elevation":3.3741167}},{"type":"Feature","id":"CWMQ","geometry":{"type":"Point","coordinates":[-109.4815,49.896]},"properties":{"station":"CWMQ","name":"Maple Creek","state":"CA_SK","country":"CA","elevation":765}},{"type":"Feature","id":"CWMT","geometry":{"type":"Point","coordinates":[-117.2447,63.1336]},"properties":{"station":"CWMT","name":"WHATI NT","state":"CA_NT","country":"CA","elevation":271}},{"type":"Feature","id":"CWMZ","geometry":{"type":"Point","coordinates":[-80.3667,45.0333]},"properties":{"station":"CWMZ","name":"WESTERN ISLAND (AUT)  ONT","state":"CA_ON","country":"CA","elevation":191}},{"type":"Feature","id":"CWN","geometry":{"type":"Point","coordinates":[-104.85,38.75]},"properties":{"station":"CWN","name":"Cheyenne Mountain","state":"CO","country":"US","elevation":2227.647}},{"type":"Feature","id":"CWNC","geometry":{"type":"Point","coordinates":[-78.1667,43.95]},"properties":{"station":"CWNC","name":"COBOURG (AUT)  ONT","state":"CA_ON","country":"CA","elevation":78}},{"type":"Feature","id":"CWND","geometry":{"type":"Point","coordinates":[-135.4439,69.6325]},"properties":{"station":"CWND","name":"PELLY ISLAND  NWT","state":"CA_NT","country":"CA","elevation":12}},{"type":"Feature","id":"CWNE","geometry":{"type":"Point","coordinates":[-63.9986,47.0581]},"properties":{"station":"CWNE","name":"NORTH POINT  PEI","state":"CA_PE","country":"CA","elevation":15}},{"type":"Feature","id":"CWNH","geometry":{"type":"Point","coordinates":[-69.5486,47.8058]},"properties":{"station":"CWNH","name":"RIVIERE DU LOUP  QUE","state":"CA_QC","country":"CA","elevation":148}},{"type":"Feature","id":"CWNK","geometry":{"type":"Point","coordinates":[-98.0297,49.4981]},"properties":{"station":"CWNK","name":"CARMAN U OF M CS  MAN","state":"CA_MB","country":"CA","elevation":268}},{"type":"Feature","id":"CWNM","geometry":{"type":"Point","coordinates":[-117.3053,49.4914]},"properties":{"station":"CWNM","name":"NELSON  BC","state":"CA_BC","country":"CA","elevation":535}},{"type":"Feature","id":"CWNP","geometry":{"type":"Point","coordinates":[-117.8128,50.2664]},"properties":{"station":"CWNP","name":"NAKUSP CS  BC","state":"CA_BC","country":"CA","elevation":524}},{"type":"Feature","id":"CWNQ","geometry":{"type":"Point","coordinates":[-72.6572,46.2258]},"properties":{"station":"CWNQ","name":"NICOLET  QUE","state":"CA_QC","country":"CA","elevation":10}},{"type":"Feature","id":"CWNZ","geometry":{"type":"Point","coordinates":[-84.1636,49.7469]},"properties":{"station":"CWNZ","name":"NAGAGAMI (AUT)  ONT","state":"CA_ON","country":"CA","elevation":256}},{"type":"Feature","id":"CWOC","geometry":{"type":"Point","coordinates":[-65.3317,48.0119]},"properties":{"station":"CWOC","name":"NEW CARLISLE 1  QUE","state":"CA_QC","country":"CA","elevation":47}},{"type":"Feature","id":"CWOD","geometry":{"type":"Point","coordinates":[-72.5465,48.8419]},"properties":{"station":"CWOD","name":"NORMANDIN  QUE","state":"CA_QC","country":"CA","elevation":137}},{"type":"Feature","id":"CWOE","geometry":{"type":"Point","coordinates":[-110.4688,49.1231]},"properties":{"station":"CWOE","name":"ONEFOUR CDA  ALTA","state":"CA_AB","country":"CA","elevation":935}},{"type":"Feature","id":"CWOY","geometry":{"type":"Point","coordinates":[-104.2,51.7667]},"properties":{"station":"CWOY","name":"WYNYARD (AUT)  SASK","state":"CA_SK","country":"CA","elevation":560}},{"type":"Feature","id":"CWPD","geometry":{"type":"Point","coordinates":[-71.2289,47.5622]},"properties":{"station":"CWPD","name":"PARC DES LAURENTIDES  QUE","state":"CA_QC","country":"CA","elevation":803}},{"type":"Feature","id":"CWPE","geometry":{"type":"Point","coordinates":[-66.4667,45.0667]},"properties":{"station":"CWPE","name":"POINT LEPREAU CS","state":"CA_NB","country":"CA","elevation":1}},{"type":"Feature","id":"CWPF","geometry":{"type":"Point","coordinates":[-123.4395,48.4319]},"properties":{"station":"CWPF","name":"ESQUIMALT HARBOUR","state":"CA_BC","country":"CA","elevation":12}},{"type":"Feature","id":"CWPK","geometry":{"type":"Point","coordinates":[-74.6242,47.9222]},"properties":{"station":"CWPK","name":"PARENT  QUE","state":"CA_QC","country":"CA","elevation":442}},{"type":"Feature","id":"CWPO","geometry":{"type":"Point","coordinates":[-98.905,49.1911]},"properties":{"station":"CWPO","name":"PILOT MOUND (AUT)","state":"CA_MB","country":"CA","elevation":470}},{"type":"Feature","id":"CWPR","geometry":{"type":"Point","coordinates":[-120.5143,49.4684]},"properties":{"station":"CWPR","name":"PRINCETON CS  BC","state":"CA_BC","country":"CA","elevation":700}},{"type":"Feature","id":"CWPZ","geometry":{"type":"Point","coordinates":[-125.9586,54.3831]},"properties":{"station":"CWPZ","name":"BURNS LAKE CAMPBELL SCIENTIFI","state":"CA_BC","country":"CA","elevation":713}},{"type":"Feature","id":"CWQH","geometry":{"type":"Point","coordinates":[-71.8236,45.3689]},"properties":{"station":"CWQH","name":"LENOXVILLE  QUE","state":"CA_QC","country":"CA","elevation":181}},{"type":"Feature","id":"CWQK","geometry":{"type":"Point","coordinates":[-123.5314,48.298]},"properties":{"station":"CWQK","name":"Race Rocks CS","state":"CA_BC","country":"CA","elevation":-36}},{"type":"Feature","id":"CWQO","geometry":{"type":"Point","coordinates":[-68.8928,48.4156]},"properties":{"station":"CWQO","name":"ILE BICQUETTE  QUE","state":"CA_QC","country":"CA","elevation":1}},{"type":"Feature","id":"CWQP","geometry":{"type":"Point","coordinates":[-77.15,43.8333]},"properties":{"station":"CWQP","name":"POINT PETRE (AUT)  ONT","state":"CA_ON","country":"CA","elevation":79}},{"type":"Feature","id":"CWQR","geometry":{"type":"Point","coordinates":[-64.2072,50.2208]},"properties":{"station":"CWQR","name":"ILE AUX PERROQUETS  QUE","state":"CA_QC","country":"CA","elevation":9}},{"type":"Feature","id":"CWQS","geometry":{"type":"Point","coordinates":[-132.7723,53.3155]},"properties":{"station":"CWQS","name":"Kindakun Rocks","state":"CA_BC","country":"CA","elevation":-17.699905}},{"type":"Feature","id":"CWQV","geometry":{"type":"Point","coordinates":[-70.1144,48.2603]},"properties":{"station":"CWQV","name":"POINTE CLAVEAU  QUE","state":"CA_QC","country":"CA","elevation":1}},{"type":"Feature","id":"CWRJ","geometry":{"type":"Point","coordinates":[-107.9167,51.5667]},"properties":{"station":"CWRJ","name":"ROSETOWN EAST  SASK","state":"CA_SK","country":"CA","elevation":586}},{"type":"Feature","id":"CWRK","geometry":{"type":"Point","coordinates":[-77.8789,45.0714]},"properties":{"station":"CWRK","name":"BANCROFT AUTO  ONT","state":"CA_ON","country":"CA","elevation":331}},{"type":"Feature","id":"CWRM","geometry":{"type":"Point","coordinates":[-114.9122,52.4214]},"properties":{"station":"CWRM","name":"ROCKY MTN HOUSE (AUT)  ALTA","state":"CA_AB","country":"CA","elevation":988}},{"type":"Feature","id":"CWRN","geometry":{"type":"Point","coordinates":[-60.9833,45.35]},"properties":{"station":"CWRN","name":"HART ISLAND (AUT)  NS","state":"CA_NS","country":"CA","elevation":8}},{"type":"Feature","id":"CWRO","geometry":{"type":"Point","coordinates":[-131.6604,54.1609]},"properties":{"station":"CWRO","name":"Rose Spit","state":"CA_BC","country":"CA","elevation":7.1466846}},{"type":"Feature","id":"CWRT","geometry":{"type":"Point","coordinates":[-114.4819,49.6275]},"properties":{"station":"CWRT","name":"CROWSNEST  ALTA","state":"CA_AB","country":"CA","elevation":1303}},{"type":"Feature","id":"CWRU","geometry":{"type":"Point","coordinates":[-127.9405,50.1117]},"properties":{"station":"CWRU","name":"SOLANDER ISLAND (AUT)  BC","state":"CA_BC","country":"CA","elevation":98}},{"type":"Feature","id":"CWRY","geometry":{"type":"Point","coordinates":[-112.05,49.1333]},"properties":{"station":"CWRY","name":"MILK RIVER  ALTA","state":"CA_AB","country":"CA","elevation":1050}},{"type":"Feature","id":"CWRZ","geometry":{"type":"Point","coordinates":[-64.3169,48.4194]},"properties":{"station":"CWRZ","name":"Cap D Espoir","state":"CA_QC","country":"CA","elevation":16}},{"type":"Feature","id":"CWSA","geometry":{"type":"Point","coordinates":[-60.0094,43.9322]},"properties":{"station":"CWSA","name":"SABLE ISLAND","state":"CA_NS","country":"CA","elevation":4}},{"type":"Feature","id":"CWSD","geometry":{"type":"Point","coordinates":[-63.8381,46.4411]},"properties":{"station":"CWSD","name":"SUMMERSIDE","state":"CA_PE","country":"CA","elevation":24}},{"type":"Feature","id":"CWSF","geometry":{"type":"Point","coordinates":[-65.3247,49.2508]},"properties":{"station":"CWSF","name":"CAP MADELEINE  QUE","state":"CA_QC","country":"CA","elevation":29}},{"type":"Feature","id":"CWSG","geometry":{"type":"Point","coordinates":[-66.6544,49.1092]},"properties":{"station":"CWSG","name":"CAP CHAT  QUE","state":"CA_QC","country":"CA","elevation":5}},{"type":"Feature","id":"CWSK","geometry":{"type":"Point","coordinates":[-123.1612,49.7832]},"properties":{"station":"CWSK","name":"SQUAMISH   BC","state":"CA_BC","country":"CA","elevation":60}},{"type":"Feature","id":"CWSL","geometry":{"type":"Point","coordinates":[-119.2906,50.7031]},"properties":{"station":"CWSL","name":"SALMON ARM CS  BC","state":"CA_BC","country":"CA","elevation":351}},{"type":"Feature","id":"CWSP","geometry":{"type":"Point","coordinates":[-123.921,48.3767]},"properties":{"station":"CWSP","name":"SHERINGHAM POINT  BC","state":"CA_BC","country":"CA","elevation":21}},{"type":"Feature","id":"CWSR","geometry":{"type":"Point","coordinates":[-107.55,53.3667]},"properties":{"station":"CWSR","name":"SPIRITWOOD WEST  SASK","state":"CA_SK","country":"CA","elevation":584}},{"type":"Feature","id":"CWSS","geometry":{"type":"Point","coordinates":[-67.2528,45.2103]},"properties":{"station":"CWSS","name":"ST.STEPHEN (AUT)","state":"CA_NB","country":"CA","elevation":26}},{"type":"Feature","id":"CWST","geometry":{"type":"Point","coordinates":[-70.0319,47.3558]},"properties":{"station":"CWST","name":"LA POCATIERE  QUE","state":"CA_QC","country":"CA","elevation":31}},{"type":"Feature","id":"CWSW","geometry":{"type":"Point","coordinates":[-114.8838,49.745]},"properties":{"station":"CWSW","name":"Sparwood / Elk Valley","state":"CA_BC","country":"CA","elevation":1136.3983}},{"type":"Feature","id":"CWTA","geometry":{"type":"Point","coordinates":[-73.5793,45.5049]},"properties":{"station":"CWTA","name":"MCTAVISH  QUE","state":"CA_QC","country":"CA","elevation":63}},{"type":"Feature","id":"CWTG","geometry":{"type":"Point","coordinates":[-67.3811,49.3167]},"properties":{"station":"CWTG","name":"POINTE DES MONTS  QUE","state":"CA_QC","country":"CA","elevation":5}},{"type":"Feature","id":"CWTN","geometry":{"type":"Point","coordinates":[-70.7808,47.0786]},"properties":{"station":"CWTN","name":"CAP TOURMENTE  QUE","state":"CA_QC","country":"CA","elevation":6}},{"type":"Feature","id":"CWTT","geometry":{"type":"Point","coordinates":[-72.1667,45.2667]},"properties":{"station":"CWTT","name":"LAC MEMPHREMAGOG","state":"CA_QC","country":"CA","elevation":209}},{"type":"Feature","id":"CWTY","geometry":{"type":"Point","coordinates":[-72.5161,46.3586]},"properties":{"station":"CWTY","name":"TROIS RIVIERES  QUE","state":"CA_QC","country":"CA","elevation":6}},{"type":"Feature","id":"CWUS","geometry":{"type":"Point","coordinates":[-119.6487,49.5625]},"properties":{"station":"CWUS","name":"Summerland CS","state":"CA_BC","country":"CA","elevation":450.14764}},{"type":"Feature","id":"CWUX","geometry":{"type":"Point","coordinates":[-70.9194,48.2981]},"properties":{"station":"CWUX","name":"LA BAIE","state":"CA_QC","country":"CA","elevation":135}},{"type":"Feature","id":"CWV","geometry":{"type":"Point","coordinates":[-81.8696,32.1951]},"properties":{"station":"CWV","name":"Claxton","state":"GA","country":"US","elevation":34}},{"type":"Feature","id":"CWVF","geometry":{"type":"Point","coordinates":[-123.3033,49.1059]},"properties":{"station":"CWVF","name":"SANDHEADS CS","state":"CA_BC","country":"CA","elevation":1}},{"type":"Feature","id":"CWVI","geometry":{"type":"Point","coordinates":[-112.0978,53.5053]},"properties":{"station":"CWVI","name":"VEGREVILLE  ALTA","state":"CA_AB","country":"CA","elevation":639}},{"type":"Feature","id":"CWVN","geometry":{"type":"Point","coordinates":[-107.5858,49.0583]},"properties":{"station":"CWVN","name":"VAL MARIE SOUTHEAST","state":"CA_SK","country":"CA","elevation":785}},{"type":"Feature","id":"CWVP","geometry":{"type":"Point","coordinates":[-109.5144,49.6406]},"properties":{"station":"CWVP","name":"CYPRESS HILLS PARK  SASK","state":"CA_SK","country":"CA","elevation":1271}},{"type":"Feature","id":"CWVQ","geometry":{"type":"Point","coordinates":[-73.9292,45.4272]},"properties":{"station":"CWVQ","name":"STE ANNE DE BELLEVUE 1  QUE","state":"CA_QC","country":"CA","elevation":39}},{"type":"Feature","id":"CWVT","geometry":{"type":"Point","coordinates":[-108.4206,55.8406]},"properties":{"station":"CWVT","name":"BUFFALO NARROWS (AUT)   SASK","state":"CA_SK","country":"CA","elevation":434}},{"type":"Feature","id":"CWVU","geometry":{"type":"Point","coordinates":[-66.3467,44.2858]},"properties":{"station":"CWVU","name":"BRIER ISLAND","state":"CA_NS","country":"CA","elevation":16}},{"type":"Feature","id":"CWWA","geometry":{"type":"Point","coordinates":[-123.1933,49.3471]},"properties":{"station":"CWWA","name":"West Vancouver","state":"CA_BC","country":"CA","elevation":167.42523}},{"type":"Feature","id":"CWWB","geometry":{"type":"Point","coordinates":[-79.7912,43.3002]},"properties":{"station":"CWWB","name":"BURLINGTON PIERS (AUT)  ONT","state":"CA_ON","country":"CA","elevation":76}},{"type":"Feature","id":"CWWE","geometry":{"type":"Point","coordinates":[-64.6642,43.99]},"properties":{"station":"CWWE","name":"WESTERN HEAD  NS","state":"CA_NS","country":"CA","elevation":9}},{"type":"Feature","id":"CWWF","geometry":{"type":"Point","coordinates":[-103.8012,49.6961]},"properties":{"station":"CWWF","name":"Weyburn","state":"CA_SK","country":"CA","elevation":584.1132}},{"type":"Feature","id":"CWWK","geometry":{"type":"Point","coordinates":[-122.784,49.0181]},"properties":{"station":"CWWK","name":"White Rock CS","state":"CA_BC","country":"CA","elevation":8.735223}},{"type":"Feature","id":"CWWL","geometry":{"type":"Point","coordinates":[-130.6386,53.4929]},"properties":{"station":"CWWL","name":"Bonilla Island","state":"CA_BC","country":"CA","elevation":4.1821976}},{"type":"Feature","id":"CWWS","geometry":{"type":"Point","coordinates":[-97.6164,52.8186]},"properties":{"station":"CWWS","name":"GEORGE ISLAND (AUT)  MAN","state":"CA_MB","country":"CA","elevation":223}},{"type":"Feature","id":"CWWZ","geometry":{"type":"Point","coordinates":[-79.2167,43.25]},"properties":{"station":"CWWZ","name":"PORT WELLER (AUT)  ONT","state":"CA_ON","country":"CA","elevation":79}},{"type":"Feature","id":"CWXA","geometry":{"type":"Point","coordinates":[-115.0667,51.0833]},"properties":{"station":"CWXA","name":"BOW VALLEY  ALTA","state":"CA_AB","country":"CA","elevation":1298}},{"type":"Feature","id":"CWXC","geometry":{"type":"Point","coordinates":[-71.0317,48.8942]},"properties":{"station":"CWXC","name":"ONATCHIWAY  QUE","state":"CA_QC","country":"CA","elevation":300}},{"type":"Feature","id":"CWXL","geometry":{"type":"Point","coordinates":[-111.4503,49.7342]},"properties":{"station":"CWXL","name":"BOW ISLAND","state":"CA_AB","country":"CA","elevation":838}},{"type":"Feature","id":"CWYJ","geometry":{"type":"Point","coordinates":[-123.3047,48.4569]},"properties":{"station":"CWYJ","name":"Victoria University CS","state":"CA_BC","country":"CA","elevation":62.41489}},{"type":"Feature","id":"CWYL","geometry":{"type":"Point","coordinates":[-116.3446,51.4428]},"properties":{"station":"CWYL","name":"Yoho Park","state":"CA_AB","country":"CA","elevation":1598.6891}},{"type":"Feature","id":"CWYY","geometry":{"type":"Point","coordinates":[-119.441,49.0283]},"properties":{"station":"CWYY","name":"Osoyoos CS","state":"CA_BC","country":"CA","elevation":281.98346}},{"type":"Feature","id":"CWZA","geometry":{"type":"Point","coordinates":[-121.7601,49.243]},"properties":{"station":"CWZA","name":"AGASSIZ CS","state":"CA_BC","country":"CA","elevation":15}},{"type":"Feature","id":"CWZG","geometry":{"type":"Point","coordinates":[-115.5522,51.1933]},"properties":{"station":"CWZG","name":"BANFF CS","state":"CA_AB","country":"CA","elevation":1397}},{"type":"Feature","id":"CWZL","geometry":{"type":"Point","coordinates":[-131.601,53.0303]},"properties":{"station":"CWZL","name":"Cumshewa Island","state":"CA_BC","country":"CA","elevation":-44}},{"type":"Feature","id":"CWZQ","geometry":{"type":"Point","coordinates":[-61.05,46.55]},"properties":{"station":"CWZQ","name":"GRAND ETANG","state":"CA_NS","country":"CA","elevation":17}},{"type":"Feature","id":"CWZV","geometry":{"type":"Point","coordinates":[-131.016,51.9358]},"properties":{"station":"CWZV","name":"Cape St James CS","state":"CA_BC","country":"CA","elevation":20.696507}},{"type":"Feature","id":"CWZW","geometry":{"type":"Point","coordinates":[-132.7333,60.1667]},"properties":{"station":"CWZW","name":"TESLIN (AUT)  YT","state":"CA_YT","country":"CA","elevation":705}},{"type":"Feature","id":"CXAT","geometry":{"type":"Point","coordinates":[-85.0122,72.9928]},"properties":{"station":"CXAT","name":"ARCTIC BAY CS","state":"CA_NU","country":"CA","elevation":19}},{"type":"Feature","id":"CXBI","geometry":{"type":"Point","coordinates":[-79.5467,44.4845]},"properties":{"station":"CXBI","name":"BARRIE-ORO","state":"CA_ON","country":"CA","elevation":289}},{"type":"Feature","id":"CXBK","geometry":{"type":"Point","coordinates":[-104.71,50.2006]},"properties":{"station":"CXBK","name":"BRATTS LAKE UA  SASK","state":"CA_SK","country":"CA","elevation":580}},{"type":"Feature","id":"CXBO","geometry":{"type":"Point","coordinates":[-71.1972,46.8369]},"properties":{"station":"CXBO","name":"BEAUPORT  QUE","state":"CA_QC","country":"CA","elevation":100}},{"type":"Feature","id":"CXCA","geometry":{"type":"Point","coordinates":[-88.3447,49.1539]},"properties":{"station":"CXCA","name":"CAMERON FALLS (AUT)  ONT","state":"CA_ON","country":"CA","elevation":228}},{"type":"Feature","id":"CXCK","geometry":{"type":"Point","coordinates":[-136.1919,62.115]},"properties":{"station":"CXCK","name":"CARMACKS CS","state":"CA_YT","country":"CA","elevation":540}},{"type":"Feature","id":"CXDE","geometry":{"type":"Point","coordinates":[-123.4333,65.2086]},"properties":{"station":"CXDE","name":"DELINE CS  NWT","state":"CA_NT","country":"CA","elevation":213}},{"type":"Feature","id":"CXDI","geometry":{"type":"Point","coordinates":[-80.5453,42.8635]},"properties":{"station":"CXDI","name":"DELHI CS  ONT","state":"CA_ON","country":"CA","elevation":232}},{"type":"Feature","id":"CXDK","geometry":{"type":"Point","coordinates":[-124.4683,61.2567]},"properties":{"station":"CXDK","name":"DEADMEN VALLEY  NWT","state":"CA_NT","country":"CA","elevation":283}},{"type":"Feature","id":"CXDW","geometry":{"type":"Point","coordinates":[-98.3167,49.4]},"properties":{"station":"CXDW","name":"DEERWOOD RCS  MAN","state":"CA_MB","country":"CA","elevation":341}},{"type":"Feature","id":"CXE","geometry":{"type":"Point","coordinates":[-78.5016,36.7883]},"properties":{"station":"CXE","name":"Chase City","state":"VA","country":"US","elevation":148.68195}},{"type":"Feature","id":"CXEA","geometry":{"type":"Point","coordinates":[-93.2214,50.6306]},"properties":{"station":"CXEA","name":"EAR FALLS (AUT)","state":"CA_ON","country":"CA","elevation":355}},{"type":"Feature","id":"CXEC","geometry":{"type":"Point","coordinates":[-113.5167,53.5731]},"properties":{"station":"CXEC","name":"Edmonton Municipal CR10","state":"CA_AB","country":"CA","elevation":671}},{"type":"Feature","id":"CXEG","geometry":{"type":"Point","coordinates":[-113.6058,53.3067]},"properties":{"station":"CXEG","name":"EDMONTON INTERNATIONAL CS  AL","state":"CA_AB","country":"CA","elevation":715}},{"type":"Feature","id":"CXET","geometry":{"type":"Point","coordinates":[-79.7833,44.2333]},"properties":{"station":"CXET","name":"EGBERT","state":"CA_ON","country":"CA","elevation":251}},{"type":"Feature","id":"CXGH","geometry":{"type":"Point","coordinates":[-96.9822,50.6311]},"properties":{"station":"CXGH","name":"GIMLI HARBOUR CS  MAN","state":"CA_MB","country":"CA","elevation":217}},{"type":"Feature","id":"CXHA","geometry":{"type":"Point","coordinates":[-82.896,42.0331]},"properties":{"station":"CXHA","name":"HARROW CDA AUTO","state":"CA_ON","country":"CA","elevation":191}},{"type":"Feature","id":"CXHM","geometry":{"type":"Point","coordinates":[-79.9051,43.2865]},"properties":{"station":"CXHM","name":"HAMILTON RBG CS  ONT","state":"CA_ON","country":"CA","elevation":107}},{"type":"Feature","id":"CXIB","geometry":{"type":"Point","coordinates":[-60.4,46.6667]},"properties":{"station":"CXIB","name":"INGONISH BEACH CS","state":"CA_NS","country":"CA","elevation":8}},{"type":"Feature","id":"CXKA","geometry":{"type":"Point","coordinates":[-82.4436,49.4064]},"properties":{"station":"CXKA","name":"KAPUSKASING CDA ON  ONT","state":"CA_ON","country":"CA","elevation":218}},{"type":"Feature","id":"CXKE","geometry":{"type":"Point","coordinates":[-75.6333,45]},"properties":{"station":"CXKE","name":"KEMPTVILLE CS  ONT","state":"CA_ON","country":"CA","elevation":99}},{"type":"Feature","id":"CXKI","geometry":{"type":"Point","coordinates":[-80,48.15]},"properties":{"station":"CXKI","name":"KIRKLAND LAKE CS  ONT","state":"CA_ON","country":"CA","elevation":324}},{"type":"Feature","id":"CXKT","geometry":{"type":"Point","coordinates":[-64.4833,45.0667]},"properties":{"station":"CXKT","name":"KENTVILLE CDA","state":"CA_NS","country":"CA","elevation":49}},{"type":"Feature","id":"CXLB","geometry":{"type":"Point","coordinates":[-64.2961,44.36]},"properties":{"station":"CXLB","name":"LUNENBURG","state":"CA_NS","country":"CA","elevation":4}},{"type":"Feature","id":"CXLL","geometry":{"type":"Point","coordinates":[-122.8511,61.125]},"properties":{"station":"CXLL","name":"LINDBURG LANDING  NWT","state":"CA_NT","country":"CA","elevation":183}},{"type":"Feature","id":"CXMD","geometry":{"type":"Point","coordinates":[-98.0839,49.1878]},"properties":{"station":"CXMD","name":"MORDEN CDA CS  MAN","state":"CA_MB","country":"CA","elevation":301}},{"type":"Feature","id":"CXMI","geometry":{"type":"Point","coordinates":[-63.5333,44.6]},"properties":{"station":"CXMI","name":"MCNABS ISLAND (AUT)","state":"CA_NS","country":"CA","elevation":15}},{"type":"Feature","id":"CXMM","geometry":{"type":"Point","coordinates":[-111.2133,56.6511]},"properties":{"station":"CXMM","name":"FORT MCMURRAY CS  ALTA","state":"CA_AB","country":"CA","elevation":369}},{"type":"Feature","id":"CXMY","geometry":{"type":"Point","coordinates":[-62.4833,44.9833]},"properties":{"station":"CXMY","name":"MALAY FALLS","state":"CA_NS","country":"CA","elevation":40}},{"type":"Feature","id":"CXNM","geometry":{"type":"Point","coordinates":[-60.6722,46.8169]},"properties":{"station":"CXNM","name":"NORTH MOUNTAIN CS","state":"CA_NS","country":"CA","elevation":439}},{"type":"Feature","id":"CXNP","geometry":{"type":"Point","coordinates":[-64.2333,45.75]},"properties":{"station":"CXNP","name":"NAPPAN AUTO  NS","state":"CA_NS","country":"CA","elevation":20}},{"type":"Feature","id":"CXO","geometry":{"type":"Point","coordinates":[-95.4145,30.3524]},"properties":{"station":"CXO","name":"CONROE/MONTGOMERY COUNTY AIRPORT","state":"TX","country":"US","elevation":75}},{"type":"Feature","id":"CXOX","geometry":{"type":"Point","coordinates":[-105.2703,55.1464]},"properties":{"station":"CXOX","name":"LA RONGE RCS  SASK","state":"CA_SK","country":"CA","elevation":379}},{"type":"Feature","id":"CXP","geometry":{"type":"Point","coordinates":[-119.7326,39.1923]},"properties":{"station":"CXP","name":"Carson City","state":"NV","country":"US","elevation":1431}},{"type":"Feature","id":"CXPC","geometry":{"type":"Point","coordinates":[-80.0442,45.3442]},"properties":{"station":"CXPC","name":"PARRY SOUND CCG  ONT","state":"CA_ON","country":"CA","elevation":176}},{"type":"Feature","id":"CXRB","geometry":{"type":"Point","coordinates":[-94.9833,74.7167]},"properties":{"station":"CXRB","name":"RESOLUTE CS","state":"CA_NU","country":"CA","elevation":68}},{"type":"Feature","id":"CXSE","geometry":{"type":"Point","coordinates":[-105.2956,73.7658]},"properties":{"station":"CXSE","name":"STEFANSSON ISLAND  NU","state":"CA_NU","country":"CA","elevation":11}},{"type":"Feature","id":"CXSH","geometry":{"type":"Point","coordinates":[-72.7333,46.5633]},"properties":{"station":"CXSH","name":"SHAWINIGAN CS  QUE","state":"CA_QC","country":"CA","elevation":110}},{"type":"Feature","id":"CXTD","geometry":{"type":"Point","coordinates":[-61.6797,45.6083]},"properties":{"station":"CXTD","name":"TRACADIE  NS  NS","state":"CA_NS","country":"CA","elevation":68}},{"type":"Feature","id":"CXTN","geometry":{"type":"Point","coordinates":[-122.3592,69.1989]},"properties":{"station":"CXTN","name":"TUKTUT NOGAIT  NWT","state":"CA_NT","country":"CA","elevation":552}},{"type":"Feature","id":"CXTO","geometry":{"type":"Point","coordinates":[-79.4193,43.6624]},"properties":{"station":"CXTO","name":"Toronto City","state":"CA_ON","country":"CA","elevation":108}},{"type":"Feature","id":"CXTV","geometry":{"type":"Point","coordinates":[-133.4991,68.7423]},"properties":{"station":"CXTV","name":"Trail Valley","state":"CA_NT","country":"CA","elevation":91}},{"type":"Feature","id":"CXU","geometry":{"type":"Point","coordinates":[-84.2352,31.2132]},"properties":{"station":"CXU","name":"Camilla","state":"GA","country":"US","elevation":51.806652}},{"type":"Feature","id":"CXVN","geometry":{"type":"Point","coordinates":[-79.4,43.1833]},"properties":{"station":"CXVN","name":"VINELAND STATION RCS  ONT","state":"CA_ON","country":"CA","elevation":79}},{"type":"Feature","id":"CXW","geometry":{"type":"Point","coordinates":[-92.5551,35.0199]},"properties":{"station":"CXW","name":"Conway","state":"AR","country":"US","elevation":81.75472}},{"type":"Feature","id":"CXWB","geometry":{"type":"Point","coordinates":[-89.4458,65.8792]},"properties":{"station":"CXWB","name":"WAGER BAY (AUT)  MAN","state":"CA_NU","country":"CA","elevation":18}},{"type":"Feature","id":"CXWN","geometry":{"type":"Point","coordinates":[-97.1296,49.8885]},"properties":{"station":"CXWN","name":"WINNIPEG THE FORKS  MAN","state":"CA_MB","country":"CA","elevation":230}},{"type":"Feature","id":"CXY","geometry":{"type":"Point","coordinates":[-76.8515,40.2171]},"properties":{"station":"CXY","name":"HARRISBURG/CAPITAL","state":"PA","country":"US","elevation":106}},{"type":"Feature","id":"CXYH","geometry":{"type":"Point","coordinates":[-123.7417,61.2419]},"properties":{"station":"CXYH","name":"YOHIN  NWT","state":"CA_NT","country":"CA","elevation":204}},{"type":"Feature","id":"CXZC","geometry":{"type":"Point","coordinates":[-80.6181,51.2917]},"properties":{"station":"CXZC","name":"MOOSONEE RCS  ONT","state":"CA_ON","country":"CA","elevation":9}},{"type":"Feature","id":"CXZV","geometry":{"type":"Point","coordinates":[-66.25,50.2167]},"properties":{"station":"CXZV","name":"SEPT-ILES  QUE","state":"CA_QC","country":"CA","elevation":52}},{"type":"Feature","id":"CYAB","geometry":{"type":"Point","coordinates":[-85.0473,73.0064]},"properties":{"station":"CYAB","name":"Arctic Bay Airport","state":"CA_NU","country":"CA","elevation":45}},{"type":"Feature","id":"CYAH","geometry":{"type":"Point","coordinates":[-73.6753,53.7547]},"properties":{"station":"CYAH","name":"LA GRANDE IV ARP","state":"CA_QC","country":"CA","elevation":306}},{"type":"Feature","id":"CYAM","geometry":{"type":"Point","coordinates":[-84.5094,46.4833]},"properties":{"station":"CYAM","name":"SAULT STE MARIE","state":"CA_ON","country":"CA","elevation":192}},{"type":"Feature","id":"CYAS","geometry":{"type":"Point","coordinates":[-69.9992,60.0272]},"properties":{"station":"CYAS","name":"KANGIRSUK A","state":"CA_QC","country":"CA","elevation":117}},{"type":"Feature","id":"CYAT","geometry":{"type":"Point","coordinates":[-82.4319,52.9275]},"properties":{"station":"CYAT","name":"Attawapiskat","state":"CA_ON","country":"CA","elevation":5.4982204}},{"type":"Feature","id":"CYAW","geometry":{"type":"Point","coordinates":[-63.4994,44.6397]},"properties":{"station":"CYAW","name":"SHEARWATER","state":"CA_NS","country":"CA","elevation":51}},{"type":"Feature","id":"CYAZ","geometry":{"type":"Point","coordinates":[-125.7666,49.0796]},"properties":{"station":"CYAZ","name":"Tofino / Long Beach","state":"CA_BC","country":"CA","elevation":32.059155}},{"type":"Feature","id":"CYBB","geometry":{"type":"Point","coordinates":[-89.8081,68.5344]},"properties":{"station":"CYBB","name":"KUGAARUK","state":"CA_NU","country":"CA","elevation":15}},{"type":"Feature","id":"CYBC","geometry":{"type":"Point","coordinates":[-68.2044,49.1325]},"properties":{"station":"CYBC","name":"BAIE COMEAU","state":"CA_QC","country":"CA","elevation":22}},{"type":"Feature","id":"CYBD","geometry":{"type":"Point","coordinates":[-126.5958,52.3875]},"properties":{"station":"CYBD","name":"BELLA COOLA","state":"CA_BC","country":"CA","elevation":35}},{"type":"Feature","id":"CYBG","geometry":{"type":"Point","coordinates":[-70.9869,48.3339]},"properties":{"station":"CYBG","name":"BAGOTVILLE","state":"CA_QC","country":"CA","elevation":159}},{"type":"Feature","id":"CYBK","geometry":{"type":"Point","coordinates":[-96.0778,64.2989]},"properties":{"station":"CYBK","name":"BAKER LAKE","state":"CA_NU","country":"CA","elevation":18}},{"type":"Feature","id":"CYBL","geometry":{"type":"Point","coordinates":[-125.2708,49.9508]},"properties":{"station":"CYBL","name":"CAMPBELL RIVER","state":"CA_BC","country":"CA","elevation":106}},{"type":"Feature","id":"CYBQ","geometry":{"type":"Point","coordinates":[-98.5122,58.7061]},"properties":{"station":"CYBQ","name":"Tadoule Lake","state":"CA_MB","country":"CA","elevation":281}},{"type":"Feature","id":"CYBR","geometry":{"type":"Point","coordinates":[-99.9519,49.91]},"properties":{"station":"CYBR","name":"BRANDON MUNI","state":"CA_MB","country":"CA","elevation":409}},{"type":"Feature","id":"CYBU","geometry":{"type":"Point","coordinates":[-104.0083,53.3325]},"properties":{"station":"CYBU","name":"NIPAWIN AIRPORT","state":"CA_SK","country":"CA","elevation":374}},{"type":"Feature","id":"CYBV","geometry":{"type":"Point","coordinates":[-97.0183,52.3589]},"properties":{"station":"CYBV","name":"Berens River Airport","state":"CA_MB","country":"CA","elevation":222}},{"type":"Feature","id":"CYBW","geometry":{"type":"Point","coordinates":[-114.3744,51.1031]},"properties":{"station":"CYBW","name":"SPRINGBANK A","state":"CA_AB","country":"CA","elevation":1200}},{"type":"Feature","id":"CYBX","geometry":{"type":"Point","coordinates":[-57.1853,51.4436]},"properties":{"station":"CYBX","name":"BLANC SABLON A","state":"CA_QC","country":"CA","elevation":35}},{"type":"Feature","id":"CYCB","geometry":{"type":"Point","coordinates":[-105.1383,69.1081]},"properties":{"station":"CYCB","name":"CAMBRIDGE BAY","state":"CA_NU","country":"CA","elevation":27}},{"type":"Feature","id":"CYCD","geometry":{"type":"Point","coordinates":[-123.8741,49.0516]},"properties":{"station":"CYCD","name":"NANAIMO","state":"CA_BC","country":"CA","elevation":30}},{"type":"Feature","id":"CYCG","geometry":{"type":"Point","coordinates":[-117.6325,49.2964]},"properties":{"station":"CYCG","name":"CASTLEGAR","state":"CA_BC","country":"CA","elevation":495}},{"type":"Feature","id":"CYCK","geometry":{"type":"Point","coordinates":[-82.0817,42.3062]},"properties":{"station":"CYCK","name":"Chatham Kent","state":"CA_ON","country":"CA","elevation":193.99951}},{"type":"Feature","id":"CYCO","geometry":{"type":"Point","coordinates":[-115.1439,67.8167]},"properties":{"station":"CYCO","name":"KUGLUKTUK","state":"CA_NT","country":"CA","elevation":22}},{"type":"Feature","id":"CYCP","geometry":{"type":"Point","coordinates":[-119.2898,52.129]},"properties":{"station":"CYCP","name":"BLUE RIVER","state":"CA_BC","country":"CA","elevation":683}},{"type":"Feature","id":"CYCQ","geometry":{"type":"Point","coordinates":[-121.6267,55.6872]},"properties":{"station":"CYCQ","name":"CHETWYND","state":"CA_BC","country":"CA","elevation":609}},{"type":"Feature","id":"CYCS","geometry":{"type":"Point","coordinates":[-90.7167,63.3333]},"properties":{"station":"CYCS","name":"CHESTERFIELD INLET","state":"CA_NU","country":"CA","elevation":11}},{"type":"Feature","id":"CYCX","geometry":{"type":"Point","coordinates":[-66.4367,45.8377]},"properties":{"station":"CYCX","name":"GAGETOWN  (CAN-MIL)","state":"CA_NB","country":"CA","elevation":51}},{"type":"Feature","id":"CYCY","geometry":{"type":"Point","coordinates":[-68.5167,70.4861]},"properties":{"station":"CYCY","name":"CLYDE RIVER","state":"CA_NU","country":"CA","elevation":26}},{"type":"Feature","id":"CYD","geometry":{"type":"Point","coordinates":[-89.2167,28.1667]},"properties":{"station":"CYD","name":"MISS CANYAN 807","state":"LA","country":"US","elevation":1}},{"type":"Feature","id":"CYDA","geometry":{"type":"Point","coordinates":[-139.1278,64.0431]},"properties":{"station":"CYDA","name":"DAWSON CITY","state":"CA_YT","country":"CA","elevation":369}},{"type":"Feature","id":"CYDB","geometry":{"type":"Point","coordinates":[-139.0406,61.3711]},"properties":{"station":"CYDB","name":"BURWASH","state":"CA_YT","country":"CA","elevation":801}},{"type":"Feature","id":"CYDC","geometry":{"type":"Point","coordinates":[-120.5167,49.4667]},"properties":{"station":"CYDC","name":"PRINCETON","state":"CA_BC","country":"CA","elevation":700}},{"type":"Feature","id":"CYDL","geometry":{"type":"Point","coordinates":[-130.0322,58.4222]},"properties":{"station":"CYDL","name":"Dease Lake","state":"CA_BC","country":"CA","elevation":792}},{"type":"Feature","id":"CYDN","geometry":{"type":"Point","coordinates":[-100.0525,51.1008]},"properties":{"station":"CYDN","name":"DAUPHIN BARKER","state":"CA_MB","country":"CA","elevation":305}},{"type":"Feature","id":"CYDQ","geometry":{"type":"Point","coordinates":[-120.1831,55.7422]},"properties":{"station":"CYDQ","name":"DAWSON CREEK ARP","state":"CA_BC","country":"CA","elevation":655}},{"type":"Feature","id":"CYED","geometry":{"type":"Point","coordinates":[-113.4725,53.6679]},"properties":{"station":"CYED","name":"EDMONTON/NAMAO(MIL)","state":"CA_AB","country":"CA","elevation":688}},{"type":"Feature","id":"CYEG","geometry":{"type":"Point","coordinates":[-113.5797,53.3097]},"properties":{"station":"CYEG","name":"EDMONTON INTL","state":"CA_AB","country":"CA","elevation":723}},{"type":"Feature","id":"CYEK","geometry":{"type":"Point","coordinates":[-94.0708,61.0942]},"properties":{"station":"CYEK","name":"ARVIAT","state":"CA_NU","country":"CA","elevation":10}},{"type":"Feature","id":"CYEN","geometry":{"type":"Point","coordinates":[-102.9658,49.2103]},"properties":{"station":"CYEN","name":"ESTEVAN A","state":"CA_SK","country":"CA","elevation":581}},{"type":"Feature","id":"CYER","geometry":{"type":"Point","coordinates":[-87.6761,56.0189]},"properties":{"station":"CYER","name":"FORT SEVERN","state":"CA_ON","country":"CA","elevation":16}},{"type":"Feature","id":"CYET","geometry":{"type":"Point","coordinates":[-116.465,53.5789]},"properties":{"station":"CYET","name":"EDSON","state":"CA_AB","country":"CA","elevation":925}},{"type":"Feature","id":"CYEV","geometry":{"type":"Point","coordinates":[-133.4828,68.3042]},"properties":{"station":"CYEV","name":"INUVIK MIKE ZUBKO","state":"CA_NT","country":"CA","elevation":68}},{"type":"Feature","id":"CYFB","geometry":{"type":"Point","coordinates":[-68.5558,63.7564]},"properties":{"station":"CYFB","name":"IQALUIT","state":"CA_NU","country":"CA","elevation":34}},{"type":"Feature","id":"CYFC","geometry":{"type":"Point","coordinates":[-66.5278,45.8722]},"properties":{"station":"CYFC","name":"FREDERICTON","state":"CA_NB","country":"CA","elevation":20}},{"type":"Feature","id":"CYFO","geometry":{"type":"Point","coordinates":[-101.6817,54.6781]},"properties":{"station":"CYFO","name":"FLIN FLON","state":"CA_MB","country":"CA","elevation":304}},{"type":"Feature","id":"CYFR","geometry":{"type":"Point","coordinates":[-113.6897,61.1808]},"properties":{"station":"CYFR","name":"FORT RESOLUTION","state":"CA_NT","country":"CA","elevation":164}},{"type":"Feature","id":"CYFS","geometry":{"type":"Point","coordinates":[-121.2367,61.7603]},"properties":{"station":"CYFS","name":"FORT SIMPSON","state":"CA_NT","country":"CA","elevation":169}},{"type":"Feature","id":"CYGE","geometry":{"type":"Point","coordinates":[-116.9822,51.2992]},"properties":{"station":"CYGE","name":"GOLDEN","state":"CA_BC","country":"CA","elevation":785}},{"type":"Feature","id":"CYGH","geometry":{"type":"Point","coordinates":[-128.6508,66.2408]},"properties":{"station":"CYGH","name":"FORT GOOD HOPE","state":"CA_NT","country":"CA","elevation":66}},{"type":"Feature","id":"CYGK","geometry":{"type":"Point","coordinates":[-76.5969,44.2253]},"properties":{"station":"CYGK","name":"KINGSTON","state":"CA_ON","country":"CA","elevation":93}},{"type":"Feature","id":"CYGL","geometry":{"type":"Point","coordinates":[-77.7042,53.6253]},"properties":{"station":"CYGL","name":"LA GRANDE RIVIERE","state":"CA_QC","country":"CA","elevation":195}},{"type":"Feature","id":"CYGP","geometry":{"type":"Point","coordinates":[-64.4781,48.7769]},"properties":{"station":"CYGP","name":"GASPE","state":"CA_QC","country":"CA","elevation":33}},{"type":"Feature","id":"CYGR","geometry":{"type":"Point","coordinates":[-61.7781,47.4247]},"properties":{"station":"CYGR","name":"ILES DE LA MADELEINE A","state":"CA_QC","country":"CA","elevation":10}},{"type":"Feature","id":"CYGT","geometry":{"type":"Point","coordinates":[-81.8167,69.3667]},"properties":{"station":"CYGT","name":"IGLOOLIK AIRPORT","state":"CA_NU","country":"CA","elevation":51}},{"type":"Feature","id":"CYGV","geometry":{"type":"Point","coordinates":[-63.6114,50.2819]},"properties":{"station":"CYGV","name":"HAVRE ST PIERRE","state":"CA_QC","country":"CA","elevation":33}},{"type":"Feature","id":"CYGW","geometry":{"type":"Point","coordinates":[-77.7653,55.2819]},"properties":{"station":"CYGW","name":"KUUJJUARAPIK ARPT","state":"CA_QC","country":"CA","elevation":12}},{"type":"Feature","id":"CYGX","geometry":{"type":"Point","coordinates":[-94.7106,56.3575]},"properties":{"station":"CYGX","name":"Gillam","state":"CA_MB","country":"CA","elevation":145}},{"type":"Feature","id":"CYHA","geometry":{"type":"Point","coordinates":[-69.6177,61.046]},"properties":{"station":"CYHA","name":"QUAQTAQ","state":"CA_QC","country":"CA","elevation":30}},{"type":"Feature","id":"CYHD","geometry":{"type":"Point","coordinates":[-92.7442,49.8317]},"properties":{"station":"CYHD","name":"DRYDEN RGNL","state":"CA_ON","country":"CA","elevation":413}},{"type":"Feature","id":"CYHE","geometry":{"type":"Point","coordinates":[-121.4936,49.3699]},"properties":{"station":"CYHE","name":"HOPE AIRPORT (MA","state":"CA_BC","country":"CA","elevation":39}},{"type":"Feature","id":"CYHI","geometry":{"type":"Point","coordinates":[-117.8061,70.7628]},"properties":{"station":"CYHI","name":"HOLMAN","state":"CA_NT","country":"CA","elevation":36}},{"type":"Feature","id":"CYHK","geometry":{"type":"Point","coordinates":[-95.8497,68.6356]},"properties":{"station":"CYHK","name":"GJOA HAVEN","state":"CA_NU","country":"CA","elevation":46}},{"type":"Feature","id":"CYHM","geometry":{"type":"Point","coordinates":[-79.9339,43.172]},"properties":{"station":"CYHM","name":"HAMILTON","state":"CA_ON","country":"CA","elevation":238}},{"type":"Feature","id":"CYHU","geometry":{"type":"Point","coordinates":[-73.4167,45.5167]},"properties":{"station":"CYHU","name":"MONTREAL/ST HUBERT","state":"CA_QC","country":"CA","elevation":27}},{"type":"Feature","id":"CYHY","geometry":{"type":"Point","coordinates":[-115.7828,60.8397]},"properties":{"station":"CYHY","name":"HAY RIVER A","state":"CA_NT","country":"CA","elevation":166}},{"type":"Feature","id":"CYHZ","geometry":{"type":"Point","coordinates":[-63.5086,44.8808]},"properties":{"station":"CYHZ","name":"HALIFAX INTL","state":"CA_NS","country":"CA","elevation":145}},{"type":"Feature","id":"CYIK","geometry":{"type":"Point","coordinates":[-77.9253,62.4173]},"properties":{"station":"CYIK","name":"IVUJIVIK","state":"CA_QC","country":"CA","elevation":42}},{"type":"Feature","id":"CYIN","geometry":{"type":"Point","coordinates":[-121.6849,51.2645]},"properties":{"station":"CYIN","name":"Clinton / Bleibler Ranch","state":"CA_BC","country":"CA","elevation":1126.1952}},{"type":"Feature","id":"CYIO","geometry":{"type":"Point","coordinates":[-77.9689,72.6894]},"properties":{"station":"CYIO","name":"POND INLET","state":"CA_NU","country":"CA","elevation":57}},{"type":"Feature","id":"CYIV","geometry":{"type":"Point","coordinates":[-94.6537,53.8571]},"properties":{"station":"CYIV","name":"ISLAND LAKE AIRPORT","state":"CA_MB","country":"CA","elevation":237}},{"type":"Feature","id":"CYJF","geometry":{"type":"Point","coordinates":[-123.47,60.2356]},"properties":{"station":"CYJF","name":"FORT LIARD","state":"CA_NT","country":"CA","elevation":215}},{"type":"Feature","id":"CYKA","geometry":{"type":"Point","coordinates":[-120.4419,50.7022]},"properties":{"station":"CYKA","name":"KAMLOOPS","state":"CA_BC","country":"CA","elevation":346}},{"type":"Feature","id":"CYKD","geometry":{"type":"Point","coordinates":[-135.0058,68.2233]},"properties":{"station":"CYKD","name":"AKLAVIK","state":"CA_NT","country":"CA","elevation":7}},{"type":"Feature","id":"CYKF","geometry":{"type":"Point","coordinates":[-80.3857,43.4616]},"properties":{"station":"CYKF","name":"WATERLOO","state":"CA_ON","country":"CA","elevation":317}},{"type":"Feature","id":"CYKG","geometry":{"type":"Point","coordinates":[-71.9295,61.5885]},"properties":{"station":"CYKG","name":"KANGIQSUJUAQ","state":"CA_QC","country":"CA","elevation":151}},{"type":"Feature","id":"CYKJ","geometry":{"type":"Point","coordinates":[-105.6175,57.2564]},"properties":{"station":"CYKJ","name":"Key Lake Airstrip","state":"CA_SK","country":"CA","elevation":509}},{"type":"Feature","id":"CYKL","geometry":{"type":"Point","coordinates":[-66.8053,54.8053]},"properties":{"station":"CYKL","name":"SCHEFFERVILLE A","state":"CA_QC","country":"CA","elevation":521}},{"type":"Feature","id":"CYKO","geometry":{"type":"Point","coordinates":[-78.15,60.8167]},"properties":{"station":"CYKO","name":"AKULIVIK","state":"CA_QC","country":"CA","elevation":9}},{"type":"Feature","id":"CYKP","geometry":{"type":"Point","coordinates":[-85.901,51.6587]},"properties":{"station":"CYKP","name":"Ogoki Post","state":"CA_ON","country":"CA","elevation":180.1815}},{"type":"Feature","id":"CYKQ","geometry":{"type":"Point","coordinates":[-78.7584,51.4733]},"properties":{"station":"CYKQ","name":"WASKAGANISH AIRPORT","state":"CA_QC","country":"CA","elevation":23}},{"type":"Feature","id":"CYKY","geometry":{"type":"Point","coordinates":[-109.1808,51.5175]},"properties":{"station":"CYKY","name":"KINDERSLEY","state":"CA_SK","country":"CA","elevation":694}},{"type":"Feature","id":"CYLA","geometry":{"type":"Point","coordinates":[-69.5997,59.2967]},"properties":{"station":"CYLA","name":"AUPALUKA","state":"CA_QC","country":"CA","elevation":35}},{"type":"Feature","id":"CYLC","geometry":{"type":"Point","coordinates":[-69.8833,62.85]},"properties":{"station":"CYLC","name":"KIMMIRUT A NWT","state":"CA_NU","country":"CA","elevation":53}},{"type":"Feature","id":"CYLD","geometry":{"type":"Point","coordinates":[-83.3467,47.82]},"properties":{"station":"CYLD","name":"CHAPLEAU","state":"CA_ON","country":"CA","elevation":447}},{"type":"Feature","id":"CYLH","geometry":{"type":"Point","coordinates":[-87.9341,52.1954]},"properties":{"station":"CYLH","name":"LANSDOWNE HOUSE LWIS","state":"CA_ON","country":"CA","elevation":254}},{"type":"Feature","id":"CYLJ","geometry":{"type":"Point","coordinates":[-108.5228,54.1253]},"properties":{"station":"CYLJ","name":"MEADOW LAKE  A","state":"CA_SK","country":"CA","elevation":480}},{"type":"Feature","id":"CYLK","geometry":{"type":"Point","coordinates":[-110.6822,62.4182]},"properties":{"station":"CYLK","name":"LUTSEL KE","state":"CA_NT","country":"CA","elevation":179}},{"type":"Feature","id":"CYLL","geometry":{"type":"Point","coordinates":[-110.073,53.3121]},"properties":{"station":"CYLL","name":"LLOYDMINSTER","state":"CA_AB","country":"CA","elevation":669}},{"type":"Feature","id":"CYLT","geometry":{"type":"Point","coordinates":[-62.2806,82.5178]},"properties":{"station":"CYLT","name":"ALERT","state":"CA_NU","country":"CA","elevation":31}},{"type":"Feature","id":"CYLU","geometry":{"type":"Point","coordinates":[-65.9928,58.7114]},"properties":{"station":"CYLU","name":"KANGIKSUALUJJUAQ","state":"CA_QC","country":"CA","elevation":60}},{"type":"Feature","id":"CYLW","geometry":{"type":"Point","coordinates":[-119.3748,49.9535]},"properties":{"station":"CYLW","name":"KELOWNA","state":"CA_BC","country":"CA","elevation":430}},{"type":"Feature","id":"CYMA","geometry":{"type":"Point","coordinates":[-135.8667,63.6167]},"properties":{"station":"CYMA","name":"MAYO","state":"CA_YT","country":"CA","elevation":504}},{"type":"Feature","id":"CYMJ","geometry":{"type":"Point","coordinates":[-105.5592,50.3303]},"properties":{"station":"CYMJ","name":"MOOSE JAW AIR VICE MARSHAL C","state":"CA_SK","country":"CA","elevation":577}},{"type":"Feature","id":"CYMM","geometry":{"type":"Point","coordinates":[-111.2219,56.6533]},"properties":{"station":"CYMM","name":"Fort Mcmurray","state":"CA_AB","country":"CA","elevation":369}},{"type":"Feature","id":"CYMO","geometry":{"type":"Point","coordinates":[-80.6141,51.2891]},"properties":{"station":"CYMO","name":"MOOSONEE AWOS","state":"CA_ON","country":"CA","elevation":10}},{"type":"Feature","id":"CYMT","geometry":{"type":"Point","coordinates":[-74.5281,49.7719]},"properties":{"station":"CYMT","name":"CHAPAIS","state":"CA_QC","country":"CA","elevation":387}},{"type":"Feature","id":"CYMU","geometry":{"type":"Point","coordinates":[-76.5182,56.5362]},"properties":{"station":"CYMU","name":"UMIUJAQ","state":"CA_QC","country":"CA","elevation":71}},{"type":"Feature","id":"CYMX","geometry":{"type":"Point","coordinates":[-74.0387,45.6795]},"properties":{"station":"CYMX","name":"MONTREAL INTL MIRABEL","state":"CA_QC","country":"CA","elevation":82}},{"type":"Feature","id":"CYNA","geometry":{"type":"Point","coordinates":[-61.7889,50.19]},"properties":{"station":"CYNA","name":"NATASHQUAN A","state":"CA_QC","country":"CA","elevation":11}},{"type":"Feature","id":"CYNC","geometry":{"type":"Point","coordinates":[-78.8311,53.0106]},"properties":{"station":"CYNC","name":"DE WEMINDJI","state":"CA_QC","country":"CA","elevation":14}},{"type":"Feature","id":"CYND","geometry":{"type":"Point","coordinates":[-75.5636,45.5217]},"properties":{"station":"CYND","name":"GATINEAU","state":"CA_QC","country":"CA","elevation":64}},{"type":"Feature","id":"CYNE","geometry":{"type":"Point","coordinates":[-97.8442,53.9583]},"properties":{"station":"CYNE","name":"NORWAY HOUSE ARPT","state":"CA_MB","country":"CA","elevation":223}},{"type":"Feature","id":"CYNM","geometry":{"type":"Point","coordinates":[-77.8028,49.7617]},"properties":{"station":"CYNM","name":"MATAGAMI","state":"CA_QC","country":"CA","elevation":281}},{"type":"Feature","id":"CYOC","geometry":{"type":"Point","coordinates":[-139.8392,67.5706]},"properties":{"station":"CYOC","name":"OLD CROW","state":"CA_YT","country":"CA","elevation":251}},{"type":"Feature","id":"CYOD","geometry":{"type":"Point","coordinates":[-110.2783,54.4072]},"properties":{"station":"CYOD","name":"COLD LAKE","state":"CA_AB","country":"CA","elevation":544}},{"type":"Feature","id":"CYOJ","geometry":{"type":"Point","coordinates":[-117.1647,58.6214]},"properties":{"station":"CYOJ","name":"HIGH LEVEL","state":"CA_AB","country":"CA","elevation":338}},{"type":"Feature","id":"CYOO","geometry":{"type":"Point","coordinates":[-78.8833,43.9228]},"properties":{"station":"CYOO","name":"OSHAWA","state":"CA_ON","country":"CA","elevation":139}},{"type":"Feature","id":"CYOW","geometry":{"type":"Point","coordinates":[-75.6692,45.3225]},"properties":{"station":"CYOW","name":"OTTAWA MACDONALD CARTIER INTL","state":"CA_ON","country":"CA","elevation":114}},{"type":"Feature","id":"CYOY","geometry":{"type":"Point","coordinates":[-71.5033,46.9003]},"properties":{"station":"CYOY","name":"VALCARTIER AIRPORT","state":"CA_QC","country":"CA","elevation":168}},{"type":"Feature","id":"CYPA","geometry":{"type":"Point","coordinates":[-105.6728,53.2142]},"properties":{"station":"CYPA","name":"PRINCE ALBERT GLASS FIELD","state":"CA_SK","country":"CA","elevation":428}},{"type":"Feature","id":"CYPC","geometry":{"type":"Point","coordinates":[-124.0667,69.3667]},"properties":{"station":"CYPC","name":"PAULATUK","state":"CA_NT","country":"CA","elevation":6}},{"type":"Feature","id":"CYPD","geometry":{"type":"Point","coordinates":[-61.3681,45.6567]},"properties":{"station":"CYPD","name":"PORT HAWKESBURY","state":"CA_NS","country":"CA","elevation":114}},{"type":"Feature","id":"CYPE","geometry":{"type":"Point","coordinates":[-117.4472,56.2269]},"properties":{"station":"CYPE","name":"PEACE RIVER","state":"CA_AB","country":"CA","elevation":571}},{"type":"Feature","id":"CYPG","geometry":{"type":"Point","coordinates":[-98.2739,49.9031]},"properties":{"station":"CYPG","name":"SOUTHPORT","state":"CA_MB","country":"CA","elevation":269}},{"type":"Feature","id":"CYPH","geometry":{"type":"Point","coordinates":[-78.0769,58.4719]},"properties":{"station":"CYPH","name":"INUKJUAK ARPT","state":"CA_QC","country":"CA","elevation":3}},{"type":"Feature","id":"CYPL","geometry":{"type":"Point","coordinates":[-90.2142,51.4464]},"properties":{"station":"CYPL","name":"PICKLE LAKE  A","state":"CA_ON","country":"CA","elevation":373}},{"type":"Feature","id":"CYPO","geometry":{"type":"Point","coordinates":[-85.4433,54.9881]},"properties":{"station":"CYPO","name":"Peawanuck","state":"CA_ON","country":"CA","elevation":49.881115}},{"type":"Feature","id":"CYPQ","geometry":{"type":"Point","coordinates":[-78.3633,44.23]},"properties":{"station":"CYPQ","name":"PETERBOROUGH","state":"CA_ON","country":"CA","elevation":191}},{"type":"Feature","id":"CYPR","geometry":{"type":"Point","coordinates":[-130.4447,54.2861]},"properties":{"station":"CYPR","name":"PRINCE RUPERT","state":"CA_BC","country":"CA","elevation":34}},{"type":"Feature","id":"CYPW","geometry":{"type":"Point","coordinates":[-124.5,49.8342]},"properties":{"station":"CYPW","name":"POWELL RIVER","state":"CA_BC","country":"CA","elevation":130}},{"type":"Feature","id":"CYPX","geometry":{"type":"Point","coordinates":[-77.2869,60.0506]},"properties":{"station":"CYPX","name":"PUVIRNITUQ","state":"CA_QC","country":"CA","elevation":23}},{"type":"Feature","id":"CYPY","geometry":{"type":"Point","coordinates":[-111.1167,58.7667]},"properties":{"station":"CYPY","name":"FORT CHIPEWYAN A","state":"CA_AB","country":"CA","elevation":232}},{"type":"Feature","id":"CYQA","geometry":{"type":"Point","coordinates":[-79.3033,44.9747]},"properties":{"station":"CYQA","name":"MUSKOKA","state":"CA_ON","country":"CA","elevation":282}},{"type":"Feature","id":"CYQB","geometry":{"type":"Point","coordinates":[-71.3933,46.7911]},"properties":{"station":"CYQB","name":"QUEBEC JEAN LESAGE INTL","state":"CA_QC","country":"CA","elevation":73}},{"type":"Feature","id":"CYQD","geometry":{"type":"Point","coordinates":[-101.0911,53.9714]},"properties":{"station":"CYQD","name":"THE PAS AIRPORT","state":"CA_MB","country":"CA","elevation":271}},{"type":"Feature","id":"CYQF","geometry":{"type":"Point","coordinates":[-113.8944,52.1822]},"properties":{"station":"CYQF","name":"RED DEER REGIONAL","state":"CA_AB","country":"CA","elevation":905}},{"type":"Feature","id":"CYQG","geometry":{"type":"Point","coordinates":[-82.9604,42.266]},"properties":{"station":"CYQG","name":"WINDSOR","state":"CA_ON","country":"CA","elevation":190}},{"type":"Feature","id":"CYQH","geometry":{"type":"Point","coordinates":[-128.8225,60.1164]},"properties":{"station":"CYQH","name":"WATSON LAKE","state":"CA_YT","country":"CA","elevation":690}},{"type":"Feature","id":"CYQI","geometry":{"type":"Point","coordinates":[-66.0881,43.8308]},"properties":{"station":"CYQI","name":"YARMOUTH","state":"CA_NS","country":"CA","elevation":43}},{"type":"Feature","id":"CYQK","geometry":{"type":"Point","coordinates":[-94.3653,49.7903]},"properties":{"station":"CYQK","name":"KENORA A","state":"CA_ON","country":"CA","elevation":411}},{"type":"Feature","id":"CYQL","geometry":{"type":"Point","coordinates":[-112.7936,49.6254]},"properties":{"station":"CYQL","name":"LETHBRIDGE","state":"CA_AB","country":"CA","elevation":929}},{"type":"Feature","id":"CYQM","geometry":{"type":"Point","coordinates":[-64.6878,46.1039]},"properties":{"station":"CYQM","name":"GREATER MONCTON INTL","state":"CA_NB","country":"CA","elevation":71}},{"type":"Feature","id":"CYQQ","geometry":{"type":"Point","coordinates":[-124.8867,49.7108]},"properties":{"station":"CYQQ","name":"COMOX","state":"CA_BC","country":"CA","elevation":24}},{"type":"Feature","id":"CYQR","geometry":{"type":"Point","coordinates":[-104.6702,50.4267]},"properties":{"station":"CYQR","name":"REGINA INTL","state":"CA_SK","country":"CA","elevation":577}},{"type":"Feature","id":"CYQT","geometry":{"type":"Point","coordinates":[-89.3239,48.3719]},"properties":{"station":"CYQT","name":"Thunder Bay","state":"CA_ON","country":"CA","elevation":199}},{"type":"Feature","id":"CYQU","geometry":{"type":"Point","coordinates":[-118.885,55.1797]},"properties":{"station":"CYQU","name":"GRANDE PRAIRIE","state":"CA_AB","country":"CA","elevation":669}},{"type":"Feature","id":"CYQV","geometry":{"type":"Point","coordinates":[-102.4617,51.2647]},"properties":{"station":"CYQV","name":"YORKTON MUNI","state":"CA_SK","country":"CA","elevation":498}},{"type":"Feature","id":"CYQW","geometry":{"type":"Point","coordinates":[-108.2436,52.7692]},"properties":{"station":"CYQW","name":"NORTH BATTLEFORD","state":"CA_SK","country":"CA","elevation":548}},{"type":"Feature","id":"CYQY","geometry":{"type":"Point","coordinates":[-60.0478,46.1614]},"properties":{"station":"CYQY","name":"SYDNEY A","state":"CA_NS","country":"CA","elevation":62}},{"type":"Feature","id":"CYQZ","geometry":{"type":"Point","coordinates":[-122.5103,53.0261]},"properties":{"station":"CYQZ","name":"QUESNEL","state":"CA_BC","country":"CA","elevation":545}},{"type":"Feature","id":"CYRA","geometry":{"type":"Point","coordinates":[-117.3097,64.1161]},"properties":{"station":"CYRA","name":"RAE LAKES","state":"CA_NT","country":"CA","elevation":213}},{"type":"Feature","id":"CYRB","geometry":{"type":"Point","coordinates":[-94.9667,74.7167]},"properties":{"station":"CYRB","name":"RESOLUTE BAY","state":"CA_NU","country":"CA","elevation":67}},{"type":"Feature","id":"CYRJ","geometry":{"type":"Point","coordinates":[-72.2656,48.52]},"properties":{"station":"CYRJ","name":"ROBERVAL A","state":"CA_QC","country":"CA","elevation":179}},{"type":"Feature","id":"CYRL","geometry":{"type":"Point","coordinates":[-93.7931,51.0669]},"properties":{"station":"CYRL","name":"RED LAKE","state":"CA_ON","country":"CA","elevation":383}},{"type":"Feature","id":"CYRQ","geometry":{"type":"Point","coordinates":[-72.6794,46.3528]},"properties":{"station":"CYRQ","name":"Trois Rivieres","state":"CA_QC","country":"CA","elevation":56.619442}},{"type":"Feature","id":"CYRT","geometry":{"type":"Point","coordinates":[-92.1158,62.8114]},"properties":{"station":"CYRT","name":"RANKIN INLET","state":"CA_NU","country":"CA","elevation":32}},{"type":"Feature","id":"CYRV","geometry":{"type":"Point","coordinates":[-118.1833,50.9667]},"properties":{"station":"CYRV","name":"REVELSTOKE AIRPO","state":"CA_BC","country":"CA","elevation":443}},{"type":"Feature","id":"CYS","geometry":{"type":"Point","coordinates":[-104.8105,41.1556]},"properties":{"station":"CYS","name":"CHEYENNE/WARREN AFB","state":"WY","country":"US","elevation":1871}},{"type":"Feature","id":"CYSB","geometry":{"type":"Point","coordinates":[-80.8016,46.6261]},"properties":{"station":"CYSB","name":"SUDBURY","state":"CA_ON","country":"CA","elevation":348}},{"type":"Feature","id":"CYSC","geometry":{"type":"Point","coordinates":[-71.6914,45.4386]},"properties":{"station":"CYSC","name":"SHERBROOKE","state":"CA_QC","country":"CA","elevation":241}},{"type":"Feature","id":"CYSF","geometry":{"type":"Point","coordinates":[-105.8414,59.2503]},"properties":{"station":"CYSF","name":"STONY RAPIDS ARPT","state":"CA_SK","country":"CA","elevation":250}},{"type":"Feature","id":"CYSJ","geometry":{"type":"Point","coordinates":[-65.8856,45.3181]},"properties":{"station":"CYSJ","name":"SAINT JOHN","state":"CA_NB","country":"CA","elevation":109}},{"type":"Feature","id":"CYSK","geometry":{"type":"Point","coordinates":[-79.2463,56.5361]},"properties":{"station":"CYSK","name":"SANIKILUAQ AIRPO","state":"CA_NU","country":"CA","elevation":26}},{"type":"Feature","id":"CYSM","geometry":{"type":"Point","coordinates":[-111.929,60.0264]},"properties":{"station":"CYSM","name":"FORT SMITH","state":"CA_NT","country":"CA","elevation":203}},{"type":"Feature","id":"CYSN","geometry":{"type":"Point","coordinates":[-79.1717,43.1917]},"properties":{"station":"CYSN","name":"NIAGARA DISTRICT","state":"CA_ON","country":"CA","elevation":98}},{"type":"Feature","id":"CYSP","geometry":{"type":"Point","coordinates":[-86.3444,48.7553]},"properties":{"station":"CYSP","name":"MARATHON","state":"CA_ON","country":"CA","elevation":315}},{"type":"Feature","id":"CYSY","geometry":{"type":"Point","coordinates":[-125.2667,72]},"properties":{"station":"CYSY","name":"SACHS HARBOUR","state":"CA_NT","country":"CA","elevation":86}},{"type":"Feature","id":"CYTE","geometry":{"type":"Point","coordinates":[-76.5267,64.23]},"properties":{"station":"CYTE","name":"CAPE DORSET AIRP","state":"CA_NU","country":"CA","elevation":47}},{"type":"Feature","id":"CYTH","geometry":{"type":"Point","coordinates":[-97.8642,55.8011]},"properties":{"station":"CYTH","name":"THOMPSON","state":"CA_MB","country":"CA","elevation":218}},{"type":"Feature","id":"CYTL","geometry":{"type":"Point","coordinates":[-89.8956,53.8156]},"properties":{"station":"CYTL","name":"BIG TROUT LAKE","state":"CA_ON","country":"CA","elevation":224}},{"type":"Feature","id":"CYTQ","geometry":{"type":"Point","coordinates":[-69.9558,58.6678]},"properties":{"station":"CYTQ","name":"TASIUJAQ A","state":"CA_QC","country":"CA","elevation":31}},{"type":"Feature","id":"CYTR","geometry":{"type":"Point","coordinates":[-77.5281,44.1189]},"properties":{"station":"CYTR","name":"TRENTON","state":"CA_ON","country":"CA","elevation":86}},{"type":"Feature","id":"CYTS","geometry":{"type":"Point","coordinates":[-81.3767,48.5697]},"properties":{"station":"CYTS","name":"TIMMINS VICTOR POWER A","state":"CA_ON","country":"CA","elevation":295}},{"type":"Feature","id":"CYTZ","geometry":{"type":"Point","coordinates":[-79.395,43.6286]},"properties":{"station":"CYTZ","name":"TORONTO CITY CENTRE","state":"CA_ON","country":"CA","elevation":77}},{"type":"Feature","id":"CYUB","geometry":{"type":"Point","coordinates":[-133.0264,69.4333]},"properties":{"station":"CYUB","name":"TUKTOYAKTUK","state":"CA_NT","country":"CA","elevation":5}},{"type":"Feature","id":"CYUL","geometry":{"type":"Point","coordinates":[-73.7414,45.4683]},"properties":{"station":"CYUL","name":"PIERRE ELLIOTT TRUDEAU INTL","state":"CA_QC","country":"CA","elevation":36}},{"type":"Feature","id":"CYUT","geometry":{"type":"Point","coordinates":[-86.2247,66.5214]},"properties":{"station":"CYUT","name":"REPULSE BAY","state":"CA_NU","country":"CA","elevation":24}},{"type":"Feature","id":"CYUX","geometry":{"type":"Point","coordinates":[-81.2436,68.7761]},"properties":{"station":"CYUX","name":"HALL BEACH","state":"CA_NU","country":"CA","elevation":8}},{"type":"Feature","id":"CYUY","geometry":{"type":"Point","coordinates":[-78.8356,48.2061]},"properties":{"station":"CYUY","name":"ROUYN NORANDA","state":"CA_QC","country":"CA","elevation":301}},{"type":"Feature","id":"CYVC","geometry":{"type":"Point","coordinates":[-105.2619,55.1514]},"properties":{"station":"CYVC","name":"La Ronge","state":"CA_SK","country":"CA","elevation":379}},{"type":"Feature","id":"CYVL","geometry":{"type":"Point","coordinates":[-126.1286,67.0212]},"properties":{"station":"CYVL","name":"Colville Lake","state":"CA_NT","country":"CA","elevation":246}},{"type":"Feature","id":"CYVM","geometry":{"type":"Point","coordinates":[-64.0314,67.5458]},"properties":{"station":"CYVM","name":"QIKIQTARJUAQ","state":"CA_NU","country":"CA","elevation":6}},{"type":"Feature","id":"CYVO","geometry":{"type":"Point","coordinates":[-77.7867,48.0564]},"properties":{"station":"CYVO","name":"Val D Or","state":"CA_QC","country":"CA","elevation":337}},{"type":"Feature","id":"CYVP","geometry":{"type":"Point","coordinates":[-68.4269,58.0961]},"properties":{"station":"CYVP","name":"KUUJJUAQ A","state":"CA_QC","country":"CA","elevation":60}},{"type":"Feature","id":"CYVQ","geometry":{"type":"Point","coordinates":[-126.8003,65.2825]},"properties":{"station":"CYVQ","name":"NORMAN WELLS","state":"CA_NT","country":"CA","elevation":74}},{"type":"Feature","id":"CYVR","geometry":{"type":"Point","coordinates":[-123.1682,49.183]},"properties":{"station":"CYVR","name":"VANCOUVER INTL","state":"CA_BC","country":"CA","elevation":2}},{"type":"Feature","id":"CYVT","geometry":{"type":"Point","coordinates":[-108.4175,55.8419]},"properties":{"station":"CYVT","name":"BUFFALO NARROWS","state":"CA_SK","country":"CA","elevation":434}},{"type":"Feature","id":"CYVV","geometry":{"type":"Point","coordinates":[-81.1072,44.7458]},"properties":{"station":"CYVV","name":"WIARTON A","state":"CA_ON","country":"CA","elevation":222}},{"type":"Feature","id":"CYWA","geometry":{"type":"Point","coordinates":[-77.3112,45.9476]},"properties":{"station":"CYWA","name":"PETAWAWA","state":"CA_ON","country":"CA","elevation":130}},{"type":"Feature","id":"CYWE","geometry":{"type":"Point","coordinates":[-114.0768,64.1908]},"properties":{"station":"CYWE","name":"Wekweeti","state":"CA_NT","country":"CA","elevation":415}},{"type":"Feature","id":"CYWG","geometry":{"type":"Point","coordinates":[-97.2333,49.9167]},"properties":{"station":"CYWG","name":"WINNIPEG INTL","state":"CA_MB","country":"CA","elevation":239}},{"type":"Feature","id":"CYWH","geometry":{"type":"Point","coordinates":[-123.3867,48.4235]},"properties":{"station":"CYWH","name":"VICTORIA HARBOUR","state":"CA_BC","country":"CA","elevation":10}},{"type":"Feature","id":"CYWJ","geometry":{"type":"Point","coordinates":[-123.4365,65.2112]},"properties":{"station":"CYWJ","name":"DELINE","state":"CA_NT","country":"CA","elevation":176}},{"type":"Feature","id":"CYWL","geometry":{"type":"Point","coordinates":[-122.0656,52.1863]},"properties":{"station":"CYWL","name":"WILLIAMS LAKE","state":"CA_BC","country":"CA","elevation":940}},{"type":"Feature","id":"CYWY","geometry":{"type":"Point","coordinates":[-123.4367,63.2094]},"properties":{"station":"CYWY","name":"WRIGLEY","state":"CA_NT","country":"CA","elevation":150}},{"type":"Feature","id":"CYXC","geometry":{"type":"Point","coordinates":[-115.7819,49.6122]},"properties":{"station":"CYXC","name":"CRANBROOK A","state":"CA_BC","country":"CA","elevation":939}},{"type":"Feature","id":"CYXE","geometry":{"type":"Point","coordinates":[-106.6912,52.17]},"properties":{"station":"CYXE","name":"SASKATOON J G DIEFENBAKER INT","state":"CA_SK","country":"CA","elevation":504}},{"type":"Feature","id":"CYXH","geometry":{"type":"Point","coordinates":[-110.7208,50.0189]},"properties":{"station":"CYXH","name":"MEDICINE HAT","state":"CA_AB","country":"CA","elevation":716}},{"type":"Feature","id":"CYXJ","geometry":{"type":"Point","coordinates":[-120.7371,56.2467]},"properties":{"station":"CYXJ","name":"FORT ST JOHN","state":"CA_BC","country":"CA","elevation":695}},{"type":"Feature","id":"CYXL","geometry":{"type":"Point","coordinates":[-91.9053,50.1139]},"properties":{"station":"CYXL","name":"SIOUX LOOKOUT AIRPORT","state":"CA_ON","country":"CA","elevation":390}},{"type":"Feature","id":"CYXN","geometry":{"type":"Point","coordinates":[-92.5981,62.24]},"properties":{"station":"CYXN","name":"WHALE COVE AIRPORT","state":"CA_NU","country":"CA","elevation":20}},{"type":"Feature","id":"CYXP","geometry":{"type":"Point","coordinates":[-65.7136,66.145]},"properties":{"station":"CYXP","name":"PANGNIRTUNG","state":"CA_NU","country":"CA","elevation":23}},{"type":"Feature","id":"CYXQ","geometry":{"type":"Point","coordinates":[-140.8675,62.4103]},"properties":{"station":"CYXQ","name":"BEAVER CREEK ARPT","state":"CA_YT","country":"CA","elevation":649}},{"type":"Feature","id":"CYXR","geometry":{"type":"Point","coordinates":[-79.8489,47.695]},"properties":{"station":"CYXR","name":"TIMISKAMING RGNL / EARLTON","state":"CA_ON","country":"CA","elevation":243}},{"type":"Feature","id":"CYXS","geometry":{"type":"Point","coordinates":[-122.6775,53.8842]},"properties":{"station":"CYXS","name":"PRINCE GEORGE","state":"CA_BC","country":"CA","elevation":691}},{"type":"Feature","id":"CYXT","geometry":{"type":"Point","coordinates":[-128.5775,54.4664]},"properties":{"station":"CYXT","name":"TERRACE","state":"CA_BC","country":"CA","elevation":217}},{"type":"Feature","id":"CYXU","geometry":{"type":"Point","coordinates":[-81.1539,43.0356]},"properties":{"station":"CYXU","name":"LONDON","state":"CA_ON","country":"CA","elevation":278}},{"type":"Feature","id":"CYXX","geometry":{"type":"Point","coordinates":[-122.3771,49.0274]},"properties":{"station":"CYXX","name":"ABBOTSFORD","state":"CA_BC","country":"CA","elevation":58}},{"type":"Feature","id":"CYXY","geometry":{"type":"Point","coordinates":[-135.0689,60.7094]},"properties":{"station":"CYXY","name":"WHITEHORSE INTL","state":"CA_YT","country":"CA","elevation":703}},{"type":"Feature","id":"CYXZ","geometry":{"type":"Point","coordinates":[-84.7867,47.9667]},"properties":{"station":"CYXZ","name":"WAWA","state":"CA_ON","country":"CA","elevation":287}},{"type":"Feature","id":"CYYB","geometry":{"type":"Point","coordinates":[-79.4228,46.3636]},"properties":{"station":"CYYB","name":"NORTH BAY","state":"CA_ON","country":"CA","elevation":371}},{"type":"Feature","id":"CYYC","geometry":{"type":"Point","coordinates":[-114.0203,51.1139]},"properties":{"station":"CYYC","name":"CALGARY INTL","state":"CA_AB","country":"CA","elevation":1084}},{"type":"Feature","id":"CYYD","geometry":{"type":"Point","coordinates":[-127.1866,54.8237]},"properties":{"station":"CYYD","name":"SMITHERS","state":"CA_BC","country":"CA","elevation":523}},{"type":"Feature","id":"CYYE","geometry":{"type":"Point","coordinates":[-122.5972,58.8364]},"properties":{"station":"CYYE","name":"FORT NELSON","state":"CA_BC","country":"CA","elevation":382}},{"type":"Feature","id":"CYYF","geometry":{"type":"Point","coordinates":[-119.6057,49.4599]},"properties":{"station":"CYYF","name":"PENTICTON","state":"CA_BC","country":"CA","elevation":344}},{"type":"Feature","id":"CYYG","geometry":{"type":"Point","coordinates":[-63.1286,46.2886]},"properties":{"station":"CYYG","name":"CHARLOTTETOWN","state":"CA_PE","country":"CA","elevation":54}},{"type":"Feature","id":"CYYH","geometry":{"type":"Point","coordinates":[-93.5767,69.5467]},"properties":{"station":"CYYH","name":"TALOYOAK","state":"CA_NU","country":"CA","elevation":28}},{"type":"Feature","id":"CYYJ","geometry":{"type":"Point","coordinates":[-123.4328,48.6408]},"properties":{"station":"CYYJ","name":"Victoria Intl","state":"CA_BC","country":"CA","elevation":18.40483}},{"type":"Feature","id":"CYYL","geometry":{"type":"Point","coordinates":[-101.0761,56.8639]},"properties":{"station":"CYYL","name":"LYNN LAKE","state":"CA_MB","country":"CA","elevation":357}},{"type":"Feature","id":"CYYN","geometry":{"type":"Point","coordinates":[-107.6906,50.2919]},"properties":{"station":"CYYN","name":"SWIFT CURRENT AIRPORT","state":"CA_SK","country":"CA","elevation":818}},{"type":"Feature","id":"CYYQ","geometry":{"type":"Point","coordinates":[-94.065,58.7392]},"properties":{"station":"CYYQ","name":"CHURCHILL","state":"CA_MB","country":"CA","elevation":29}},{"type":"Feature","id":"CYYU","geometry":{"type":"Point","coordinates":[-82.4667,49.4167]},"properties":{"station":"CYYU","name":"KAPUSKASING","state":"CA_ON","country":"CA","elevation":227}},{"type":"Feature","id":"CYYW","geometry":{"type":"Point","coordinates":[-88.9097,50.2903]},"properties":{"station":"CYYW","name":"Armstrong","state":"CA_ON","country":"CA","elevation":325.47046}},{"type":"Feature","id":"CYYY","geometry":{"type":"Point","coordinates":[-68.2081,48.6086]},"properties":{"station":"CYYY","name":"MONT JOLI A","state":"CA_QC","country":"CA","elevation":52}},{"type":"Feature","id":"CYYZ","geometry":{"type":"Point","coordinates":[-79.6306,43.6772]},"properties":{"station":"CYYZ","name":"LESTER B PEARSON INTL","state":"CA_ON","country":"CA","elevation":173}},{"type":"Feature","id":"CYZE","geometry":{"type":"Point","coordinates":[-82.5678,45.8853]},"properties":{"station":"CYZE","name":"GORE BAY AIRPORT","state":"CA_ON","country":"CA","elevation":193}},{"type":"Feature","id":"CYZF","geometry":{"type":"Point","coordinates":[-114.4403,62.4628]},"properties":{"station":"CYZF","name":"YELLOWKNIFE","state":"CA_NT","country":"CA","elevation":206}},{"type":"Feature","id":"CYZG","geometry":{"type":"Point","coordinates":[-75.6672,62.1794]},"properties":{"station":"CYZG","name":"SALLUIT","state":"CA_QC","country":"CA","elevation":226}},{"type":"Feature","id":"CYZH","geometry":{"type":"Point","coordinates":[-114.7772,55.2931]},"properties":{"station":"CYZH","name":"SLAVE LAKE","state":"CA_AB","country":"CA","elevation":581}},{"type":"Feature","id":"CYZP","geometry":{"type":"Point","coordinates":[-131.8139,53.2542]},"properties":{"station":"CYZP","name":"SANDSPIT AIRPORT","state":"CA_BC","country":"CA","elevation":6}},{"type":"Feature","id":"CYZR","geometry":{"type":"Point","coordinates":[-82.3073,42.9951]},"properties":{"station":"CYZR","name":"SARNIA","state":"CA_ON","country":"CA","elevation":181}},{"type":"Feature","id":"CYZS","geometry":{"type":"Point","coordinates":[-83.3594,64.1933]},"properties":{"station":"CYZS","name":"CORAL HARBOUR","state":"CA_NU","country":"CA","elevation":64}},{"type":"Feature","id":"CYZT","geometry":{"type":"Point","coordinates":[-127.3661,50.6803]},"properties":{"station":"CYZT","name":"PORT HARDY","state":"CA_BC","country":"CA","elevation":22}},{"type":"Feature","id":"CYZU","geometry":{"type":"Point","coordinates":[-115.7867,54.1439]},"properties":{"station":"CYZU","name":"Whitecourt","state":"CA_AB","country":"CA","elevation":782}},{"type":"Feature","id":"CYZV","geometry":{"type":"Point","coordinates":[-66.2656,50.2233]},"properties":{"station":"CYZV","name":"SEPT ILES","state":"CA_QC","country":"CA","elevation":55}},{"type":"Feature","id":"CYZW","geometry":{"type":"Point","coordinates":[-132.7428,60.1728]},"properties":{"station":"CYZW","name":"TESLIN","state":"CA_YT","country":"CA","elevation":705}},{"type":"Feature","id":"CYZX","geometry":{"type":"Point","coordinates":[-64.912,44.9846]},"properties":{"station":"CYZX","name":"GREENWOOD","state":"CA_NS","country":"CA","elevation":28}},{"type":"Feature","id":"CYZY","geometry":{"type":"Point","coordinates":[-123.1322,55.3044]},"properties":{"station":"CYZY","name":"MACKENZIE AIRPOR","state":"CA_BC","country":"CA","elevation":690}},{"type":"Feature","id":"CZBF","geometry":{"type":"Point","coordinates":[-65.7483,47.6292]},"properties":{"station":"CZBF","name":"BATHURST","state":"CA_NB","country":"CA","elevation":59}},{"type":"Feature","id":"CZCR","geometry":{"type":"Point","coordinates":[-66.3342,47.99]},"properties":{"station":"CZCR","name":"CHARLO AUTO  NB","state":"CA_NB","country":"CA","elevation":38}},{"type":"Feature","id":"CZDB","geometry":{"type":"Point","coordinates":[-63.4667,45.4167]},"properties":{"station":"CZDB","name":"DEBERT","state":"CA_NS","country":"CA","elevation":38}},{"type":"Feature","id":"CZEL","geometry":{"type":"Point","coordinates":[-80.4116,43.6421]},"properties":{"station":"CZEL","name":"ELORA RCS  ONT","state":"CA_ON","country":"CA","elevation":376}},{"type":"Feature","id":"CZEM","geometry":{"type":"Point","coordinates":[-78.5225,52.2264]},"properties":{"station":"CZEM","name":"EASTMAIN RIVER","state":"CA_QC","country":"CA","elevation":7}},{"type":"Feature","id":"CZEV","geometry":{"type":"Point","coordinates":[-133.5167,68.3167]},"properties":{"station":"CZEV","name":"INUVIK CLIMATE  NWT","state":"CA_NT","country":"CA","elevation":103}},{"type":"Feature","id":"CZFA","geometry":{"type":"Point","coordinates":[-133.3758,62.2075]},"properties":{"station":"CZFA","name":"FARO","state":"CA_YT","country":"CA","elevation":717}},{"type":"Feature","id":"CZFM","geometry":{"type":"Point","coordinates":[-134.85,67.4]},"properties":{"station":"CZFM","name":"FORT MCPHERSON","state":"CA_NT","country":"CA","elevation":43}},{"type":"Feature","id":"CZFN","geometry":{"type":"Point","coordinates":[-125.5683,64.9086]},"properties":{"station":"CZFN","name":"FORT NORMAN AIRPORT","state":"CA_NT","country":"CA","elevation":98}},{"type":"Feature","id":"CZFS","geometry":{"type":"Point","coordinates":[-121.2367,61.7603]},"properties":{"station":"CZFS","name":"FORT SIMPSON CLIMATE  NWT","state":"CA_NT","country":"CA","elevation":168}},{"type":"Feature","id":"CZHY","geometry":{"type":"Point","coordinates":[-115.7767,60.8389]},"properties":{"station":"CZHY","name":"HAY RIVER CLIMATE  NWT","state":"CA_NT","country":"CA","elevation":164}},{"type":"Feature","id":"CZKD","geometry":{"type":"Point","coordinates":[-96.5097,56.0375]},"properties":{"station":"CZKD","name":"KELSEY DAM CS  MAN","state":"CA_MB","country":"CA","elevation":183}},{"type":"Feature","id":"CZL","geometry":{"type":"Point","coordinates":[-84.9392,34.4554]},"properties":{"station":"CZL","name":"Calhoun","state":"GA","country":"US","elevation":193.82632}},{"type":"Feature","id":"CZMD","geometry":{"type":"Point","coordinates":[-91.7628,53.4414]},"properties":{"station":"CZMD","name":"MUSKRAT DAM  A","state":"CA_ON","country":"CA","elevation":278}},{"type":"Feature","id":"CZMJ","geometry":{"type":"Point","coordinates":[-105.5375,50.3317]},"properties":{"station":"CZMJ","name":"MOOSE JAW CS  SASK","state":"CA_SK","country":"CA","elevation":577}},{"type":"Feature","id":"CZMT","geometry":{"type":"Point","coordinates":[-132.1253,54.0275]},"properties":{"station":"CZMT","name":"MASSET AIRPORT","state":"CA_BC","country":"CA","elevation":8}},{"type":"Feature","id":"CZPC","geometry":{"type":"Point","coordinates":[-113.9972,49.5206]},"properties":{"station":"CZPC","name":"PINCHER CREEK","state":"CA_AB","country":"CA","elevation":1190}},{"type":"Feature","id":"CZRP","geometry":{"type":"Point","coordinates":[-105.715,75.3767]},"properties":{"station":"CZRP","name":"REA POINT  NU","state":"CA_NU","country":"CA","elevation":12}},{"type":"Feature","id":"CZSJ","geometry":{"type":"Point","coordinates":[-93.3444,53.0642]},"properties":{"station":"CZSJ","name":"SANDY LAKE","state":"CA_ON","country":"CA","elevation":290}},{"type":"Feature","id":"CZSM","geometry":{"type":"Point","coordinates":[-111.9294,60.0261]},"properties":{"station":"CZSM","name":"FORT SMITH CLIMATE  NWT","state":"CA_NT","country":"CA","elevation":203}},{"type":"Feature","id":"CZSP","geometry":{"type":"Point","coordinates":[-62.5758,46.4503]},"properties":{"station":"CZSP","name":"ST. PETERS  PEI","state":"CA_PE","country":"CA","elevation":30}},{"type":"Feature","id":"CZST","geometry":{"type":"Point","coordinates":[-129.9841,55.935]},"properties":{"station":"CZST","name":"Stewart","state":"CA_BC","country":"CA","elevation":5.454751}},{"type":"Feature","id":"CZT","geometry":{"type":"Point","coordinates":[-99.8236,28.5222]},"properties":{"station":"CZT","name":"Carrizo Springs","state":"TX","country":"US","elevation":178.27155}},{"type":"Feature","id":"CZTB","geometry":{"type":"Point","coordinates":[-89.3272,48.3694]},"properties":{"station":"CZTB","name":"THUNDER BAY CS","state":"CA_ON","country":"CA","elevation":199}},{"type":"Feature","id":"CZVL","geometry":{"type":"Point","coordinates":[-113.8544,53.6675]},"properties":{"station":"CZVL","name":"Edmonton Villeneuve","state":"CA_AB","country":"CA","elevation":680.49554}},{"type":"Feature","id":"CZZJ","geometry":{"type":"Point","coordinates":[-116.4533,53.5803]},"properties":{"station":"CZZJ","name":"EDSON CLIMATE","state":"CA_AB","country":"CA","elevation":927}},{"type":"Feature","id":"D07","geometry":{"type":"Point","coordinates":[-102.02,45.03]},"properties":{"station":"D07","name":"FAITH","state":"SD","country":"US","elevation":778.5037}},{"type":"Feature","id":"D09","geometry":{"type":"Point","coordinates":[-100.4173,48.8305]},"properties":{"station":"D09","name":"Bottineau","state":"ND","country":"US","elevation":509}},{"type":"Feature","id":"D25","geometry":{"type":"Point","coordinates":[-89.8822,46.1202]},"properties":{"station":"D25","name":"Manitowish Waters","state":"WI","country":"US","elevation":488.60013}},{"type":"Feature","id":"D39","geometry":{"type":"Point","coordinates":[-94.9334,45.7066]},"properties":{"station":"D39","name":"Sauk Centre","state":"MN","country":"US","elevation":379.2}},{"type":"Feature","id":"D50","geometry":{"type":"Point","coordinates":[-103.2973,48.9285]},"properties":{"station":"D50","name":"Crosby","state":"ND","country":"US","elevation":594}},{"type":"Feature","id":"D55","geometry":{"type":"Point","coordinates":[-98.3937,48.7531]},"properties":{"station":"D55","name":"Langdon","state":"ND","country":"US","elevation":490}},{"type":"Feature","id":"D57","geometry":{"type":"Point","coordinates":[-101.8602,46.8128]},"properties":{"station":"D57","name":"Glen Ullin","state":"ND","country":"US","elevation":633.1421}},{"type":"Feature","id":"D60","geometry":{"type":"Point","coordinates":[-102.8974,48.3803]},"properties":{"station":"D60","name":"Tioga","state":"ND","country":"US","elevation":690}},{"type":"Feature","id":"D73","geometry":{"type":"Point","coordinates":[-83.6928,33.7825]},"properties":{"station":"D73","name":"Monroe","state":"GA","country":"US","elevation":256.9343}},{"type":"Feature","id":"D95","geometry":{"type":"Point","coordinates":[-83.2723,43.0666]},"properties":{"station":"D95","name":"Lapeer","state":"MI","country":"US","elevation":253.03745}},{"type":"Feature","id":"DAA","geometry":{"type":"Point","coordinates":[-77.181,38.715]},"properties":{"station":"DAA","name":"FORT BELVOIR/DAVISO","state":"VA","country":"US","elevation":21}},{"type":"Feature","id":"DAB","geometry":{"type":"Point","coordinates":[-81.0581,29.1799]},"properties":{"station":"DAB","name":"DAYTONA BEACH RGNL","state":"FL","country":"US","elevation":11}},{"type":"Feature","id":"DAG","geometry":{"type":"Point","coordinates":[-116.7858,34.8536]},"properties":{"station":"DAG","name":"BARSTOW-DAGGETT","state":"CA","country":"US","elevation":587}},{"type":"Feature","id":"DAL","geometry":{"type":"Point","coordinates":[-96.8518,32.8471]},"properties":{"station":"DAL","name":"DALLAS/LOVE FIELD","state":"TX","country":"US","elevation":148}},{"type":"Feature","id":"DAN","geometry":{"type":"Point","coordinates":[-79.3361,36.5729]},"properties":{"station":"DAN","name":"DANVILLE REGIONAL","state":"VA","country":"US","elevation":174}},{"type":"Feature","id":"DAW","geometry":{"type":"Point","coordinates":[-70.92,43.28]},"properties":{"station":"DAW","name":"ROCHESTER (WAS 6B1)","state":"NH","country":"US","elevation":104}},{"type":"Feature","id":"DAY","geometry":{"type":"Point","coordinates":[-84.2186,39.9061]},"properties":{"station":"DAY","name":"DAYTON","state":"OH","country":"US","elevation":305}},{"type":"Feature","id":"DBN","geometry":{"type":"Point","coordinates":[-82.9853,32.5644]},"properties":{"station":"DBN","name":"Dublin","state":"GA","country":"US","elevation":94}},{"type":"Feature","id":"DBQ","geometry":{"type":"Point","coordinates":[-90.7091,42.3984]},"properties":{"station":"DBQ","name":"DUBUQUE","state":"IA","country":"US","elevation":329}},{"type":"Feature","id":"DCA","geometry":{"type":"Point","coordinates":[-77.0345,38.8472]},"properties":{"station":"DCA","name":"WASHINGTON/NATIONAL","state":"VA","country":"US","elevation":20}},{"type":"Feature","id":"DCM","geometry":{"type":"Point","coordinates":[-81.1958,34.7893]},"properties":{"station":"DCM","name":"Chester","state":"SC","country":"US","elevation":199.9}},{"type":"Feature","id":"DCU","geometry":{"type":"Point","coordinates":[-86.9453,34.6525]},"properties":{"station":"DCU","name":"DECATUR/PRYOR FIELD","state":"AL","country":"US","elevation":177}},{"type":"Feature","id":"DCY","geometry":{"type":"Point","coordinates":[-87.1297,38.7004]},"properties":{"station":"DCY","name":"Daviess City","state":"IN","country":"US","elevation":141}},{"type":"Feature","id":"DDC","geometry":{"type":"Point","coordinates":[-99.9654,37.7631]},"properties":{"station":"DDC","name":"Dodge City","state":"KS","country":"US","elevation":790}},{"type":"Feature","id":"DDH","geometry":{"type":"Point","coordinates":[-73.2486,42.8935]},"properties":{"station":"DDH","name":"Bennington More State","state":"VT","country":"US","elevation":239.54857}},{"type":"Feature","id":"DEC","geometry":{"type":"Point","coordinates":[-88.8657,39.8346]},"properties":{"station":"DEC","name":"DECATUR","state":"IL","country":"US","elevation":207}},{"type":"Feature","id":"DED","geometry":{"type":"Point","coordinates":[-81.2837,29.067]},"properties":{"station":"DED","name":"DeLand","state":"FL","country":"US","elevation":21.266401}},{"type":"Feature","id":"DEH","geometry":{"type":"Point","coordinates":[-91.7433,43.2755]},"properties":{"station":"DEH","name":"DECORAH","state":"IA","country":"US","elevation":352.7}},{"type":"Feature","id":"DEN","geometry":{"type":"Point","coordinates":[-104.6575,39.8328]},"properties":{"station":"DEN","name":"DENVER INTNL ARPT","state":"CO","country":"US","elevation":1656}},{"type":"Feature","id":"DEQ","geometry":{"type":"Point","coordinates":[-94.3994,34.047]},"properties":{"station":"DEQ","name":"J LYNN HELMS/DE QUEEN","state":"AR","country":"US","elevation":108}},{"type":"Feature","id":"DET","geometry":{"type":"Point","coordinates":[-83.0099,42.4092]},"properties":{"station":"DET","name":"DETROIT/CITY AIR","state":"MI","country":"US","elevation":190}},{"type":"Feature","id":"DEW","geometry":{"type":"Point","coordinates":[-117.4211,47.9689]},"properties":{"station":"DEW","name":"DEER PARK","state":"WA","country":"US","elevation":672}},{"type":"Feature","id":"DFI","geometry":{"type":"Point","coordinates":[-84.4288,41.3375]},"properties":{"station":"DFI","name":"DEFIANCE","state":"OH","country":"US","elevation":219}},{"type":"Feature","id":"DFW","geometry":{"type":"Point","coordinates":[-97.038,32.8968]},"properties":{"station":"DFW","name":"DALLAS/FT WORTH","state":"TX","country":"US","elevation":182}},{"type":"Feature","id":"DGW","geometry":{"type":"Point","coordinates":[-105.3858,42.7972]},"properties":{"station":"DGW","name":"DOUGLAS/CONVERSE COUNTY AIRPORT","state":"WY","country":"US","elevation":1502}},{"type":"Feature","id":"DHN","geometry":{"type":"Point","coordinates":[-85.45,31.32]},"properties":{"station":"DHN","name":"DOTHAN MUNICIPAL","state":"AL","country":"US","elevation":122}},{"type":"Feature","id":"DHT","geometry":{"type":"Point","coordinates":[-102.5473,36.0226]},"properties":{"station":"DHT","name":"DALHART MUNICIPAL","state":"TX","country":"US","elevation":1216}},{"type":"Feature","id":"DIJ","geometry":{"type":"Point","coordinates":[-111.0979,43.7419]},"properties":{"station":"DIJ","name":"Driggs","state":"ID","country":"US","elevation":1898}},{"type":"Feature","id":"DIK","geometry":{"type":"Point","coordinates":[-102.8019,46.7973]},"properties":{"station":"DIK","name":"DICKINSON","state":"ND","country":"US","elevation":789}},{"type":"Feature","id":"DJT","geometry":{"type":"Point","coordinates":[-80.0994,26.6847]},"properties":{"station":"DJT","name":"WEST PALM BEACH","state":"FL","country":"US","elevation":6}},{"type":"Feature","id":"DKB","geometry":{"type":"Point","coordinates":[-88.7057,41.9338]},"properties":{"station":"DKB","name":"DE KALB","state":"IL","country":"US","elevation":279}},{"type":"Feature","id":"DKK","geometry":{"type":"Point","coordinates":[-79.272,42.4933]},"properties":{"station":"DKK","name":"DUNKIRK AIRPORT","state":"NY","country":"US","elevation":203}},{"type":"Feature","id":"DKR","geometry":{"type":"Point","coordinates":[-95.4038,31.307]},"properties":{"station":"DKR","name":"Crocket","state":"TX","country":"US","elevation":106.1}},{"type":"Feature","id":"DKX","geometry":{"type":"Point","coordinates":[-83.8737,35.9638]},"properties":{"station":"DKX","name":"Knoxville Downtown","state":"TN","country":"US","elevation":251.1181}},{"type":"Feature","id":"DLF","geometry":{"type":"Point","coordinates":[-100.778,29.3595]},"properties":{"station":"DLF","name":"LAUGHLIN AFB","state":"TX","country":"US","elevation":330}},{"type":"Feature","id":"DLH","geometry":{"type":"Point","coordinates":[-92.1936,46.8421]},"properties":{"station":"DLH","name":"DULUTH","state":"MN","country":"US","elevation":435}},{"type":"Feature","id":"DLL","geometry":{"type":"Point","coordinates":[-89.771,43.522]},"properties":{"station":"DLL","name":"DELLS/BARABOO","state":"WI","country":"US","elevation":298}},{"type":"Feature","id":"DLN","geometry":{"type":"Point","coordinates":[-112.5525,45.2554]},"properties":{"station":"DLN","name":"DILLON AIRPORT","state":"MT","country":"US","elevation":1597}},{"type":"Feature","id":"DLO","geometry":{"type":"Point","coordinates":[-119.2365,35.7456]},"properties":{"station":"DLO","name":"Delano","state":"CA","country":"US","elevation":95.71135}},{"type":"Feature","id":"DLS","geometry":{"type":"Point","coordinates":[-121.1673,45.6186]},"properties":{"station":"DLS","name":"The Dalles Muni","state":"WA","country":"US","elevation":74}},{"type":"Feature","id":"DLZ","geometry":{"type":"Point","coordinates":[-83.1148,40.2797]},"properties":{"station":"DLZ","name":"Delaware","state":"OH","country":"US","elevation":287}},{"type":"Feature","id":"DMA","geometry":{"type":"Point","coordinates":[-110.883,32.166]},"properties":{"station":"DMA","name":"DAVIS-MONTHAN AFB","state":"AZ","country":"US","elevation":824}},{"type":"Feature","id":"DMH","geometry":{"type":"Point","coordinates":[-76.61,39.28]},"properties":{"station":"DMH","name":"BALTIMORE INNER HARBOR","state":"MD","country":"US","elevation":6}},{"type":"Feature","id":"DMN","geometry":{"type":"Point","coordinates":[-107.7206,32.2623]},"properties":{"station":"DMN","name":"DEMING MUNICIPAL","state":"NM","country":"US","elevation":1313}},{"type":"Feature","id":"DMO","geometry":{"type":"Point","coordinates":[-93.1759,38.7074]},"properties":{"station":"DMO","name":"SEDALIA","state":"MO","country":"US","elevation":274}},{"type":"Feature","id":"DMW","geometry":{"type":"Point","coordinates":[-77.0077,39.6083]},"properties":{"station":"DMW","name":"Westminster","state":"MD","country":"US","elevation":240.5}},{"type":"Feature","id":"DNA","geometry":{"type":"Point","coordinates":[-106.7032,31.8804]},"properties":{"station":"DNA","name":"Santa Teresa","state":"NM","country":"US","elevation":1249.1587}},{"type":"Feature","id":"DNL","geometry":{"type":"Point","coordinates":[-82.0385,33.4668]},"properties":{"station":"DNL","name":"Augusta","state":"GA","country":"US","elevation":125}},{"type":"Feature","id":"DNN","geometry":{"type":"Point","coordinates":[-84.87,34.72]},"properties":{"station":"DNN","name":"DALTON MUNI AIRPORT","state":"GA","country":"US","elevation":216}},{"type":"Feature","id":"DNS","geometry":{"type":"Point","coordinates":[-95.38,41.9842]},"properties":{"station":"DNS","name":"DENISON","state":"IA","country":"US","elevation":381}},{"type":"Feature","id":"DNV","geometry":{"type":"Point","coordinates":[-87.5955,40.1997]},"properties":{"station":"DNV","name":"DANVILLE","state":"IL","country":"US","elevation":212}},{"type":"Feature","id":"DOV","geometry":{"type":"Point","coordinates":[-75.466,39.1295]},"properties":{"station":"DOV","name":"DOVER AFB","state":"DE","country":"US","elevation":9}},{"type":"Feature","id":"DPA","geometry":{"type":"Point","coordinates":[-88.2486,41.9078]},"properties":{"station":"DPA","name":"CHICAGO/DUPAGE","state":"IL","country":"US","elevation":231}},{"type":"Feature","id":"DPG","geometry":{"type":"Point","coordinates":[-112.9351,40.1974]},"properties":{"station":"DPG","name":"DUGWAY PRVG GROUND","state":"UT","country":"US","elevation":1326}},{"type":"Feature","id":"DPL","geometry":{"type":"Point","coordinates":[-77.98,35]},"properties":{"station":"DPL","name":"KENANSVILLE/DUPLIN_COUNTY","state":"NC","country":"US","elevation":42}},{"type":"Feature","id":"DQH","geometry":{"type":"Point","coordinates":[-82.8606,31.4767]},"properties":{"station":"DQH","name":"DOUGLAS_MUNI_ARPT","state":"GA","country":"US","elevation":78}},{"type":"Feature","id":"DRA","geometry":{"type":"Point","coordinates":[-116.0278,36.6206]},"properties":{"station":"DRA","name":"MERCURY/DESERT ROCK","state":"NV","country":"US","elevation":1009}},{"type":"Feature","id":"DRI","geometry":{"type":"Point","coordinates":[-93.34,30.83]},"properties":{"station":"DRI","name":"DE RIDDER/BEAUREGARD REGIONAL","state":"LA","country":"US","elevation":62}},{"type":"Feature","id":"DRM","geometry":{"type":"Point","coordinates":[-83.7439,46.0093]},"properties":{"station":"DRM","name":"Drummond Island","state":"MI","country":"US","elevation":203.6}},{"type":"Feature","id":"DRO","geometry":{"type":"Point","coordinates":[-107.7538,37.1515]},"properties":{"station":"DRO","name":"DURANGO/LA PLATA CO","state":"CO","country":"US","elevation":2038}},{"type":"Feature","id":"DRP","geometry":{"type":"Point","coordinates":[-90.8265,35.1201]},"properties":{"station":"DRP","name":"Colt - Delta Regional","state":"AR","country":"US","elevation":70}},{"type":"Feature","id":"DRT","geometry":{"type":"Point","coordinates":[-100.9272,29.3742]},"properties":{"station":"DRT","name":"DEL RIO INTL (AUT)","state":"TX","country":"US","elevation":307}},{"type":"Feature","id":"DSF","geometry":{"type":"Point","coordinates":[-88.2667,28.35]},"properties":{"station":"DSF","name":"Mississippi Canyon 650","state":"LA","country":"US","elevation":0}},{"type":"Feature","id":"DSM","geometry":{"type":"Point","coordinates":[-93.6531,41.5339]},"properties":{"station":"DSM","name":"Des Moines","state":"IA","country":"US","elevation":294}},{"type":"Feature","id":"DSV","geometry":{"type":"Point","coordinates":[-77.713,42.5709]},"properties":{"station":"DSV","name":"DANSVILLE MUNICIPAL","state":"NY","country":"US","elevation":209}},{"type":"Feature","id":"DTA","geometry":{"type":"Point","coordinates":[-112.5077,39.3806]},"properties":{"station":"DTA","name":"Delta","state":"UT","country":"US","elevation":1448.5381}},{"type":"Feature","id":"DTL","geometry":{"type":"Point","coordinates":[-95.8856,46.8252]},"properties":{"station":"DTL","name":"DETROIT LAKES","state":"MN","country":"US","elevation":426}},{"type":"Feature","id":"DTN","geometry":{"type":"Point","coordinates":[-93.745,32.5402]},"properties":{"station":"DTN","name":"SHREVEPORT DOWNTOWN","state":"LA","country":"US","elevation":55}},{"type":"Feature","id":"DTO","geometry":{"type":"Point","coordinates":[-97.2006,33.205]},"properties":{"station":"DTO","name":"Denton","state":"TX","country":"US","elevation":200.71758}},{"type":"Feature","id":"DTS","geometry":{"type":"Point","coordinates":[-86.4674,30.3934]},"properties":{"station":"DTS","name":"Destin - Fort Walton Beach","state":"FL","country":"US","elevation":7.3086386}},{"type":"Feature","id":"DTW","geometry":{"type":"Point","coordinates":[-83.33,42.23]},"properties":{"station":"DTW","name":"DETROIT/WAYNE","state":"MI","country":"US","elevation":195}},{"type":"Feature","id":"DUA","geometry":{"type":"Point","coordinates":[-96.3945,33.9423]},"properties":{"station":"DUA","name":"DURANT","state":"OK","country":"US","elevation":213}},{"type":"Feature","id":"DUB","geometry":{"type":"Point","coordinates":[-109.6903,43.5484]},"properties":{"station":"DUB","name":"Dubois","state":"WY","country":"US","elevation":2210.3616}},{"type":"Feature","id":"DUC","geometry":{"type":"Point","coordinates":[-97.96,34.47]},"properties":{"station":"DUC","name":"HALLIBURTON FIELD AIRPORT/DUNCAN","state":"OK","country":"US","elevation":339}},{"type":"Feature","id":"DUG","geometry":{"type":"Point","coordinates":[-109.6037,31.469]},"properties":{"station":"DUG","name":"DOUGLAS BISBEE INTL","state":"AZ","country":"US","elevation":1265}},{"type":"Feature","id":"DUH","geometry":{"type":"Point","coordinates":[-83.6553,41.7358]},"properties":{"station":"DUH","name":"LAMBERTVILLE","state":"MI","country":"US","elevation":204}},{"type":"Feature","id":"DUJ","geometry":{"type":"Point","coordinates":[-78.9,41.18]},"properties":{"station":"DUJ","name":"DU BOIS (AWOS)","state":"PA","country":"US","elevation":554}},{"type":"Feature","id":"DUX","geometry":{"type":"Point","coordinates":[-102.013,35.858]},"properties":{"station":"DUX","name":"DUMAS","state":"TX","country":"US","elevation":1129}},{"type":"Feature","id":"DVK","geometry":{"type":"Point","coordinates":[-84.7697,37.5779]},"properties":{"station":"DVK","name":"Danville","state":"KY","country":"US","elevation":311.5}},{"type":"Feature","id":"DVL","geometry":{"type":"Point","coordinates":[-98.9083,48.1146]},"properties":{"station":"DVL","name":"DEVILS_LAKE","state":"ND","country":"US","elevation":443}},{"type":"Feature","id":"DVN","geometry":{"type":"Point","coordinates":[-90.5948,41.6133]},"properties":{"station":"DVN","name":"QUAD CITIES","state":"IA","country":"US","elevation":229}},{"type":"Feature","id":"DVO","geometry":{"type":"Point","coordinates":[-122.5561,38.1436]},"properties":{"station":"DVO","name":"Novato","state":"CA","country":"US","elevation":1}},{"type":"Feature","id":"DVP","geometry":{"type":"Point","coordinates":[-95.7826,43.9868]},"properties":{"station":"DVP","name":"Slayton","state":"MN","country":"US","elevation":495}},{"type":"Feature","id":"DVT","geometry":{"type":"Point","coordinates":[-112.0826,33.6883]},"properties":{"station":"DVT","name":"DEER VALLEY/PHOENIX","state":"AZ","country":"US","elevation":450}},{"type":"Feature","id":"DWA","geometry":{"type":"Point","coordinates":[-121.8569,38.5794]},"properties":{"station":"DWA","name":"Yolo County","state":"CA","country":"US","elevation":27.258173}},{"type":"Feature","id":"DWH","geometry":{"type":"Point","coordinates":[-95.5562,30.068]},"properties":{"station":"DWH","name":"HOUSTON/D.W. HOOKS","state":"TX","country":"US","elevation":46}},{"type":"Feature","id":"DWU","geometry":{"type":"Point","coordinates":[-82.738,38.5545]},"properties":{"station":"DWU","name":"Ashland","state":"KY","country":"US","elevation":165.28073}},{"type":"Feature","id":"DWX","geometry":{"type":"Point","coordinates":[-107.4925,41.0374]},"properties":{"station":"DWX","name":"DIxon","state":"WY","country":"US","elevation":1983.8618}},{"type":"Feature","id":"DXR","geometry":{"type":"Point","coordinates":[-73.48,41.37]},"properties":{"station":"DXR","name":"DANBURY MUNICIPAL","state":"CT","country":"US","elevation":139}},{"type":"Feature","id":"DXX","geometry":{"type":"Point","coordinates":[-96.1779,44.9864]},"properties":{"station":"DXX","name":"MADISON","state":"MN","country":"US","elevation":330}},{"type":"Feature","id":"DYA","geometry":{"type":"Point","coordinates":[-87.9541,32.4638]},"properties":{"station":"DYA","name":"Demopolis","state":"AL","country":"US","elevation":32.245163}},{"type":"Feature","id":"DYB","geometry":{"type":"Point","coordinates":[-80.2793,33.0634]},"properties":{"station":"DYB","name":"Summersville","state":"SC","country":"US","elevation":17.1}},{"type":"Feature","id":"DYL","geometry":{"type":"Point","coordinates":[-75.1223,40.3331]},"properties":{"station":"DYL","name":"DOYLESTOWN AIRPORT","state":"PA","country":"US","elevation":120}},{"type":"Feature","id":"DYR","geometry":{"type":"Point","coordinates":[-89.4066,35.998]},"properties":{"station":"DYR","name":"DYERSBURG(AWOS)","state":"TN","country":"US","elevation":103}},{"type":"Feature","id":"DYS","geometry":{"type":"Point","coordinates":[-99.855,32.421]},"properties":{"station":"DYS","name":"DYESS AFB/ABILENE","state":"TX","country":"US","elevation":545}},{"type":"Feature","id":"DYT","geometry":{"type":"Point","coordinates":[-92.0434,46.7219]},"properties":{"station":"DYT","name":"DULUTH (SKY HARB","state":"MN","country":"US","elevation":186}},{"type":"Feature","id":"DZB","geometry":{"type":"Point","coordinates":[-98.3588,30.5271]},"properties":{"station":"DZB","name":"Horseshoe","state":"TX","country":"US","elevation":333}},{"type":"Feature","id":"DZJ","geometry":{"type":"Point","coordinates":[-83.9973,34.8544]},"properties":{"station":"DZJ","name":"Blairsville","state":"GA","country":"US","elevation":582}},{"type":"Feature","id":"E01","geometry":{"type":"Point","coordinates":[-102.909,31.5825]},"properties":{"station":"E01","name":"Monahans","state":"TX","country":"US","elevation":794}},{"type":"Feature","id":"E11","geometry":{"type":"Point","coordinates":[-102.5295,32.3311]},"properties":{"station":"E11","name":"Andews","state":"TX","country":"US","elevation":963.14166}},{"type":"Feature","id":"E16","geometry":{"type":"Point","coordinates":[-121.5968,37.0816]},"properties":{"station":"E16","name":"San Martin","state":"CA","country":"US","elevation":86}},{"type":"Feature","id":"E35","geometry":{"type":"Point","coordinates":[-106.1471,31.5172]},"properties":{"station":"E35","name":"Fabens","state":"TX","country":"US","elevation":1114}},{"type":"Feature","id":"E38","geometry":{"type":"Point","coordinates":[-103.684,30.384]},"properties":{"station":"E38","name":"ALPINE","state":"TX","country":"US","elevation":1376}},{"type":"Feature","id":"E41","geometry":{"type":"Point","coordinates":[-101.4725,31.1989]},"properties":{"station":"E41","name":"Big Lake Reagan","state":"TX","country":"US","elevation":818.1197}},{"type":"Feature","id":"E42","geometry":{"type":"Point","coordinates":[-101.1945,36.221]},"properties":{"station":"E42","name":"Spearman","state":"TX","country":"US","elevation":945.8859}},{"type":"Feature","id":"E57","geometry":{"type":"Point","coordinates":[-102.84,32.9746]},"properties":{"station":"E57","name":"Denver City","state":"TX","country":"US","elevation":1088}},{"type":"Feature","id":"E77","geometry":{"type":"Point","coordinates":[-110.6467,32.6341]},"properties":{"station":"E77","name":"San Manuel","state":"AZ","country":"US","elevation":999}},{"type":"Feature","id":"EAN","geometry":{"type":"Point","coordinates":[-104.9286,42.0555]},"properties":{"station":"EAN","name":"Wheatland","state":"WY","country":"US","elevation":1453.1039}},{"type":"Feature","id":"EAR","geometry":{"type":"Point","coordinates":[-99.0068,40.727]},"properties":{"station":"EAR","name":"KEARNEY MUNI","state":"NE","country":"US","elevation":649.639}},{"type":"Feature","id":"EAT","geometry":{"type":"Point","coordinates":[-120.207,47.399]},"properties":{"station":"EAT","name":"WENATCHEE/PANGBORN","state":"WA","country":"US","elevation":379}},{"type":"Feature","id":"EAU","geometry":{"type":"Point","coordinates":[-91.4843,44.8658]},"properties":{"station":"EAU","name":"EAU CLAIRE","state":"WI","country":"US","elevation":270}},{"type":"Feature","id":"EBA","geometry":{"type":"Point","coordinates":[-82.8175,34.0954]},"properties":{"station":"EBA","name":"Elberton","state":"GA","country":"US","elevation":180.63292}},{"type":"Feature","id":"EBG","geometry":{"type":"Point","coordinates":[-98.1222,26.4417]},"properties":{"station":"EBG","name":"EDINBURG","state":"TX","country":"US","elevation":24}},{"type":"Feature","id":"EBS","geometry":{"type":"Point","coordinates":[-93.8691,42.4392]},"properties":{"station":"EBS","name":"Webster City","state":"IA","country":"US","elevation":337.4}},{"type":"Feature","id":"ECG","geometry":{"type":"Point","coordinates":[-76.1716,36.2577]},"properties":{"station":"ECG","name":"Elizabeth City","state":"NC","country":"US","elevation":2}},{"type":"Feature","id":"ECP","geometry":{"type":"Point","coordinates":[-85.7956,30.3582]},"properties":{"station":"ECP","name":"Panama City","state":"FL","country":"US","elevation":69}},{"type":"Feature","id":"ECS","geometry":{"type":"Point","coordinates":[-104.3179,43.8854]},"properties":{"station":"ECS","name":"Newcastle","state":"WY","country":"US","elevation":1272}},{"type":"Feature","id":"ECU","geometry":{"type":"Point","coordinates":[-100.1739,29.9469]},"properties":{"station":"ECU","name":"ROCKSPRINGS","state":"TX","country":"US","elevation":723}},{"type":"Feature","id":"EDAC","geometry":{"type":"Point","coordinates":[12.5064,50.9818]},"properties":{"station":"EDAC","name":"Altenburg","state":"DE","country":"DE","elevation":195}},{"type":"Feature","id":"EDAH","geometry":{"type":"Point","coordinates":[14.1524,53.8787]},"properties":{"station":"EDAH","name":"Heringsdorf","state":"DE","country":"DE","elevation":28}},{"type":"Feature","id":"EDBC","geometry":{"type":"Point","coordinates":[11.4203,51.8564]},"properties":{"station":"EDBC","name":"Cochstedt","state":"DE","country":"DE","elevation":181}},{"type":"Feature","id":"EDC","geometry":{"type":"Point","coordinates":[-97.5621,30.3925]},"properties":{"station":"EDC","name":"Austin","state":"TX","country":"US","elevation":187.5}},{"type":"Feature","id":"EDDB","geometry":{"type":"Point","coordinates":[13.5325,52.3822]},"properties":{"station":"EDDB","name":"Berlin","state":"DE","country":"DE","elevation":48}},{"type":"Feature","id":"EDDC","geometry":{"type":"Point","coordinates":[13.7561,51.1292]},"properties":{"station":"EDDC","name":"Dresden","state":"DE","country":"DE","elevation":226}},{"type":"Feature","id":"EDDE","geometry":{"type":"Point","coordinates":[10.9631,50.9847]},"properties":{"station":"EDDE","name":"Erfurt","state":"DE","country":"DE","elevation":323}},{"type":"Feature","id":"EDDF","geometry":{"type":"Point","coordinates":[8.5214,50.0258]},"properties":{"station":"EDDF","name":"Frankfurt","state":"DE","country":"DE","elevation":103}},{"type":"Feature","id":"EDDG","geometry":{"type":"Point","coordinates":[7.7,52.1353]},"properties":{"station":"EDDG","name":"Munster","state":"DE","country":"DE","elevation":52}},{"type":"Feature","id":"EDDH","geometry":{"type":"Point","coordinates":[9.99,53.635]},"properties":{"station":"EDDH","name":"Hamburg","state":"DE","country":"DE","elevation":16}},{"type":"Feature","id":"EDDK","geometry":{"type":"Point","coordinates":[7.1586,50.8661]},"properties":{"station":"EDDK","name":"Cologne","state":"DE","country":"DE","elevation":99}},{"type":"Feature","id":"EDDL","geometry":{"type":"Point","coordinates":[6.7692,51.2975]},"properties":{"station":"EDDL","name":"Duesseldorf","state":"DE","country":"DE","elevation":44}},{"type":"Feature","id":"EDDM","geometry":{"type":"Point","coordinates":[11.8092,48.3583]},"properties":{"station":"EDDM","name":"Munich","state":"DE","country":"DE","elevation":447}},{"type":"Feature","id":"EDDN","geometry":{"type":"Point","coordinates":[11.055,49.503]},"properties":{"station":"EDDN","name":"Nuernberg","state":"DE","country":"DE","elevation":312}},{"type":"Feature","id":"EDDP","geometry":{"type":"Point","coordinates":[12.2414,51.4361]},"properties":{"station":"EDDP","name":"Leipzig","state":"DE","country":"DE","elevation":149}},{"type":"Feature","id":"EDDR","geometry":{"type":"Point","coordinates":[7.1083,49.2142]},"properties":{"station":"EDDR","name":"Saarbruecken","state":"DE","country":"DE","elevation":320}},{"type":"Feature","id":"EDDS","geometry":{"type":"Point","coordinates":[9.2253,48.6892]},"properties":{"station":"EDDS","name":"Stuttgart","state":"DE","country":"DE","elevation":419}},{"type":"Feature","id":"EDDV","geometry":{"type":"Point","coordinates":[9.6797,52.4658]},"properties":{"station":"EDDV","name":"Hannover","state":"DE","country":"DE","elevation":54}},{"type":"Feature","id":"EDDW","geometry":{"type":"Point","coordinates":[8.7867,53.0475]},"properties":{"station":"EDDW","name":"Bremen","state":"DE","country":"DE","elevation":5}},{"type":"Feature","id":"EDE","geometry":{"type":"Point","coordinates":[-76.5671,36.0277]},"properties":{"station":"EDE","name":"EDENTON_NORTHEA","state":"NC","country":"US","elevation":6}},{"type":"Feature","id":"EDFH","geometry":{"type":"Point","coordinates":[7.2647,49.9475]},"properties":{"station":"EDFH","name":"Hahn","state":"DE","country":"DE","elevation":498}},{"type":"Feature","id":"EDFM","geometry":{"type":"Point","coordinates":[8.5143,49.4727]},"properties":{"station":"EDFM","name":"Mannheim","state":"DE","country":"DE","elevation":100}},{"type":"Feature","id":"EDGS","geometry":{"type":"Point","coordinates":[8.083,50.7077]},"properties":{"station":"EDGS","name":"Siegerland","state":"DE","country":"DE","elevation":602}},{"type":"Feature","id":"EDHI","geometry":{"type":"Point","coordinates":[9.837,53.5359]},"properties":{"station":"EDHI","name":"Hamburg","state":"DE","country":"DE","elevation":13}},{"type":"Feature","id":"EDHK","geometry":{"type":"Point","coordinates":[10.1452,54.3795]},"properties":{"station":"EDHK","name":"Kiel","state":"DE","country":"DE","elevation":31}},{"type":"Feature","id":"EDHL","geometry":{"type":"Point","coordinates":[10.7192,53.8054]},"properties":{"station":"EDHL","name":"Luebeck","state":"DE","country":"DE","elevation":16}},{"type":"Feature","id":"EDJ","geometry":{"type":"Point","coordinates":[-83.8192,40.3723]},"properties":{"station":"EDJ","name":"Bellefontaine","state":"OH","country":"US","elevation":342}},{"type":"Feature","id":"EDJA","geometry":{"type":"Point","coordinates":[10.2395,47.9888]},"properties":{"station":"EDJA","name":"Memmingen","state":"DE","country":"DE","elevation":633}},{"type":"Feature","id":"EDLN","geometry":{"type":"Point","coordinates":[6.5044,51.2303]},"properties":{"station":"EDLN","name":"Moenchengladbach","state":"DE","country":"DE","elevation":38}},{"type":"Feature","id":"EDLP","geometry":{"type":"Point","coordinates":[8.6167,51.6167]},"properties":{"station":"EDLP","name":"Paderborn","state":"DE","country":"DE","elevation":213}},{"type":"Feature","id":"EDLV","geometry":{"type":"Point","coordinates":[6.1422,51.6024]},"properties":{"station":"EDLV","name":"Weeze","state":"DE","country":"DE","elevation":32}},{"type":"Feature","id":"EDLW","geometry":{"type":"Point","coordinates":[7.6122,51.5183]},"properties":{"station":"EDLW","name":"Dortmund","state":"DE","country":"DE","elevation":127}},{"type":"Feature","id":"EDMA","geometry":{"type":"Point","coordinates":[10.9431,48.4261]},"properties":{"station":"EDMA","name":"Augsburg","state":"DE","country":"DE","elevation":463}},{"type":"Feature","id":"EDMO","geometry":{"type":"Point","coordinates":[11.2831,48.0814]},"properties":{"station":"EDMO","name":"Oberpfaffenhofen","state":"DE","country":"DE","elevation":600}},{"type":"Feature","id":"EDN","geometry":{"type":"Point","coordinates":[-85.9048,31.2982]},"properties":{"station":"EDN","name":"Enterprise","state":"AL","country":"US","elevation":104.84666}},{"type":"Feature","id":"EDNY","geometry":{"type":"Point","coordinates":[9.5115,47.6713]},"properties":{"station":"EDNY","name":"Friedrichshafen","state":"DE","country":"DE","elevation":424}},{"type":"Feature","id":"EDQM","geometry":{"type":"Point","coordinates":[11.8775,50.3133]},"properties":{"station":"EDQM","name":"Hof","state":"DE","country":"DE","elevation":568}},{"type":"Feature","id":"EDSB","geometry":{"type":"Point","coordinates":[8.0805,48.7794]},"properties":{"station":"EDSB","name":"Karlsruhe/Baden-Baden","state":"DE","country":"DE","elevation":124}},{"type":"Feature","id":"EDTL","geometry":{"type":"Point","coordinates":[7.8278,48.3692]},"properties":{"station":"EDTL","name":"Lahr","state":"DE","country":"DE","elevation":156}},{"type":"Feature","id":"EDTY","geometry":{"type":"Point","coordinates":[9.784,49.1183]},"properties":{"station":"EDTY","name":"Schwaebisch Hall","state":"DE","country":"DE","elevation":397.60696}},{"type":"Feature","id":"EDU","geometry":{"type":"Point","coordinates":[-121.7865,38.5315]},"properties":{"station":"EDU","name":"University","state":"CA","country":"US","elevation":21}},{"type":"Feature","id":"EDVE","geometry":{"type":"Point","coordinates":[10.4486,52.2931]},"properties":{"station":"EDVE","name":"Braunschweig","state":"DE","country":"DE","elevation":88}},{"type":"Feature","id":"EDVK","geometry":{"type":"Point","coordinates":[9.3776,51.4084]},"properties":{"station":"EDVK","name":"Kassel","state":"DE","country":"DE","elevation":285}},{"type":"Feature","id":"EDW","geometry":{"type":"Point","coordinates":[-117.8837,34.9054]},"properties":{"station":"EDW","name":"EDWARDS AFB","state":"CA","country":"US","elevation":702}},{"type":"Feature","id":"EDWE","geometry":{"type":"Point","coordinates":[7.2287,53.3881]},"properties":{"station":"EDWE","name":"Emden","state":"DE","country":"DE","elevation":-1.9888668}},{"type":"Feature","id":"EDXW","geometry":{"type":"Point","coordinates":[8.3405,54.9132]},"properties":{"station":"EDXW","name":"Westerland","state":"DE","country":"DE","elevation":20}},{"type":"Feature","id":"EED","geometry":{"type":"Point","coordinates":[-114.6233,34.7664]},"properties":{"station":"EED","name":"NEEDLES AIRPORT","state":"CA","country":"US","elevation":302}},{"type":"Feature","id":"EEN","geometry":{"type":"Point","coordinates":[-72.27,42.9]},"properties":{"station":"EEN","name":"KEENE/DILLANT(AWOS)","state":"NH","country":"US","elevation":149}},{"type":"Feature","id":"EEO","geometry":{"type":"Point","coordinates":[-107.8859,40.0488]},"properties":{"station":"EEO","name":"MEEKER","state":"CO","country":"US","elevation":1957}},{"type":"Feature","id":"EET","geometry":{"type":"Point","coordinates":[-86.7818,33.1784]},"properties":{"station":"EET","name":"Alabaster","state":"AL","country":"US","elevation":172}},{"type":"Feature","id":"EFD","geometry":{"type":"Point","coordinates":[-95.1587,29.6073]},"properties":{"station":"EFD","name":"HOUSTON/ELLINGTON","state":"TX","country":"US","elevation":10}},{"type":"Feature","id":"EFK","geometry":{"type":"Point","coordinates":[-72.2292,44.8888]},"properties":{"station":"EFK","name":"Newport","state":"VT","country":"US","elevation":283.5}},{"type":"Feature","id":"EFT","geometry":{"type":"Point","coordinates":[-89.5904,42.6149]},"properties":{"station":"EFT","name":"MONROE","state":"WI","country":"US","elevation":331}},{"type":"Feature","id":"EGAA","geometry":{"type":"Point","coordinates":[-6.2258,54.6633]},"properties":{"station":"EGAA","name":"Belfast","state":"GB","country":"GB","elevation":81}},{"type":"Feature","id":"EGAC","geometry":{"type":"Point","coordinates":[-5.8735,54.6135]},"properties":{"station":"EGAC","name":"Belfast","state":"GB","country":"GB","elevation":5}},{"type":"Feature","id":"EGAE","geometry":{"type":"Point","coordinates":[-7.1611,55.0428]},"properties":{"station":"EGAE","name":"Londonderry","state":"GB","country":"GB","elevation":9}},{"type":"Feature","id":"EGBB","geometry":{"type":"Point","coordinates":[-1.7576,52.4602]},"properties":{"station":"EGBB","name":"Birmingham","state":"GB","country":"GB","elevation":99}},{"type":"Feature","id":"EGBJ","geometry":{"type":"Point","coordinates":[-2.1608,51.8923]},"properties":{"station":"EGBJ","name":"Gloucestershire","state":"GB","country":"GB","elevation":29}},{"type":"Feature","id":"EGCC","geometry":{"type":"Point","coordinates":[-2.275,53.3537]},"properties":{"station":"EGCC","name":"Manchester","state":"GB","country":"GB","elevation":78}},{"type":"Feature","id":"EGCK","geometry":{"type":"Point","coordinates":[-4.3403,53.1042]},"properties":{"station":"EGCK","name":"Caernarfon","state":"GB","country":"GB","elevation":4}},{"type":"Feature","id":"EGDM","geometry":{"type":"Point","coordinates":[-1.7546,51.1618]},"properties":{"station":"EGDM","name":"Boscombe Down","state":"GB","country":"GB","elevation":124}},{"type":"Feature","id":"EGDR","geometry":{"type":"Point","coordinates":[-5.2571,50.0843]},"properties":{"station":"EGDR","name":"Culdrose","state":"GB","country":"GB","elevation":82}},{"type":"Feature","id":"EGDY","geometry":{"type":"Point","coordinates":[-2.6428,51.0063]},"properties":{"station":"EGDY","name":"Yeovilton","state":"GB","country":"GB","elevation":23}},{"type":"Feature","id":"EGE","geometry":{"type":"Point","coordinates":[-106.9177,39.6426]},"properties":{"station":"EGE","name":"EAGLE CO. REGIONAL","state":"CO","country":"US","elevation":1993}},{"type":"Feature","id":"EGEC","geometry":{"type":"Point","coordinates":[-5.6864,55.4372]},"properties":{"station":"EGEC","name":"Campbeltown","state":"GB","country":"GB","elevation":13}},{"type":"Feature","id":"EGEO","geometry":{"type":"Point","coordinates":[-5.3997,56.4635]},"properties":{"station":"EGEO","name":"North Connel","state":"GB","country":"GB","elevation":6}},{"type":"Feature","id":"EGFF","geometry":{"type":"Point","coordinates":[-3.3433,51.3967]},"properties":{"station":"EGFF","name":"Cardiff","state":"GB","country":"GB","elevation":67}},{"type":"Feature","id":"EGGD","geometry":{"type":"Point","coordinates":[-2.7191,51.3827]},"properties":{"station":"EGGD","name":"Bristol","state":"GB","country":"GB","elevation":189}},{"type":"Feature","id":"EGGP","geometry":{"type":"Point","coordinates":[-2.85,53.3333]},"properties":{"station":"EGGP","name":"Liverpool","state":"GB","country":"GB","elevation":26}},{"type":"Feature","id":"EGGW","geometry":{"type":"Point","coordinates":[-0.3683,51.8747]},"properties":{"station":"EGGW","name":"London","state":"GB","country":"GB","elevation":160}},{"type":"Feature","id":"EGHC","geometry":{"type":"Point","coordinates":[-5.6706,50.1028]},"properties":{"station":"EGHC","name":"Land's End","state":"GB","country":"GB","elevation":117.96032}},{"type":"Feature","id":"EGHE","geometry":{"type":"Point","coordinates":[-6.2958,49.9144]},"properties":{"station":"EGHE","name":"SCILLY/ST.MARYS","state":"GB","country":"GB","elevation":31}},{"type":"Feature","id":"EGHH","geometry":{"type":"Point","coordinates":[-1.8362,50.7794]},"properties":{"station":"EGHH","name":"Bournemouth","state":"GB","country":"GB","elevation":11}},{"type":"Feature","id":"EGHI","geometry":{"type":"Point","coordinates":[-1.3561,50.955]},"properties":{"station":"EGHI","name":"Southampton","state":"GB","country":"GB","elevation":10.719363}},{"type":"Feature","id":"EGHQ","geometry":{"type":"Point","coordinates":[-4.9954,50.4406]},"properties":{"station":"EGHQ","name":"Newquai","state":"GB","country":"GB","elevation":119}},{"type":"Feature","id":"EGI","geometry":{"type":"Point","coordinates":[-86.5229,30.6503]},"properties":{"station":"EGI","name":"DUKE FLD/EGLIN","state":"FL","country":"US","elevation":59}},{"type":"Feature","id":"EGJA","geometry":{"type":"Point","coordinates":[-2.2147,49.7061]},"properties":{"station":"EGJA","name":"Alderney","state":"GB","country":"GB","elevation":71}},{"type":"Feature","id":"EGJB","geometry":{"type":"Point","coordinates":[-2.5981,49.4331]},"properties":{"station":"EGJB","name":"Guernsey","state":"GB","country":"GB","elevation":102}},{"type":"Feature","id":"EGJJ","geometry":{"type":"Point","coordinates":[-2.1943,49.2096]},"properties":{"station":"EGJJ","name":"Jersey","state":"GB","country":"GB","elevation":84}},{"type":"Feature","id":"EGKA","geometry":{"type":"Point","coordinates":[-0.2943,50.8353]},"properties":{"station":"EGKA","name":"Shoreham By Sea","state":"GB","country":"GB","elevation":2}},{"type":"Feature","id":"EGKB","geometry":{"type":"Point","coordinates":[0.0322,51.329]},"properties":{"station":"EGKB","name":"London - Biggin Hill","state":"GB","country":"GB","elevation":172}},{"type":"Feature","id":"EGKK","geometry":{"type":"Point","coordinates":[-0.1903,51.1481]},"properties":{"station":"EGKK","name":"London","state":"GB","country":"GB","elevation":62}},{"type":"Feature","id":"EGLC","geometry":{"type":"Point","coordinates":[0.0553,51.5053]},"properties":{"station":"EGLC","name":"London City","state":"GB","country":"GB","elevation":5}},{"type":"Feature","id":"EGLF","geometry":{"type":"Point","coordinates":[-0.7727,51.28]},"properties":{"station":"EGLF","name":"Farnborough","state":"GB","country":"GB","elevation":65}},{"type":"Feature","id":"EGLL","geometry":{"type":"Point","coordinates":[-0.4614,51.4785]},"properties":{"station":"EGLL","name":"London","state":"GB","country":"GB","elevation":26.786364}},{"type":"Feature","id":"EGMC","geometry":{"type":"Point","coordinates":[0.6956,51.5714]},"properties":{"station":"EGMC","name":"Southend","state":"GB","country":"GB","elevation":15}},{"type":"Feature","id":"EGMD","geometry":{"type":"Point","coordinates":[0.9392,50.9561]},"properties":{"station":"EGMD","name":"Lydd","state":"GB","country":"GB","elevation":3}},{"type":"Feature","id":"EGNH","geometry":{"type":"Point","coordinates":[-3.0394,53.7744]},"properties":{"station":"EGNH","name":"Blackpool","state":"GB","country":"GB","elevation":10}},{"type":"Feature","id":"EGNJ","geometry":{"type":"Point","coordinates":[-0.3508,53.5744]},"properties":{"station":"EGNJ","name":"Humberside","state":"GB","country":"GB","elevation":31}},{"type":"Feature","id":"EGNM","geometry":{"type":"Point","coordinates":[-1.6653,53.8618]},"properties":{"station":"EGNM","name":"Leeds","state":"GB","country":"GB","elevation":208}},{"type":"Feature","id":"EGNO","geometry":{"type":"Point","coordinates":[-2.8831,53.7451]},"properties":{"station":"EGNO","name":"Warton","state":"GB","country":"GB","elevation":17}},{"type":"Feature","id":"EGNR","geometry":{"type":"Point","coordinates":[-2.9872,53.1747]},"properties":{"station":"EGNR","name":"Hawarden","state":"GB","country":"GB","elevation":10}},{"type":"Feature","id":"EGNS","geometry":{"type":"Point","coordinates":[-4.6333,54.0833]},"properties":{"station":"EGNS","name":"Isle Of Man","state":"GB","country":"GB","elevation":17}},{"type":"Feature","id":"EGNT","geometry":{"type":"Point","coordinates":[-1.6917,55.0375]},"properties":{"station":"EGNT","name":"Newcastle","state":"GB","country":"GB","elevation":81}},{"type":"Feature","id":"EGNV","geometry":{"type":"Point","coordinates":[-1.4294,54.5092]},"properties":{"station":"EGNV","name":"Teesside","state":"GB","country":"GB","elevation":37}},{"type":"Feature","id":"EGNX","geometry":{"type":"Point","coordinates":[-1.3281,52.8311]},"properties":{"station":"EGNX","name":"East Midlands","state":"GB","country":"GB","elevation":94}},{"type":"Feature","id":"EGOM","geometry":{"type":"Point","coordinates":[-2.55,55.05]},"properties":{"station":"EGOM","name":"Spadeadam","state":"GB","country":"GB","elevation":325}},{"type":"Feature","id":"EGOP","geometry":{"type":"Point","coordinates":[-4.3667,51.7167]},"properties":{"station":"EGOP","name":"PEMBRY SANDS","state":"GB","country":"GB","elevation":6}},{"type":"Feature","id":"EGOS","geometry":{"type":"Point","coordinates":[-2.6647,52.7947]},"properties":{"station":"EGOS","name":"Shawbury","state":"GB","country":"GB","elevation":76}},{"type":"Feature","id":"EGOV","geometry":{"type":"Point","coordinates":[-4.5365,53.2527]},"properties":{"station":"EGOV","name":"Angelsey","state":"GB","country":"GB","elevation":11}},{"type":"Feature","id":"EGOW","geometry":{"type":"Point","coordinates":[-3.0555,53.5816]},"properties":{"station":"EGOW","name":"Woodvale","state":"GB","country":"GB","elevation":12}},{"type":"Feature","id":"EGPA","geometry":{"type":"Point","coordinates":[-2.9014,58.9536]},"properties":{"station":"EGPA","name":"Kirkwall","state":"GB","country":"GB","elevation":21}},{"type":"Feature","id":"EGPB","geometry":{"type":"Point","coordinates":[-1.2956,59.8789]},"properties":{"station":"EGPB","name":"Sumburgh","state":"GB","country":"GB","elevation":5}},{"type":"Feature","id":"EGPC","geometry":{"type":"Point","coordinates":[-3.0931,58.4589]},"properties":{"station":"EGPC","name":"Wick","state":"GB","country":"GB","elevation":39}},{"type":"Feature","id":"EGPD","geometry":{"type":"Point","coordinates":[-2.2053,57.2049]},"properties":{"station":"EGPD","name":"Aberdeen","state":"GB","country":"GB","elevation":65}},{"type":"Feature","id":"EGPE","geometry":{"type":"Point","coordinates":[-4.0475,57.5425]},"properties":{"station":"EGPE","name":"Inverness","state":"GB","country":"GB","elevation":9}},{"type":"Feature","id":"EGPF","geometry":{"type":"Point","coordinates":[-4.4331,55.8719]},"properties":{"station":"EGPF","name":"Glasgow","state":"GB","country":"GB","elevation":8}},{"type":"Feature","id":"EGPH","geometry":{"type":"Point","coordinates":[-3.35,55.95]},"properties":{"station":"EGPH","name":"Edinburgh","state":"GB","country":"GB","elevation":41}},{"type":"Feature","id":"EGPI","geometry":{"type":"Point","coordinates":[-6.2567,55.6819]},"properties":{"station":"EGPI","name":"Islay","state":"GB","country":"GB","elevation":18}},{"type":"Feature","id":"EGPK","geometry":{"type":"Point","coordinates":[-4.5867,55.5094]},"properties":{"station":"EGPK","name":"Prestwick","state":"GB","country":"GB","elevation":20}},{"type":"Feature","id":"EGPL","geometry":{"type":"Point","coordinates":[-7.3628,57.4811]},"properties":{"station":"EGPL","name":"Benbecula","state":"GB","country":"GB","elevation":6}},{"type":"Feature","id":"EGPN","geometry":{"type":"Point","coordinates":[-3.0258,56.4525]},"properties":{"station":"EGPN","name":"Dundee","state":"GB","country":"GB","elevation":4}},{"type":"Feature","id":"EGPO","geometry":{"type":"Point","coordinates":[-6.3311,58.2156]},"properties":{"station":"EGPO","name":"Stornoway","state":"GB","country":"GB","elevation":13}},{"type":"Feature","id":"EGPU","geometry":{"type":"Point","coordinates":[-6.8806,56.5]},"properties":{"station":"EGPU","name":"Tiree","state":"GB","country":"GB","elevation":12}},{"type":"Feature","id":"EGQA","geometry":{"type":"Point","coordinates":[-3.9555,57.8249]},"properties":{"station":"EGQA","name":"TAIN RANGE (SAWS)","state":"GB","country":"GB","elevation":4}},{"type":"Feature","id":"EGQK","geometry":{"type":"Point","coordinates":[-3.5635,57.6456]},"properties":{"station":"EGQK","name":"Kinloss","state":"GB","country":"GB","elevation":7}},{"type":"Feature","id":"EGQL","geometry":{"type":"Point","coordinates":[-2.8624,56.3774]},"properties":{"station":"EGQL","name":"Leuchars","state":"GB","country":"GB","elevation":12}},{"type":"Feature","id":"EGQM","geometry":{"type":"Point","coordinates":[-1.6012,55.4209]},"properties":{"station":"EGQM","name":"BOULMER","state":"GB","country":"GB","elevation":23}},{"type":"Feature","id":"EGQS","geometry":{"type":"Point","coordinates":[-3.3235,57.7114]},"properties":{"station":"EGQS","name":"Lossiemouth","state":"GB","country":"GB","elevation":13}},{"type":"Feature","id":"EGSC","geometry":{"type":"Point","coordinates":[0.175,52.205]},"properties":{"station":"EGSC","name":"Cambridge","state":"GB","country":"GB","elevation":15}},{"type":"Feature","id":"EGSH","geometry":{"type":"Point","coordinates":[1.2828,52.6758]},"properties":{"station":"EGSH","name":"Norwich","state":"GB","country":"GB","elevation":15}},{"type":"Feature","id":"EGSS","geometry":{"type":"Point","coordinates":[0.2232,51.8812]},"properties":{"station":"EGSS","name":"London","state":"GB","country":"GB","elevation":106}},{"type":"Feature","id":"EGSY","geometry":{"type":"Point","coordinates":[-3.4358,51.4047]},"properties":{"station":"EGSY","name":"MOD St Athan","state":"GB","country":"GB","elevation":44}},{"type":"Feature","id":"EGT","geometry":{"type":"Point","coordinates":[-97.3883,37.325]},"properties":{"station":"EGT","name":"Wellington","state":"KS","country":"US","elevation":387}},{"type":"Feature","id":"EGTC","geometry":{"type":"Point","coordinates":[-0.6167,52.0722]},"properties":{"station":"EGTC","name":"Cranfield","state":"GB","country":"GB","elevation":111}},{"type":"Feature","id":"EGTE","geometry":{"type":"Point","coordinates":[-3.4058,50.7372]},"properties":{"station":"EGTE","name":"Exeter","state":"GB","country":"GB","elevation":30}},{"type":"Feature","id":"EGTK","geometry":{"type":"Point","coordinates":[-1.32,51.8369]},"properties":{"station":"EGTK","name":"Oxford","state":"GB","country":"GB","elevation":79.21229}},{"type":"Feature","id":"EGUB","geometry":{"type":"Point","coordinates":[-1.0987,51.6202]},"properties":{"station":"EGUB","name":"Benson","state":"GB","country":"GB","elevation":63}},{"type":"Feature","id":"EGUL","geometry":{"type":"Point","coordinates":[0.561,52.4093]},"properties":{"station":"EGUL","name":"Lakenheath","state":"GB","country":"GB","elevation":10}},{"type":"Feature","id":"EGUN","geometry":{"type":"Point","coordinates":[0.4864,52.3619]},"properties":{"station":"EGUN","name":"Mildenhall","state":"GB","country":"GB","elevation":10}},{"type":"Feature","id":"EGUW","geometry":{"type":"Point","coordinates":[0.9573,52.1239]},"properties":{"station":"EGUW","name":"Wattisham","state":"GB","country":"GB","elevation":87}},{"type":"Feature","id":"EGV","geometry":{"type":"Point","coordinates":[-89.2683,45.9323]},"properties":{"station":"EGV","name":"EAGLE RIVER","state":"WI","country":"US","elevation":500}},{"type":"Feature","id":"EGVA","geometry":{"type":"Point","coordinates":[-1.79,51.6822]},"properties":{"station":"EGVA","name":"Fairford","state":"GB","country":"GB","elevation":87}},{"type":"Feature","id":"EGVN","geometry":{"type":"Point","coordinates":[-1.578,51.7585]},"properties":{"station":"EGVN","name":"Brize Norton","state":"GB","country":"GB","elevation":88}},{"type":"Feature","id":"EGVO","geometry":{"type":"Point","coordinates":[-0.945,51.2391]},"properties":{"station":"EGVO","name":"Odiham","state":"GB","country":"GB","elevation":123}},{"type":"Feature","id":"EGVP","geometry":{"type":"Point","coordinates":[-1.5686,51.1394]},"properties":{"station":"EGVP","name":"MIDDLE WALLOP","state":"GB","country":"GB","elevation":91}},{"type":"Feature","id":"EGWC","geometry":{"type":"Point","coordinates":[-2.3056,52.64]},"properties":{"station":"EGWC","name":"Cosford","state":"GB","country":"GB","elevation":83}},{"type":"Feature","id":"EGWU","geometry":{"type":"Point","coordinates":[-0.4175,51.5522]},"properties":{"station":"EGWU","name":"Northolt","state":"GB","country":"GB","elevation":31}},{"type":"Feature","id":"EGXC","geometry":{"type":"Point","coordinates":[-0.1729,53.0939]},"properties":{"station":"EGXC","name":"Coningsby","state":"GB","country":"GB","elevation":7}},{"type":"Feature","id":"EGXE","geometry":{"type":"Point","coordinates":[-1.5331,54.2969]},"properties":{"station":"EGXE","name":"Leeming","state":"GB","country":"GB","elevation":40}},{"type":"Feature","id":"EGXS","geometry":{"type":"Point","coordinates":[0.1521,53.4749]},"properties":{"station":"EGXS","name":"DONNA NOOK RAF","state":"GB","country":"GB","elevation":22}},{"type":"Feature","id":"EGXT","geometry":{"type":"Point","coordinates":[-0.4612,52.6114]},"properties":{"station":"EGXT","name":"Wittering","state":"GB","country":"GB","elevation":84}},{"type":"Feature","id":"EGXV","geometry":{"type":"Point","coordinates":[-0.435,53.8758]},"properties":{"station":"EGXV","name":"LECONFIELD (AUT)","state":"GB","country":"GB","elevation":6}},{"type":"Feature","id":"EGXW","geometry":{"type":"Point","coordinates":[-0.5233,53.1754]},"properties":{"station":"EGXW","name":"Waddington","state":"GB","country":"GB","elevation":70}},{"type":"Feature","id":"EGXZ","geometry":{"type":"Point","coordinates":[-1.3821,54.2055]},"properties":{"station":"EGXZ","name":"Topcliffe","state":"GB","country":"GB","elevation":28}},{"type":"Feature","id":"EGYD","geometry":{"type":"Point","coordinates":[-0.5047,53.0317]},"properties":{"station":"EGYD","name":"Cranwell","state":"GB","country":"GB","elevation":67}},{"type":"Feature","id":"EGYE","geometry":{"type":"Point","coordinates":[-0.5616,52.9622]},"properties":{"station":"EGYE","name":"Barkston Heath","state":"GB","country":"GB","elevation":112}},{"type":"Feature","id":"EGYH","geometry":{"type":"Point","coordinates":[0.1385,52.8733]},"properties":{"station":"EGYH","name":"HOLBEACH (AUT)","state":"GB","country":"GB","elevation":3}},{"type":"Feature","id":"EGYM","geometry":{"type":"Point","coordinates":[0.5671,52.6483]},"properties":{"station":"EGYM","name":"Marham","state":"GB","country":"GB","elevation":23}},{"type":"Feature","id":"EHA","geometry":{"type":"Point","coordinates":[-101.88,37.0008]},"properties":{"station":"EHA","name":"ELKHART","state":"KS","country":"US","elevation":1099}},{"type":"Feature","id":"EHO","geometry":{"type":"Point","coordinates":[-81.6011,35.2556]},"properties":{"station":"EHO","name":"SHELBY_MUNI_ARPT","state":"NC","country":"US","elevation":258}},{"type":"Feature","id":"EHR","geometry":{"type":"Point","coordinates":[-87.6857,37.8078]},"properties":{"station":"EHR","name":"HENDERSON CITY","state":"KY","country":"US","elevation":117}},{"type":"Feature","id":"EIK","geometry":{"type":"Point","coordinates":[-105.048,40.0102]},"properties":{"station":"EIK","name":"Erie","state":"CO","country":"US","elevation":1563.6}},{"type":"Feature","id":"EKM","geometry":{"type":"Point","coordinates":[-86,41.72]},"properties":{"station":"EKM","name":"ELKHART MUNICIPA","state":"IN","country":"US","elevation":237}},{"type":"Feature","id":"EKN","geometry":{"type":"Point","coordinates":[-79.8528,38.8853]},"properties":{"station":"EKN","name":"ELKINS/RANDOLPH FLD","state":"WV","country":"US","elevation":609}},{"type":"Feature","id":"EKO","geometry":{"type":"Point","coordinates":[-115.786,40.8242]},"properties":{"station":"EKO","name":"ELKO","state":"NV","country":"US","elevation":1367}},{"type":"Feature","id":"EKQ","geometry":{"type":"Point","coordinates":[-84.8561,36.8553]},"properties":{"station":"EKQ","name":"Monticello","state":"KY","country":"US","elevation":293.5}},{"type":"Feature","id":"EKS","geometry":{"type":"Point","coordinates":[-111.6486,45.2718]},"properties":{"station":"EKS","name":"Ennis","state":"MT","country":"US","elevation":1630.2418}},{"type":"Feature","id":"EKX","geometry":{"type":"Point","coordinates":[-85.925,37.686]},"properties":{"station":"EKX","name":"Elizabethtown","state":"KY","country":"US","elevation":232.35463}},{"type":"Feature","id":"EKY","geometry":{"type":"Point","coordinates":[-86.9263,33.3126]},"properties":{"station":"EKY","name":"Bessemer","state":"AL","country":"US","elevation":213.72552}},{"type":"Feature","id":"ELA","geometry":{"type":"Point","coordinates":[-96.3219,29.6006]},"properties":{"station":"ELA","name":"Eagle Lake","state":"TX","country":"US","elevation":56.802055}},{"type":"Feature","id":"ELD","geometry":{"type":"Point","coordinates":[-92.8133,33.221]},"properties":{"station":"ELD","name":"EL DORADO/GOODWIN","state":"AR","country":"US","elevation":77}},{"type":"Feature","id":"ELK","geometry":{"type":"Point","coordinates":[-99.3943,35.4308]},"properties":{"station":"ELK","name":"Elk City","state":"OK","country":"US","elevation":605.0704}},{"type":"Feature","id":"ELM","geometry":{"type":"Point","coordinates":[-76.8994,42.1571]},"properties":{"station":"ELM","name":"Elmira / Corning","state":"NY","country":"US","elevation":287.12537}},{"type":"Feature","id":"ELN","geometry":{"type":"Point","coordinates":[-120.5307,47.033]},"properties":{"station":"ELN","name":"ELLENSBURG/BOWERS","state":"WA","country":"US","elevation":538}},{"type":"Feature","id":"ELO","geometry":{"type":"Point","coordinates":[-91.8371,47.8287]},"properties":{"station":"ELO","name":"Ely","state":"MN","country":"US","elevation":434.0478}},{"type":"Feature","id":"ELP","geometry":{"type":"Point","coordinates":[-106.3758,31.8111]},"properties":{"station":"ELP","name":"EL PASO INTL ARPT","state":"TX","country":"US","elevation":1194}},{"type":"Feature","id":"ELY","geometry":{"type":"Point","coordinates":[-114.8453,39.295]},"properties":{"station":"ELY","name":"ELY/YELLAND FLD","state":"NV","country":"US","elevation":1909}},{"type":"Feature","id":"ELZ","geometry":{"type":"Point","coordinates":[-77.9842,42.1078]},"properties":{"station":"ELZ","name":"Wellsville Municipal","state":"NY","country":"US","elevation":639}},{"type":"Feature","id":"EMM","geometry":{"type":"Point","coordinates":[-110.557,41.8241]},"properties":{"station":"EMM","name":"Kemmerer","state":"WY","country":"US","elevation":2217.5945}},{"type":"Feature","id":"EMP","geometry":{"type":"Point","coordinates":[-96.1897,38.3306]},"properties":{"station":"EMP","name":"EMPORIA","state":"KS","country":"US","elevation":368}},{"type":"Feature","id":"EMT","geometry":{"type":"Point","coordinates":[-118.035,34.086]},"properties":{"station":"EMT","name":"EL MONTE","state":"CA","country":"US","elevation":90}},{"type":"Feature","id":"EMV","geometry":{"type":"Point","coordinates":[-77.4827,36.6869]},"properties":{"station":"EMV","name":"EMPORIA-GREENSVILLE RGL AIRPORT","state":"VA","country":"US","elevation":39}},{"type":"Feature","id":"END","geometry":{"type":"Point","coordinates":[-97.9165,36.3392]},"properties":{"station":"END","name":"VANCE AFB/ENID","state":"OK","country":"US","elevation":398}},{"type":"Feature","id":"ENL","geometry":{"type":"Point","coordinates":[-89.0911,38.5151]},"properties":{"station":"ENL","name":"CENTRALIA","state":"IL","country":"US","elevation":163}},{"type":"Feature","id":"ENV","geometry":{"type":"Point","coordinates":[-114.0309,40.7187]},"properties":{"station":"ENV","name":"WENDOVER (AUT)","state":"UT","country":"US","elevation":1292}},{"type":"Feature","id":"ENW","geometry":{"type":"Point","coordinates":[-87.9381,42.595]},"properties":{"station":"ENW","name":"KENOSHA","state":"WI","country":"US","elevation":219}},{"type":"Feature","id":"EOD","geometry":{"type":"Point","coordinates":[-87.4814,36.5677]},"properties":{"station":"EOD","name":"Fort Campbell","state":"TN","country":"US","elevation":178}},{"type":"Feature","id":"EOE","geometry":{"type":"Point","coordinates":[-81.6397,34.3093]},"properties":{"station":"EOE","name":"Newberry","state":"SC","country":"US","elevation":173.1}},{"type":"Feature","id":"EOK","geometry":{"type":"Point","coordinates":[-91.4274,40.4615]},"properties":{"station":"EOK","name":"KEOKUK MUNI","state":"IA","country":"US","elevation":204.5}},{"type":"Feature","id":"EOP","geometry":{"type":"Point","coordinates":[-82.9283,39.167]},"properties":{"station":"EOP","name":"Waverly","state":"OH","country":"US","elevation":201}},{"type":"Feature","id":"EPH","geometry":{"type":"Point","coordinates":[-119.5147,47.3081]},"properties":{"station":"EPH","name":"EPHRATA MUNICIPAL","state":"WA","country":"US","elevation":388}},{"type":"Feature","id":"EQA","geometry":{"type":"Point","coordinates":[-96.8176,37.7741]},"properties":{"station":"EQA","name":"El Dorado","state":"KS","country":"US","elevation":422.5155}},{"type":"Feature","id":"EQY","geometry":{"type":"Point","coordinates":[-80.6206,35.0169]},"properties":{"station":"EQY","name":"MONROE_AIRPORT_(ASOS)","state":"NC","country":"US","elevation":207}},{"type":"Feature","id":"ERI","geometry":{"type":"Point","coordinates":[-80.18,42.08]},"properties":{"station":"ERI","name":"ERIE INTL AIRPORT","state":"PA","country":"US","elevation":225}},{"type":"Feature","id":"ERV","geometry":{"type":"Point","coordinates":[-99.0855,29.9767]},"properties":{"station":"ERV","name":"KERRVILLE MUNICIPAL","state":"TX","country":"US","elevation":493}},{"type":"Feature","id":"ERY","geometry":{"type":"Point","coordinates":[-85.4572,46.3111]},"properties":{"station":"ERY","name":"NEWBERRY","state":"MI","country":"US","elevation":265}},{"type":"Feature","id":"ESC","geometry":{"type":"Point","coordinates":[-87.0937,45.7227]},"properties":{"station":"ESC","name":"ESCANABA","state":"MI","country":"US","elevation":187}},{"type":"Feature","id":"ESF","geometry":{"type":"Point","coordinates":[-92.2827,31.3963]},"properties":{"station":"ESF","name":"Alexandria - Esler","state":"LA","country":"US","elevation":25.399994}},{"type":"Feature","id":"ESN","geometry":{"type":"Point","coordinates":[-76.069,38.8042]},"properties":{"station":"ESN","name":"Easton","state":"MD","country":"US","elevation":21.9}},{"type":"Feature","id":"EST","geometry":{"type":"Point","coordinates":[-94.7476,43.4008]},"properties":{"station":"EST","name":"ESTHERVILLE","state":"IA","country":"US","elevation":401}},{"type":"Feature","id":"ETAD","geometry":{"type":"Point","coordinates":[6.6992,49.9802]},"properties":{"station":"ETAD","name":"Spangdahlem","state":"DE","country":"DE","elevation":365}},{"type":"Feature","id":"ETAR","geometry":{"type":"Point","coordinates":[7.6003,49.4369]},"properties":{"station":"ETAR","name":"Ramstein","state":"DE","country":"DE","elevation":238}},{"type":"Feature","id":"ETB","geometry":{"type":"Point","coordinates":[-88.1279,43.4222]},"properties":{"station":"ETB","name":"WEST BEND","state":"WI","country":"US","elevation":270}},{"type":"Feature","id":"ETC","geometry":{"type":"Point","coordinates":[-77.5465,35.9373]},"properties":{"station":"ETC","name":"Tarboro","state":"NC","country":"US","elevation":15}},{"type":"Feature","id":"ETEB","geometry":{"type":"Point","coordinates":[10.6333,49.3167]},"properties":{"station":"ETEB","name":"ANSBACH AHP / KATTERBACH GERM","state":"DE","country":"DE","elevation":467}},{"type":"Feature","id":"ETEK","geometry":{"type":"Point","coordinates":[7.3053,49.651]},"properties":{"station":"ETEK","name":"Bamholder","state":"DE","country":"DE","elevation":435}},{"type":"Feature","id":"ETGG","geometry":{"type":"Point","coordinates":[9.5081,54.8489]},"properties":{"station":"ETGG","name":"MEIERWIK","state":"DE","country":"DE","elevation":33}},{"type":"Feature","id":"ETH","geometry":{"type":"Point","coordinates":[-96.5435,45.7805]},"properties":{"station":"ETH","name":"WHEATON NDB","state":"MN","country":"US","elevation":313}},{"type":"Feature","id":"ETHA","geometry":{"type":"Point","coordinates":[10.8722,47.8364]},"properties":{"station":"ETHA","name":"ALTENSTADT","state":"DE","country":"DE","elevation":760}},{"type":"Feature","id":"ETHB","geometry":{"type":"Point","coordinates":[9.0878,52.2819]},"properties":{"station":"ETHB","name":"Brueckeburg","state":"DE","country":"DE","elevation":78}},{"type":"Feature","id":"ETHC","geometry":{"type":"Point","coordinates":[10.0281,52.5953]},"properties":{"station":"ETHC","name":"Celle","state":"DE","country":"DE","elevation":52}},{"type":"Feature","id":"ETHF","geometry":{"type":"Point","coordinates":[9.2836,51.1194]},"properties":{"station":"ETHF","name":"Fritzlar","state":"DE","country":"DE","elevation":181}},{"type":"Feature","id":"ETHL","geometry":{"type":"Point","coordinates":[9.9097,48.2183]},"properties":{"station":"ETHL","name":"Laupheim","state":"DE","country":"DE","elevation":549}},{"type":"Feature","id":"ETHN","geometry":{"type":"Point","coordinates":[9.9653,49.3992]},"properties":{"station":"ETHN","name":"Niederstetten","state":"DE","country":"DE","elevation":473}},{"type":"Feature","id":"ETHS","geometry":{"type":"Point","coordinates":[10.1839,52.9194]},"properties":{"station":"ETHS","name":"Fassberg","state":"DE","country":"DE","elevation":88}},{"type":"Feature","id":"ETIC","geometry":{"type":"Point","coordinates":[11.9402,49.6987]},"properties":{"station":"ETIC","name":"Grafenwoehr","state":"DE","country":"DE","elevation":415}},{"type":"Feature","id":"ETIH","geometry":{"type":"Point","coordinates":[11.8361,49.2181]},"properties":{"station":"ETIH","name":"Hohenfels","state":"DE","country":"DE","elevation":442}},{"type":"Feature","id":"ETIK","geometry":{"type":"Point","coordinates":[10.3897,49.475]},"properties":{"station":"ETIK","name":"ILLESHEIM AHP","state":"DE","country":"DE","elevation":325}},{"type":"Feature","id":"ETMN","geometry":{"type":"Point","coordinates":[8.6575,53.7647]},"properties":{"station":"ETMN","name":"Nordholz","state":"DE","country":"DE","elevation":31}},{"type":"Feature","id":"ETN","geometry":{"type":"Point","coordinates":[-98.8098,32.4135]},"properties":{"station":"ETN","name":"Eastland","state":"TX","country":"US","elevation":444.62585}},{"type":"Feature","id":"ETND","geometry":{"type":"Point","coordinates":[8.3464,52.5903]},"properties":{"station":"ETND","name":"Diepholz","state":"DE","country":"DE","elevation":43}},{"type":"Feature","id":"ETNG","geometry":{"type":"Point","coordinates":[6.0323,50.9638]},"properties":{"station":"ETNG","name":"Geilenkirchen","state":"DE","country":"DE","elevation":98}},{"type":"Feature","id":"ETNH","geometry":{"type":"Point","coordinates":[9.5394,54.3128]},"properties":{"station":"ETNH","name":"Hohn","state":"DE","country":"DE","elevation":17}},{"type":"Feature","id":"ETNL","geometry":{"type":"Point","coordinates":[12.2783,53.9182]},"properties":{"station":"ETNL","name":"Laage","state":"DE","country":"DE","elevation":40}},{"type":"Feature","id":"ETNN","geometry":{"type":"Point","coordinates":[6.6582,50.8312]},"properties":{"station":"ETNN","name":"Noervenich","state":"DE","country":"DE","elevation":135}},{"type":"Feature","id":"ETNS","geometry":{"type":"Point","coordinates":[9.5206,54.4567]},"properties":{"station":"ETNS","name":"Schleswig","state":"DE","country":"DE","elevation":25}},{"type":"Feature","id":"ETNT","geometry":{"type":"Point","coordinates":[7.6673,53.5478]},"properties":{"station":"ETNT","name":"Wittmundhafen","state":"DE","country":"DE","elevation":12}},{"type":"Feature","id":"ETNW","geometry":{"type":"Point","coordinates":[9.4283,52.4581]},"properties":{"station":"ETNW","name":"Wunstorf","state":"DE","country":"DE","elevation":70}},{"type":"Feature","id":"ETOU","geometry":{"type":"Point","coordinates":[8.3254,50.0498]},"properties":{"station":"ETOU","name":"Wiesbaden","state":"DE","country":"DE","elevation":141}},{"type":"Feature","id":"ETSB","geometry":{"type":"Point","coordinates":[7.0633,50.1739]},"properties":{"station":"ETSB","name":"Buechel","state":"DE","country":"DE","elevation":486}},{"type":"Feature","id":"ETSH","geometry":{"type":"Point","coordinates":[13.1667,51.7667]},"properties":{"station":"ETSH","name":"Holzdorf","state":"DE","country":"DE","elevation":79}},{"type":"Feature","id":"ETSI","geometry":{"type":"Point","coordinates":[11.534,48.7157]},"properties":{"station":"ETSI","name":"Ingolstadt","state":"DE","country":"DE","elevation":370}},{"type":"Feature","id":"ETSL","geometry":{"type":"Point","coordinates":[10.8506,48.1864]},"properties":{"station":"ETSL","name":"Lechfeld","state":"DE","country":"DE","elevation":562}},{"type":"Feature","id":"ETSN","geometry":{"type":"Point","coordinates":[11.2115,48.711]},"properties":{"station":"ETSN","name":"Neuburg","state":"DE","country":"DE","elevation":387}},{"type":"Feature","id":"ETWM","geometry":{"type":"Point","coordinates":[7.3264,52.7233]},"properties":{"station":"ETWM","name":"MEPPEN (MIL)","state":"DE","country":"DE","elevation":21}},{"type":"Feature","id":"EUF","geometry":{"type":"Point","coordinates":[-85.1289,31.9513]},"properties":{"station":"EUF","name":"Eufaula","state":"AL","country":"US","elevation":87}},{"type":"Feature","id":"EUG","geometry":{"type":"Point","coordinates":[-123.212,44.1246]},"properties":{"station":"EUG","name":"EUGENE/MAHLON SWEET","state":"OR","country":"US","elevation":114}},{"type":"Feature","id":"EUL","geometry":{"type":"Point","coordinates":[-116.6358,43.6419]},"properties":{"station":"EUL","name":"CALDWELL","state":"ID","country":"US","elevation":740}},{"type":"Feature","id":"EVB","geometry":{"type":"Point","coordinates":[-80.9489,29.0557]},"properties":{"station":"EVB","name":"NEW SMYRNA BEACH MUNI","state":"FL","country":"US","elevation":3}},{"type":"Feature","id":"EVM","geometry":{"type":"Point","coordinates":[-92.4981,47.4251]},"properties":{"station":"EVM","name":"EVELETH MUNI","state":"MN","country":"US","elevation":421}},{"type":"Feature","id":"EVU","geometry":{"type":"Point","coordinates":[-94.915,40.3525]},"properties":{"station":"EVU","name":"Maryville","state":"MO","country":"US","elevation":346.99048}},{"type":"Feature","id":"EVV","geometry":{"type":"Point","coordinates":[-87.5205,38.0441]},"properties":{"station":"EVV","name":"EVANSVILLE","state":"IN","country":"US","elevation":117}},{"type":"Feature","id":"EVW","geometry":{"type":"Point","coordinates":[-111.0306,41.2731]},"properties":{"station":"EVW","name":"EVANSTON/BURNS FLD","state":"WY","country":"US","elevation":2183}},{"type":"Feature","id":"EWB","geometry":{"type":"Point","coordinates":[-70.9583,41.6764]},"properties":{"station":"EWB","name":"NEW BEDFORD MUNI","state":"MA","country":"US","elevation":24}},{"type":"Feature","id":"EWK","geometry":{"type":"Point","coordinates":[-97.2745,38.0582]},"properties":{"station":"EWK","name":"NEWTON","state":"KS","country":"US","elevation":467}},{"type":"Feature","id":"EWN","geometry":{"type":"Point","coordinates":[-77.0472,35.0675]},"properties":{"station":"EWN","name":"NEW_BERN/CRAVEN_CO_(ASOS)","state":"NC","country":"US","elevation":6}},{"type":"Feature","id":"EWR","geometry":{"type":"Point","coordinates":[-74.1693,40.6827]},"properties":{"station":"EWR","name":"Newark Intl","state":"NJ","country":"US","elevation":2}},{"type":"Feature","id":"EXX","geometry":{"type":"Point","coordinates":[-80.3038,35.7811]},"properties":{"station":"EXX","name":"LEXINGTON_DAVIDSON_COUNTY_AIRP","state":"NC","country":"US","elevation":223}},{"type":"Feature","id":"EYE","geometry":{"type":"Point","coordinates":[-86.2958,39.825]},"properties":{"station":"EYE","name":"INDIANAPOLIS","state":"IN","country":"US","elevation":248}},{"type":"Feature","id":"EYF","geometry":{"type":"Point","coordinates":[-78.58,34.6]},"properties":{"station":"EYF","name":"ELIZABETHTOWN/CURTIS_BROWN_FIELD","state":"NC","country":"US","elevation":40}},{"type":"Feature","id":"EYW","geometry":{"type":"Point","coordinates":[-81.7596,24.5561]},"properties":{"station":"EYW","name":"Key West","state":"FL","country":"US","elevation":1}},{"type":"Feature","id":"EZF","geometry":{"type":"Point","coordinates":[-77.4494,38.2662]},"properties":{"station":"EZF","name":"SHANNON ARPT","state":"VA","country":"US","elevation":26}},{"type":"Feature","id":"EZM","geometry":{"type":"Point","coordinates":[-83.1287,32.2164]},"properties":{"station":"EZM","name":"Eastman","state":"GA","country":"US","elevation":93}},{"type":"Feature","id":"EZP","geometry":{"type":"Point","coordinates":[-92.784,28.22]},"properties":{"station":"EZP","name":"East Cameron 321A ","state":"LA","country":"US","elevation":31}},{"type":"Feature","id":"EZS","geometry":{"type":"Point","coordinates":[-88.5655,44.7854]},"properties":{"station":"EZS","name":"Shawano","state":"WI","country":"US","elevation":248}},{"type":"Feature","id":"EZZ","geometry":{"type":"Point","coordinates":[-94.2764,39.7276]},"properties":{"station":"EZZ","name":"Cameron","state":"MO","country":"US","elevation":310.52643}},{"type":"Feature","id":"F00","geometry":{"type":"Point","coordinates":[-96.1793,33.6131]},"properties":{"station":"F00","name":"Bonham","state":"TX","country":"US","elevation":189.55844}},{"type":"Feature","id":"F05","geometry":{"type":"Point","coordinates":[-99.2837,34.2257]},"properties":{"station":"F05","name":"VERNON","state":"TX","country":"US","elevation":386}},{"type":"Feature","id":"F17","geometry":{"type":"Point","coordinates":[-94.1564,31.8316]},"properties":{"station":"F17","name":"Center","state":"TX","country":"US","elevation":95.238235}},{"type":"Feature","id":"F44","geometry":{"type":"Point","coordinates":[-95.8284,32.1638]},"properties":{"station":"F44","name":"Athens","state":"TX","country":"US","elevation":135.39607}},{"type":"Feature","id":"F45","geometry":{"type":"Point","coordinates":[-80.2223,26.8459]},"properties":{"station":"F45","name":"West Palm Beach","state":"FL","country":"US","elevation":8.885464}},{"type":"Feature","id":"F46","geometry":{"type":"Point","coordinates":[-96.4355,32.9306]},"properties":{"station":"F46","name":"Rockwall","state":"TX","country":"US","elevation":178.25653}},{"type":"Feature","id":"F70","geometry":{"type":"Point","coordinates":[-117.1285,33.5742]},"properties":{"station":"F70","name":"Murrieta","state":"CA","country":"US","elevation":409.44284}},{"type":"Feature","id":"F95","geometry":{"type":"Point","coordinates":[-85.1138,30.487]},"properties":{"station":"F95","name":"Blountstown","state":"FL","country":"US","elevation":35}},{"type":"Feature","id":"FABL","geometry":{"type":"Point","coordinates":[26.3024,-29.0927]},"properties":{"station":"FABL","name":"Bloemfontein","state":"ZA","country":"ZA","elevation":1348}},{"type":"Feature","id":"FABM","geometry":{"type":"Point","coordinates":[28.3361,-28.2484]},"properties":{"station":"FABM","name":"Bethlehem","state":"ZA","country":"ZA","elevation":1682}},{"type":"Feature","id":"FACT","geometry":{"type":"Point","coordinates":[18.6,-33.9667]},"properties":{"station":"FACT","name":"Cape Town","state":"ZA","country":"ZA","elevation":42}},{"type":"Feature","id":"FACV","geometry":{"type":"Point","coordinates":[19.7619,-31.4822]},"properties":{"station":"FACV","name":"Calvinia","state":"ZA","country":"ZA","elevation":1000}},{"type":"Feature","id":"FADY","geometry":{"type":"Point","coordinates":[23.9992,-30.6747]},"properties":{"station":"FADY","name":"DEAAR(UA)","state":"ZA","country":"ZA","elevation":384}},{"type":"Feature","id":"FAEL","geometry":{"type":"Point","coordinates":[27.8259,-33.0356]},"properties":{"station":"FAEL","name":"East London","state":"ZA","country":"ZA","elevation":125}},{"type":"Feature","id":"FAEO","geometry":{"type":"Point","coordinates":[29.9798,-26.4956]},"properties":{"station":"FAEO","name":"Ermelo","state":"ZA","country":"ZA","elevation":1737}},{"type":"Feature","id":"FAF","geometry":{"type":"Point","coordinates":[-76.6088,37.1325]},"properties":{"station":"FAF","name":"FORT EUSTIS/FELKER","state":"VA","country":"US","elevation":4}},{"type":"Feature","id":"FAGG","geometry":{"type":"Point","coordinates":[22.3789,-34.0055]},"properties":{"station":"FAGG","name":"George","state":"ZA","country":"ZA","elevation":193}},{"type":"Feature","id":"FAGM","geometry":{"type":"Point","coordinates":[28.1512,-26.2425]},"properties":{"station":"FAGM","name":"Johannesburg","state":"ZA","country":"ZA","elevation":1672}},{"type":"Feature","id":"FAHS","geometry":{"type":"Point","coordinates":[31.0333,-24.3667]},"properties":{"station":"FAHS","name":"Hoedspruit","state":"ZA","country":"ZA","elevation":500}},{"type":"Feature","id":"FAIR","geometry":{"type":"Point","coordinates":[28.2111,-25.91]},"properties":{"station":"FAIR","name":"PRETORIA/IRENE","state":"ZA","country":"ZA","elevation":1500}},{"type":"Feature","id":"FAJB","geometry":{"type":"Point","coordinates":[28.0771,-26.1683]},"properties":{"station":"FAJB","name":"Johannesburg","state":"ZA","country":"ZA","elevation":1719.7092}},{"type":"Feature","id":"FAKM","geometry":{"type":"Point","coordinates":[24.7652,-28.8028]},"properties":{"station":"FAKM","name":"Kimberley","state":"ZA","country":"ZA","elevation":1192}},{"type":"Feature","id":"FAKN","geometry":{"type":"Point","coordinates":[31.1056,-25.3832]},"properties":{"station":"FAKN","name":"Mpumalanga","state":"ZA","country":"ZA","elevation":862}},{"type":"Feature","id":"FALA","geometry":{"type":"Point","coordinates":[27.9261,-25.9385]},"properties":{"station":"FALA","name":"Johannesburg","state":"ZA","country":"ZA","elevation":1377}},{"type":"Feature","id":"FALE","geometry":{"type":"Point","coordinates":[31.13,-29.6017]},"properties":{"station":"FALE","name":"Durban","state":"ZA","country":"ZA","elevation":109}},{"type":"Feature","id":"FALW","geometry":{"type":"Point","coordinates":[18.1578,-32.9725]},"properties":{"station":"FALW","name":"Langebaanweg","state":"ZA","country":"ZA","elevation":34.085915}},{"type":"Feature","id":"FAM","geometry":{"type":"Point","coordinates":[-90.4286,37.761]},"properties":{"station":"FAM","name":"FARMINGTON","state":"MO","country":"US","elevation":288}},{"type":"Feature","id":"FAMM","geometry":{"type":"Point","coordinates":[25.548,-25.7984]},"properties":{"station":"FAMM","name":"Mafeking","state":"ZA","country":"ZA","elevation":1277}},{"type":"Feature","id":"FAOR","geometry":{"type":"Point","coordinates":[28.2386,-26.1326]},"properties":{"station":"FAOR","name":"Johannesburg - O. R. Tambo","state":"ZA","country":"ZA","elevation":1690}},{"type":"Feature","id":"FAPE","geometry":{"type":"Point","coordinates":[25.6108,-33.9844]},"properties":{"station":"FAPE","name":"Port Elizabeth","state":"ZA","country":"ZA","elevation":60}},{"type":"Feature","id":"FAPN","geometry":{"type":"Point","coordinates":[27.1734,-25.3338]},"properties":{"station":"FAPN","name":"Pilanesberg","state":"ZA","country":"ZA","elevation":1039}},{"type":"Feature","id":"FAPP","geometry":{"type":"Point","coordinates":[29.4586,-23.8453]},"properties":{"station":"FAPP","name":"Potgietersrus","state":"ZA","country":"ZA","elevation":1242}},{"type":"Feature","id":"FAPR","geometry":{"type":"Point","coordinates":[28.1833,-25.7422]},"properties":{"station":"FAPR","name":"PRETORIA(MET)","state":"ZA","country":"ZA","elevation":1322}},{"type":"Feature","id":"FAR","geometry":{"type":"Point","coordinates":[-96.8111,46.9253]},"properties":{"station":"FAR","name":"FARGO","state":"ND","country":"US","elevation":274}},{"type":"Feature","id":"FASB","geometry":{"type":"Point","coordinates":[17.8875,-29.6719]},"properties":{"station":"FASB","name":"Springbok","state":"ZA","country":"ZA","elevation":990}},{"type":"Feature","id":"FASI","geometry":{"type":"Point","coordinates":[28.4,-26.25]},"properties":{"station":"FASI","name":"Springs","state":"ZA","country":"ZA","elevation":1628}},{"type":"Feature","id":"FAT","geometry":{"type":"Point","coordinates":[-119.7194,36.78]},"properties":{"station":"FAT","name":"FRESNO AIR TERMINAL","state":"CA","country":"US","elevation":100}},{"type":"Feature","id":"FAUP","geometry":{"type":"Point","coordinates":[21.2597,-28.4136]},"properties":{"station":"FAUP","name":"Upington","state":"ZA","country":"ZA","elevation":836}},{"type":"Feature","id":"FAUT","geometry":{"type":"Point","coordinates":[28.67,-31.53]},"properties":{"station":"FAUT","name":"Umtata","state":"ZA","country":"ZA","elevation":752}},{"type":"Feature","id":"FAVV","geometry":{"type":"Point","coordinates":[27.9608,-26.5664]},"properties":{"station":"FAVV","name":"Vereeniging","state":"ZA","country":"ZA","elevation":1483}},{"type":"Feature","id":"FAWB","geometry":{"type":"Point","coordinates":[28.2242,-25.6539]},"properties":{"station":"FAWB","name":"Pretoria","state":"ZA","country":"ZA","elevation":1248}},{"type":"Feature","id":"FAWK","geometry":{"type":"Point","coordinates":[28.2225,-25.83]},"properties":{"station":"FAWK","name":"Waterkloof","state":"ZA","country":"ZA","elevation":1500}},{"type":"Feature","id":"FAY","geometry":{"type":"Point","coordinates":[-78.8803,34.9912]},"properties":{"station":"FAY","name":"Fayetteville","state":"NC","country":"US","elevation":56}},{"type":"Feature","id":"FBG","geometry":{"type":"Point","coordinates":[-78.9367,35.1318]},"properties":{"station":"FBG","name":"FORT_BRAGG/SIMMONS","state":"NC","country":"US","elevation":74}},{"type":"Feature","id":"FBL","geometry":{"type":"Point","coordinates":[-93.3108,44.3247]},"properties":{"station":"FBL","name":"FARIBAULT MUNI","state":"MN","country":"US","elevation":322}},{"type":"Feature","id":"FBR","geometry":{"type":"Point","coordinates":[-110.4059,41.3941]},"properties":{"station":"FBR","name":"Fort Bridger","state":"WY","country":"US","elevation":2140.5823}},{"type":"Feature","id":"FCH","geometry":{"type":"Point","coordinates":[-119.8203,36.7321]},"properties":{"station":"FCH","name":"Fresno - Chandler","state":"CA","country":"US","elevation":95.9209}},{"type":"Feature","id":"FCI","geometry":{"type":"Point","coordinates":[-77.5248,37.4064]},"properties":{"station":"FCI","name":"Chesterfield","state":"VA","country":"US","elevation":72}},{"type":"Feature","id":"FCM","geometry":{"type":"Point","coordinates":[-93.4607,44.8261]},"properties":{"station":"FCM","name":"Minneapolis - Flying Cloud","state":"MN","country":"US","elevation":270.76904}},{"type":"Feature","id":"FCS","geometry":{"type":"Point","coordinates":[-104.7566,38.6784]},"properties":{"station":"FCS","name":"FORT CARSON/BUTTS","state":"CO","country":"US","elevation":1789}},{"type":"Feature","id":"FDK","geometry":{"type":"Point","coordinates":[-77.3743,39.4176]},"properties":{"station":"FDK","name":"FREDERICK MUNI APT","state":"MD","country":"US","elevation":92}},{"type":"Feature","id":"FDR","geometry":{"type":"Point","coordinates":[-98.9876,34.3531]},"properties":{"station":"FDR","name":"Frederick","state":"OK","country":"US","elevation":378}},{"type":"Feature","id":"FDW","geometry":{"type":"Point","coordinates":[-81.1088,34.3155]},"properties":{"station":"FDW","name":"Winnsboro","state":"SC","country":"US","elevation":175.9}},{"type":"Feature","id":"FDY","geometry":{"type":"Point","coordinates":[-83.6686,41.0136]},"properties":{"station":"FDY","name":"FINDLAY","state":"OH","country":"US","elevation":247}},{"type":"Feature","id":"FEP","geometry":{"type":"Point","coordinates":[-89.582,42.2462]},"properties":{"station":"FEP","name":"FREEPORT","state":"IL","country":"US","elevation":262}},{"type":"Feature","id":"FET","geometry":{"type":"Point","coordinates":[-96.52,41.45]},"properties":{"station":"FET","name":"FREMONT MUNI ARP","state":"NE","country":"US","elevation":362.0027}},{"type":"Feature","id":"FEW","geometry":{"type":"Point","coordinates":[-104.8672,41.1333]},"properties":{"station":"FEW","name":"Cheyenne FEW","state":"WY","country":"US","elevation":1878}},{"type":"Feature","id":"FFA","geometry":{"type":"Point","coordinates":[-75.67,36.02]},"properties":{"station":"FFA","name":"KILL_DEVIL_HILLS","state":"NC","country":"US","elevation":4}},{"type":"Feature","id":"FFC","geometry":{"type":"Point","coordinates":[-84.5669,33.3553]},"properties":{"station":"FFC","name":"PEACHTREE CITY","state":"GA","country":"US","elevation":264}},{"type":"Feature","id":"FFL","geometry":{"type":"Point","coordinates":[-91.9834,41.0521]},"properties":{"station":"FFL","name":"FAIRFIELD","state":"IA","country":"US","elevation":242.3}},{"type":"Feature","id":"FFM","geometry":{"type":"Point","coordinates":[-96.1567,46.2844]},"properties":{"station":"FFM","name":"FERGUS FALLS","state":"MN","country":"US","elevation":361}},{"type":"Feature","id":"FFO","geometry":{"type":"Point","coordinates":[-84.0483,39.8261]},"properties":{"station":"FFO","name":"WRIGHT PATERSON","state":"OH","country":"US","elevation":251}},{"type":"Feature","id":"FFX","geometry":{"type":"Point","coordinates":[-85.9949,43.4393]},"properties":{"station":"FFX","name":"Freemont","state":"MI","country":"US","elevation":235.3}},{"type":"Feature","id":"FFZ","geometry":{"type":"Point","coordinates":[-111.7283,33.4608]},"properties":{"station":"FFZ","name":"MESA/FALCON FIELD","state":"AZ","country":"US","elevation":424}},{"type":"Feature","id":"FGN","geometry":{"type":"Point","coordinates":[-94.9028,49.3183]},"properties":{"station":"FGN","name":"FLAG ISLAND","state":"MN","country":"US","elevation":328}},{"type":"Feature","id":"FGX","geometry":{"type":"Point","coordinates":[-83.7434,38.5418]},"properties":{"station":"FGX","name":"Flemingsburg","state":"KY","country":"US","elevation":274.01697}},{"type":"Feature","id":"FHB","geometry":{"type":"Point","coordinates":[-81.4612,30.6118]},"properties":{"station":"FHB","name":"Fernandina Beach","state":"FL","country":"US","elevation":5}},{"type":"Feature","id":"FHR","geometry":{"type":"Point","coordinates":[-123.0244,48.522]},"properties":{"station":"FHR","name":"FRIDAY HARBOR","state":"WA","country":"US","elevation":33}},{"type":"Feature","id":"FHU","geometry":{"type":"Point","coordinates":[-110.3442,31.5883]},"properties":{"station":"FHU","name":"FORT HUACHUCA/LIBBY","state":"AZ","country":"US","elevation":1438}},{"type":"Feature","id":"FIG","geometry":{"type":"Point","coordinates":[-78.4117,41.0467]},"properties":{"station":"FIG","name":"CLEARFIELD-LAWRENCE APT(WAS N97)","state":"PA","country":"US","elevation":462}},{"type":"Feature","id":"FIN","geometry":{"type":"Point","coordinates":[-81.2087,29.4657]},"properties":{"station":"FIN","name":"Bunnell","state":"FL","country":"US","elevation":5.5299377}},{"type":"Feature","id":"FIT","geometry":{"type":"Point","coordinates":[-71.7558,42.5519]},"properties":{"station":"FIT","name":"FITCHBURG","state":"MA","country":"US","elevation":106}},{"type":"Feature","id":"FKA","geometry":{"type":"Point","coordinates":[-92.1797,43.6767]},"properties":{"station":"FKA","name":"PRESTON (AWOS)","state":"MN","country":"US","elevation":389}},{"type":"Feature","id":"FKL","geometry":{"type":"Point","coordinates":[-79.8604,41.3779]},"properties":{"station":"FKL","name":"FRANKLIN(AWOS)","state":"PA","country":"US","elevation":469}},{"type":"Feature","id":"FKN","geometry":{"type":"Point","coordinates":[-76.9038,36.6981]},"properties":{"station":"FKN","name":"FRANKLIN/J B ROSE","state":"VA","country":"US","elevation":12}},{"type":"Feature","id":"FKR","geometry":{"type":"Point","coordinates":[-86.5622,40.2734]},"properties":{"station":"FKR","name":"Frankfort","state":"IN","country":"US","elevation":261.59732}},{"type":"Feature","id":"FKS","geometry":{"type":"Point","coordinates":[-86.2008,44.6252]},"properties":{"station":"FKS","name":"Frankfort","state":"MI","country":"US","elevation":193}},{"type":"Feature","id":"FLD","geometry":{"type":"Point","coordinates":[-88.4884,43.7712]},"properties":{"station":"FLD","name":"FOND DU LAC","state":"WI","country":"US","elevation":240}},{"type":"Feature","id":"FLG","geometry":{"type":"Point","coordinates":[-111.6722,35.1403]},"properties":{"station":"FLG","name":"Flagstaff - Pulliam","state":"AZ","country":"US","elevation":2137}},{"type":"Feature","id":"FLL","geometry":{"type":"Point","coordinates":[-80.1622,26.0787]},"properties":{"station":"FLL","name":"Fort Lauderdale - Hollywood","state":"FL","country":"US","elevation":1}},{"type":"Feature","id":"FLO","geometry":{"type":"Point","coordinates":[-79.7239,34.1854]},"properties":{"station":"FLO","name":"FLORENCE REGIONAL","state":"SC","country":"US","elevation":45}},{"type":"Feature","id":"FLP","geometry":{"type":"Point","coordinates":[-92.5902,36.2909]},"properties":{"station":"FLP","name":"FLIPPIN (AWOS)","state":"AR","country":"US","elevation":350}},{"type":"Feature","id":"FLY","geometry":{"type":"Point","coordinates":[-104.5699,38.9457]},"properties":{"station":"FLY","name":"Meadow Lake","state":"CO","country":"US","elevation":2082}},{"type":"Feature","id":"FME","geometry":{"type":"Point","coordinates":[-76.7594,39.0854]},"properties":{"station":"FME","name":"Fort Meade","state":"MD","country":"US","elevation":46}},{"type":"Feature","id":"FMH","geometry":{"type":"Point","coordinates":[-70.5215,41.6585]},"properties":{"station":"FMH","name":"OTIS ANGB","state":"MA","country":"US","elevation":40}},{"type":"Feature","id":"FMM","geometry":{"type":"Point","coordinates":[-103.8041,40.334]},"properties":{"station":"FMM","name":"Fort Morgan","state":"CO","country":"US","elevation":1376.0051}},{"type":"Feature","id":"FMN","geometry":{"type":"Point","coordinates":[-108.2292,36.7436]},"properties":{"station":"FMN","name":"FARMINGTON REGIONAL","state":"NM","country":"US","elevation":1677}},{"type":"Feature","id":"FMY","geometry":{"type":"Point","coordinates":[-81.8615,26.5849]},"properties":{"station":"FMY","name":"FORT MYERS/PAGE FLD","state":"FL","country":"US","elevation":5}},{"type":"Feature","id":"FNB","geometry":{"type":"Point","coordinates":[-95.592,40.0788]},"properties":{"station":"FNB","name":"FALLS CITY/BRENN","state":"NE","country":"US","elevation":303.68607}},{"type":"Feature","id":"FNL","geometry":{"type":"Point","coordinates":[-105.0113,40.4518]},"properties":{"station":"FNL","name":"FORT COLLINS (AWOS)","state":"CO","country":"US","elevation":1529}},{"type":"Feature","id":"FNT","geometry":{"type":"Point","coordinates":[-83.7494,42.9667]},"properties":{"station":"FNT","name":"FLINT","state":"MI","country":"US","elevation":233}},{"type":"Feature","id":"FOA","geometry":{"type":"Point","coordinates":[-88.4531,38.665]},"properties":{"station":"FOA","name":"FLORA","state":"IL","country":"US","elevation":144}},{"type":"Feature","id":"FOD","geometry":{"type":"Point","coordinates":[-94.2032,42.5497]},"properties":{"station":"FOD","name":"FORT DODGE","state":"IA","country":"US","elevation":355}},{"type":"Feature","id":"FOE","geometry":{"type":"Point","coordinates":[-95.6636,38.9509]},"properties":{"station":"FOE","name":"TOPEKA (FOE)","state":"KS","country":"US","elevation":329}},{"type":"Feature","id":"FOK","geometry":{"type":"Point","coordinates":[-72.6318,40.8436]},"properties":{"station":"FOK","name":"WESTHAMPTON BEACH","state":"NY","country":"US","elevation":20}},{"type":"Feature","id":"FOM","geometry":{"type":"Point","coordinates":[-112.3631,38.9581]},"properties":{"station":"FOM","name":"Fillmore","state":"UT","country":"US","elevation":1509}},{"type":"Feature","id":"FOT","geometry":{"type":"Point","coordinates":[-124.1327,40.5539]},"properties":{"station":"FOT","name":"Fortuna","state":"CA","country":"US","elevation":112.33614}},{"type":"Feature","id":"FOZ","geometry":{"type":"Point","coordinates":[-93.6502,47.7828]},"properties":{"station":"FOZ","name":"BIGFORK","state":"MN","country":"US","elevation":411}},{"type":"Feature","id":"FPK","geometry":{"type":"Point","coordinates":[-84.8114,42.5745]},"properties":{"station":"FPK","name":"CHARLOTTE","state":"MI","country":"US","elevation":272}},{"type":"Feature","id":"FPR","geometry":{"type":"Point","coordinates":[-80.3767,27.4981]},"properties":{"station":"FPR","name":"FT PIERCE/ST LUCIE","state":"FL","country":"US","elevation":7}},{"type":"Feature","id":"FPY","geometry":{"type":"Point","coordinates":[-83.5815,30.0708]},"properties":{"station":"FPY","name":"Perry","state":"FL","country":"US","elevation":18.982101}},{"type":"Feature","id":"FQD","geometry":{"type":"Point","coordinates":[-81.9351,35.4282]},"properties":{"station":"FQD","name":"RUTHERFORDTON","state":"NC","country":"US","elevation":329}},{"type":"Feature","id":"FRG","geometry":{"type":"Point","coordinates":[-73.4134,40.7288]},"properties":{"station":"FRG","name":"FARMINGDALE/REPUBLC","state":"NY","country":"US","elevation":25}},{"type":"Feature","id":"FRH","geometry":{"type":"Point","coordinates":[-86.6369,38.5062]},"properties":{"station":"FRH","name":"French Lick","state":"IN","country":"US","elevation":237.24536}},{"type":"Feature","id":"FRI","geometry":{"type":"Point","coordinates":[-96.7645,39.0526]},"properties":{"station":"FRI","name":"Fort Riley","state":"KS","country":"US","elevation":324.6}},{"type":"Feature","id":"FRM","geometry":{"type":"Point","coordinates":[-94.4156,43.6439]},"properties":{"station":"FRM","name":"FAIRMONT MUNI","state":"MN","country":"US","elevation":354}},{"type":"Feature","id":"FRR","geometry":{"type":"Point","coordinates":[-78.2535,38.9175]},"properties":{"station":"FRR","name":"Front Royal","state":"VA","country":"US","elevation":212.93236}},{"type":"Feature","id":"FSD","geometry":{"type":"Point","coordinates":[-96.7536,43.5769]},"properties":{"station":"FSD","name":"SIOUX FALLS","state":"SD","country":"US","elevation":428.94208}},{"type":"Feature","id":"FSE","geometry":{"type":"Point","coordinates":[-95.7735,47.5928]},"properties":{"station":"FSE","name":"FOSSTON","state":"MN","country":"US","elevation":389}},{"type":"Feature","id":"FSI","geometry":{"type":"Point","coordinates":[-98.4033,34.6449]},"properties":{"station":"FSI","name":"FORT SILL","state":"OK","country":"US","elevation":362}},{"type":"Feature","id":"FSK","geometry":{"type":"Point","coordinates":[-94.7694,37.7984]},"properties":{"station":"FSK","name":"Fort Scott","state":"KS","country":"US","elevation":278}},{"type":"Feature","id":"FSM","geometry":{"type":"Point","coordinates":[-94.3674,35.3366]},"properties":{"station":"FSM","name":"FORT SMITH MUNI","state":"AR","country":"US","elevation":141}},{"type":"Feature","id":"FSO","geometry":{"type":"Point","coordinates":[-73.0975,44.9403]},"properties":{"station":"FSO","name":"Highgate","state":"VT","country":"US","elevation":69.5}},{"type":"Feature","id":"FST","geometry":{"type":"Point","coordinates":[-102.9167,30.9119]},"properties":{"station":"FST","name":"FORT STOCKTON","state":"TX","country":"US","elevation":917}},{"type":"Feature","id":"FSW","geometry":{"type":"Point","coordinates":[-91.3267,40.6615]},"properties":{"station":"FSW","name":"FORT MADISON","state":"IA","country":"US","elevation":220.1}},{"type":"Feature","id":"FTK","geometry":{"type":"Point","coordinates":[-85.9721,37.9071]},"properties":{"station":"FTK","name":"FORT KNOX/GODMAN","state":"KY","country":"US","elevation":230}},{"type":"Feature","id":"FTN","geometry":{"type":"Point","coordinates":[-100.0188,28.2086]},"properties":{"station":"FTN","name":"Carrizo Springs","state":"TX","country":"US","elevation":236}},{"type":"Feature","id":"FTW","geometry":{"type":"Point","coordinates":[-97.3624,32.8198]},"properties":{"station":"FTW","name":"FORT WORTH/MEACHAM","state":"TX","country":"US","elevation":216}},{"type":"Feature","id":"FTY","geometry":{"type":"Point","coordinates":[-84.52,33.78]},"properties":{"station":"FTY","name":"ATLANTA/FULTON CO.","state":"GA","country":"US","elevation":256}},{"type":"Feature","id":"FUL","geometry":{"type":"Point","coordinates":[-117.98,33.87]},"properties":{"station":"FUL","name":"FULLERTON MUNICIPAL","state":"CA","country":"US","elevation":29}},{"type":"Feature","id":"FVE","geometry":{"type":"Point","coordinates":[-68.3127,47.2855]},"properties":{"station":"FVE","name":"FRENCHVILLE","state":"ME","country":"US","elevation":301}},{"type":"Feature","id":"FVX","geometry":{"type":"Point","coordinates":[-78.4378,37.3575]},"properties":{"station":"FVX","name":"FARMVILLE","state":"VA","country":"US","elevation":125}},{"type":"Feature","id":"FWA","geometry":{"type":"Point","coordinates":[-85.1871,40.9781]},"properties":{"station":"FWA","name":"FORT WAYNE","state":"IN","country":"US","elevation":248}},{"type":"Feature","id":"FWB","geometry":{"type":"Point","coordinates":[-93.4022,36.6985]},"properties":{"station":"FWB","name":"Branson West Muni","state":"MO","country":"US","elevation":393.81003}},{"type":"Feature","id":"FWC","geometry":{"type":"Point","coordinates":[-88.4126,38.3786]},"properties":{"station":"FWC","name":"FAIRFIELD","state":"IL","country":"US","elevation":133}},{"type":"Feature","id":"FWN","geometry":{"type":"Point","coordinates":[-74.6231,41.2002]},"properties":{"station":"FWN","name":"SUSSEX_AIRPORT","state":"NJ","country":"US","elevation":128}},{"type":"Feature","id":"FWS","geometry":{"type":"Point","coordinates":[-97.3084,32.5651]},"properties":{"station":"FWS","name":"Fort Worth - Spinks","state":"TX","country":"US","elevation":209}},{"type":"Feature","id":"FXE","geometry":{"type":"Point","coordinates":[-80.17,26.2]},"properties":{"station":"FXE","name":"FORT LAUDERDALE","state":"FL","country":"US","elevation":4}},{"type":"Feature","id":"FXY","geometry":{"type":"Point","coordinates":[-93.6237,43.2323]},"properties":{"station":"FXY","name":"Forest City","state":"IA","country":"US","elevation":374.6}},{"type":"Feature","id":"FYE","geometry":{"type":"Point","coordinates":[-89.3929,35.2061]},"properties":{"station":"FYE","name":"Somerville","state":"TN","country":"US","elevation":132.87497}},{"type":"Feature","id":"FYG","geometry":{"type":"Point","coordinates":[-90.9938,38.5876]},"properties":{"station":"FYG","name":"Washington","state":"MO","country":"US","elevation":146.34282}},{"type":"Feature","id":"FYJ","geometry":{"type":"Point","coordinates":[-76.7647,37.5211]},"properties":{"station":"FYJ","name":"WEST_POINT","state":"VA","country":"US","elevation":7}},{"type":"Feature","id":"FYM","geometry":{"type":"Point","coordinates":[-86.564,35.0597]},"properties":{"station":"FYM","name":"Fayetteville","state":"TN","country":"US","elevation":296}},{"type":"Feature","id":"FYV","geometry":{"type":"Point","coordinates":[-94.1701,36.0051]},"properties":{"station":"FYV","name":"FAYETTEVILLE/DRAKE","state":"AR","country":"US","elevation":381}},{"type":"Feature","id":"FZG","geometry":{"type":"Point","coordinates":[-83.2709,31.6839]},"properties":{"station":"FZG","name":"Fitzgerald","state":"GA","country":"US","elevation":104.145485}},{"type":"Feature","id":"FZY","geometry":{"type":"Point","coordinates":[-76.3831,43.3504]},"properties":{"station":"FZY","name":"Oswego County","state":"NY","country":"US","elevation":141.82646}},{"type":"Feature","id":"GAD","geometry":{"type":"Point","coordinates":[-86.0891,33.9727]},"properties":{"station":"GAD","name":"GADSDEN MUNI (AWOS)","state":"AL","country":"US","elevation":173}},{"type":"Feature","id":"GAF","geometry":{"type":"Point","coordinates":[-97.3709,48.4047]},"properties":{"station":"GAF","name":"Grafton","state":"ND","country":"US","elevation":251}},{"type":"Feature","id":"GAG","geometry":{"type":"Point","coordinates":[-99.7764,36.2955]},"properties":{"station":"GAG","name":"GAGE/SHATTUCK","state":"OK","country":"US","elevation":678}},{"type":"Feature","id":"GAI","geometry":{"type":"Point","coordinates":[-77.166,39.1683]},"properties":{"station":"GAI","name":"Gaithersburg","state":"MD","country":"US","elevation":164.3}},{"type":"Feature","id":"GAO","geometry":{"type":"Point","coordinates":[-90.2611,29.4448]},"properties":{"station":"GAO","name":"Galliano","state":"LA","country":"US","elevation":-0.39592367}},{"type":"Feature","id":"GBD","geometry":{"type":"Point","coordinates":[-98.8592,38.3443]},"properties":{"station":"GBD","name":"GREAT_BEND","state":"KS","country":"US","elevation":575}},{"type":"Feature","id":"GBG","geometry":{"type":"Point","coordinates":[-90.4311,40.938]},"properties":{"station":"GBG","name":"GALESBURG","state":"IL","country":"US","elevation":245}},{"type":"Feature","id":"GBK","geometry":{"type":"Point","coordinates":[-92.2025,27.2039]},"properties":{"station":"GBK","name":"Magnolia (GoM)","state":"LA","country":"US","elevation":0}},{"type":"Feature","id":"GCC","geometry":{"type":"Point","coordinates":[-105.5394,44.3489]},"properties":{"station":"GCC","name":"Gillette","state":"WY","country":"US","elevation":1230}},{"type":"Feature","id":"GCD","geometry":{"type":"Point","coordinates":[-118.9625,44.4042]},"properties":{"station":"GCD","name":"John Day","state":"OR","country":"US","elevation":1126.8}},{"type":"Feature","id":"GCK","geometry":{"type":"Point","coordinates":[-100.7244,37.9275]},"properties":{"station":"GCK","name":"GARDEN_CITY","state":"KS","country":"US","elevation":881}},{"type":"Feature","id":"GCM","geometry":{"type":"Point","coordinates":[-95.48,36.29]},"properties":{"station":"GCM","name":"CLAREMORE RGNL AIRPORT","state":"OK","country":"US","elevation":221}},{"type":"Feature","id":"GCN","geometry":{"type":"Point","coordinates":[-112.1547,35.9461]},"properties":{"station":"GCN","name":"GRAND CANYON PARK","state":"AZ","country":"US","elevation":2014}},{"type":"Feature","id":"GCY","geometry":{"type":"Point","coordinates":[-82.811,36.196]},"properties":{"station":"GCY","name":"Greenville","state":"TN","country":"US","elevation":487.0846}},{"type":"Feature","id":"GDA","geometry":{"type":"Point","coordinates":[-88.1095,37.3344]},"properties":{"station":"GDA","name":"Marion","state":"KY","country":"US","elevation":188}},{"type":"Feature","id":"GDB","geometry":{"type":"Point","coordinates":[-95.556,44.7533]},"properties":{"station":"GDB","name":"Granite Falls","state":"MN","country":"US","elevation":319}},{"type":"Feature","id":"GDJ","geometry":{"type":"Point","coordinates":[-97.8169,32.4444]},"properties":{"station":"GDJ","name":"GRANBURY","state":"TX","country":"US","elevation":237}},{"type":"Feature","id":"GDK","geometry":{"type":"Point","coordinates":[-83.9928,39.6907]},"properties":{"station":"GDK","name":"Dayton","state":"OH","country":"US","elevation":282}},{"type":"Feature","id":"GDV","geometry":{"type":"Point","coordinates":[-104.8072,47.1387]},"properties":{"station":"GDV","name":"GLENDIVE(AWOS)","state":"MT","country":"US","elevation":749}},{"type":"Feature","id":"GDW","geometry":{"type":"Point","coordinates":[-84.475,43.9706]},"properties":{"station":"GDW","name":"Gladwin","state":"MI","country":"US","elevation":234}},{"type":"Feature","id":"GED","geometry":{"type":"Point","coordinates":[-75.3589,38.6892]},"properties":{"station":"GED","name":"GEORGETOWN/SUSSEX","state":"DE","country":"US","elevation":16}},{"type":"Feature","id":"GEG","geometry":{"type":"Point","coordinates":[-117.528,47.6216]},"properties":{"station":"GEG","name":"SPOKANE INTL ARPT","state":"WA","country":"US","elevation":721}},{"type":"Feature","id":"GEU","geometry":{"type":"Point","coordinates":[-112.2951,33.5269]},"properties":{"station":"GEU","name":"GLENDALE","state":"AZ","country":"US","elevation":325}},{"type":"Feature","id":"GEV","geometry":{"type":"Point","coordinates":[-81.42,36.43]},"properties":{"station":"GEV","name":"ASHE_COUNTY_ARPT","state":"NC","country":"US","elevation":969}},{"type":"Feature","id":"GEY","geometry":{"type":"Point","coordinates":[-108.0828,44.5168]},"properties":{"station":"GEY","name":"GREYBULL/SOUTH BIG HORN CNTY APT","state":"WY","country":"US","elevation":1201}},{"type":"Feature","id":"GEZ","geometry":{"type":"Point","coordinates":[-85.8048,39.5831]},"properties":{"station":"GEZ","name":"SHELBYVILLE","state":"IN","country":"US","elevation":245}},{"type":"Feature","id":"GFA","geometry":{"type":"Point","coordinates":[-111.1873,47.5047]},"properties":{"station":"GFA","name":"MALMSTROM AFB","state":"MT","country":"US","elevation":1075}},{"type":"Feature","id":"GFK","geometry":{"type":"Point","coordinates":[-97.1761,47.9492]},"properties":{"station":"GFK","name":"GRAND_FORKS","state":"ND","country":"US","elevation":257}},{"type":"Feature","id":"GFL","geometry":{"type":"Point","coordinates":[-73.6103,43.3412]},"properties":{"station":"GFL","name":"GLEN FALLS/WARREN","state":"NY","country":"US","elevation":100}},{"type":"Feature","id":"GGE","geometry":{"type":"Point","coordinates":[-79.3196,33.3117]},"properties":{"station":"GGE","name":"Georgetown","state":"SC","country":"US","elevation":11.9}},{"type":"Feature","id":"GGF","geometry":{"type":"Point","coordinates":[-101.7329,40.8695]},"properties":{"station":"GGF","name":"Grant","state":"NE","country":"US","elevation":1043}},{"type":"Feature","id":"GGG","geometry":{"type":"Point","coordinates":[-94.7115,32.384]},"properties":{"station":"GGG","name":"LONGVIEW/GREGG CO.","state":"TX","country":"US","elevation":124}},{"type":"Feature","id":"GGI","geometry":{"type":"Point","coordinates":[-92.7332,41.7097]},"properties":{"station":"GGI","name":"Grinnell","state":"IA","country":"US","elevation":307}},{"type":"Feature","id":"GGP","geometry":{"type":"Point","coordinates":[-86.3727,40.7113]},"properties":{"station":"GGP","name":"Logansport","state":"IN","country":"US","elevation":223.24077}},{"type":"Feature","id":"GGW","geometry":{"type":"Point","coordinates":[-106.6214,48.2138]},"properties":{"station":"GGW","name":"GLASGOW INTL ARPT","state":"MT","country":"US","elevation":700}},{"type":"Feature","id":"GHB","geometry":{"type":"Point","coordinates":[-91.99,27.84]},"properties":{"station":"GHB","name":"Salsa","state":"LA","country":"US","elevation":0}},{"type":"Feature","id":"GHG","geometry":{"type":"Point","coordinates":[-70.6721,42.0982]},"properties":{"station":"GHG","name":"Marshfield","state":"MA","country":"US","elevation":3.4}},{"type":"Feature","id":"GHW","geometry":{"type":"Point","coordinates":[-95.3204,45.6439]},"properties":{"station":"GHW","name":"GLENWOOD","state":"MN","country":"US","elevation":425}},{"type":"Feature","id":"GIC","geometry":{"type":"Point","coordinates":[-116.1234,45.9426]},"properties":{"station":"GIC","name":"Grangeville","state":"ID","country":"US","elevation":1010}},{"type":"Feature","id":"GIF","geometry":{"type":"Point","coordinates":[-81.7533,28.0629]},"properties":{"station":"GIF","name":"WINTER HAVEN (ASOS)","state":"FL","country":"US","elevation":44}},{"type":"Feature","id":"GJT","geometry":{"type":"Point","coordinates":[-108.54,39.1342]},"properties":{"station":"GJT","name":"GRAND JUNCTION","state":"CO","country":"US","elevation":1475}},{"type":"Feature","id":"GKJ","geometry":{"type":"Point","coordinates":[-80.2147,41.6265]},"properties":{"station":"GKJ","name":"MEADVILLE","state":"PA","country":"US","elevation":428}},{"type":"Feature","id":"GKT","geometry":{"type":"Point","coordinates":[-83.5287,35.8578]},"properties":{"station":"GKT","name":"Sevierville","state":"TN","country":"US","elevation":301.31348}},{"type":"Feature","id":"GKY","geometry":{"type":"Point","coordinates":[-97.0943,32.6639]},"properties":{"station":"GKY","name":"ARLINGTON (WAS F54)","state":"TX","country":"US","elevation":192}},{"type":"Feature","id":"GLD","geometry":{"type":"Point","coordinates":[-101.6933,39.3672]},"properties":{"station":"GLD","name":"GOODLAND","state":"KS","country":"US","elevation":1111}},{"type":"Feature","id":"GLE","geometry":{"type":"Point","coordinates":[-97.1969,33.6514]},"properties":{"station":"GLE","name":"GAINESVILLE","state":"TX","country":"US","elevation":256}},{"type":"Feature","id":"GLH","geometry":{"type":"Point","coordinates":[-90.9856,33.4829]},"properties":{"station":"GLH","name":"GREENVILLE MUNI","state":"MS","country":"US","elevation":40}},{"type":"Feature","id":"GLR","geometry":{"type":"Point","coordinates":[-84.7036,45.0135]},"properties":{"station":"GLR","name":"GAYLORD","state":"MI","country":"US","elevation":407}},{"type":"Feature","id":"GLS","geometry":{"type":"Point","coordinates":[-94.8604,29.2653]},"properties":{"station":"GLS","name":"GALVESTON/SCHOLES","state":"TX","country":"US","elevation":16}},{"type":"Feature","id":"GLW","geometry":{"type":"Point","coordinates":[-85.9537,37.0318]},"properties":{"station":"GLW","name":"GLASGOW MUNI","state":"KY","country":"US","elevation":218}},{"type":"Feature","id":"GLX","geometry":{"type":"Point","coordinates":[-88.99,28.23]},"properties":{"station":"GLX","name":"Mississippi Canyon 724","state":"LA","country":"US","elevation":55}},{"type":"Feature","id":"GLY","geometry":{"type":"Point","coordinates":[-93.6842,38.3566]},"properties":{"station":"GLY","name":"Clinton","state":"MO","country":"US","elevation":250.5}},{"type":"Feature","id":"GMJ","geometry":{"type":"Point","coordinates":[-94.7386,36.6068]},"properties":{"station":"GMJ","name":"GROVE MUNI AIRPORT","state":"OK","country":"US","elevation":254}},{"type":"Feature","id":"GMU","geometry":{"type":"Point","coordinates":[-82.349,34.8419]},"properties":{"station":"GMU","name":"Greenville - Downtown","state":"SC","country":"US","elevation":304}},{"type":"Feature","id":"GNA","geometry":{"type":"Point","coordinates":[-90.3457,47.7453]},"properties":{"station":"GNA","name":"GRAND MARAIS","state":"MN","country":"US","elevation":185}},{"type":"Feature","id":"GNB","geometry":{"type":"Point","coordinates":[-105.9113,40.0904]},"properties":{"station":"GNB","name":"Granby","state":"CO","country":"US","elevation":2501.8435}},{"type":"Feature","id":"GNC","geometry":{"type":"Point","coordinates":[-102.6527,32.6753]},"properties":{"station":"GNC","name":"Seminole","state":"TX","country":"US","elevation":1010}},{"type":"Feature","id":"GNG","geometry":{"type":"Point","coordinates":[-114.7652,42.9172]},"properties":{"station":"GNG","name":"Gooding","state":"ID","country":"US","elevation":1127.4661}},{"type":"Feature","id":"GNR","geometry":{"type":"Point","coordinates":[-69.5953,45.4622]},"properties":{"station":"GNR","name":"Greenville","state":"ME","country":"US","elevation":316}},{"type":"Feature","id":"GNT","geometry":{"type":"Point","coordinates":[-107.9021,35.1673]},"properties":{"station":"GNT","name":"GRANTS-MILAN MUNI","state":"NM","country":"US","elevation":1987}},{"type":"Feature","id":"GNV","geometry":{"type":"Point","coordinates":[-82.276,29.6917]},"properties":{"station":"GNV","name":"GAINESVILLE RGNL","state":"FL","country":"US","elevation":46}},{"type":"Feature","id":"GOK","geometry":{"type":"Point","coordinates":[-97.4156,35.8498]},"properties":{"station":"GOK","name":"GUTHRIE","state":"OK","country":"US","elevation":326}},{"type":"Feature","id":"GON","geometry":{"type":"Point","coordinates":[-72.05,41.33]},"properties":{"station":"GON","name":"GROTON/NEW LONDON","state":"CT","country":"US","elevation":3}},{"type":"Feature","id":"GOO","geometry":{"type":"Point","coordinates":[-121.0031,39.224]},"properties":{"station":"GOO","name":"Grass Valley","state":"CA","country":"US","elevation":949.5142}},{"type":"Feature","id":"GOP","geometry":{"type":"Point","coordinates":[-97.797,31.4213]},"properties":{"station":"GOP","name":"GATESVILLE","state":"TX","country":"US","elevation":276}},{"type":"Feature","id":"GOV","geometry":{"type":"Point","coordinates":[-84.73,44.68]},"properties":{"station":"GOV","name":"GRAYLING AF","state":"MI","country":"US","elevation":353}},{"type":"Feature","id":"GPC","geometry":{"type":"Point","coordinates":[-86.8155,39.6354]},"properties":{"station":"GPC","name":"Greencastle","state":"IN","country":"US","elevation":255.93918}},{"type":"Feature","id":"GPH","geometry":{"type":"Point","coordinates":[-94.3096,39.3325]},"properties":{"station":"GPH","name":"Mosby","state":"MO","country":"US","elevation":232.74814}},{"type":"Feature","id":"GPI","geometry":{"type":"Point","coordinates":[-114.2636,48.3042]},"properties":{"station":"GPI","name":"KALISPELL","state":"MT","country":"US","elevation":908}},{"type":"Feature","id":"GPM","geometry":{"type":"Point","coordinates":[-97.0469,32.6988]},"properties":{"station":"GPM","name":"GRAND_PRAIRIE","state":"TX","country":"US","elevation":180}},{"type":"Feature","id":"GPT","geometry":{"type":"Point","coordinates":[-89.0701,30.4073]},"properties":{"station":"GPT","name":"GULFPORT-BILOXI","state":"MS","country":"US","elevation":9}},{"type":"Feature","id":"GPZ","geometry":{"type":"Point","coordinates":[-93.5097,47.2111]},"properties":{"station":"GPZ","name":"GRAND RAPIDS","state":"MN","country":"US","elevation":413}},{"type":"Feature","id":"GRB","geometry":{"type":"Point","coordinates":[-88.1367,44.4794]},"properties":{"station":"GRB","name":"Ashwaubenon","state":"WI","country":"US","elevation":208}},{"type":"Feature","id":"GRD","geometry":{"type":"Point","coordinates":[-82.16,34.25]},"properties":{"station":"GRD","name":"GREENWOOD COUNTY AIRPORT","state":"SC","country":"US","elevation":192}},{"type":"Feature","id":"GRF","geometry":{"type":"Point","coordinates":[-122.58,47.08]},"properties":{"station":"GRF","name":"FORT LEWIS/GRAY AAF","state":"WA","country":"US","elevation":92}},{"type":"Feature","id":"GRI","geometry":{"type":"Point","coordinates":[-98.3096,40.9675]},"properties":{"station":"GRI","name":"GRAND ISLAND","state":"NE","country":"US","elevation":563.4602}},{"type":"Feature","id":"GRK","geometry":{"type":"Point","coordinates":[-97.83,31.07]},"properties":{"station":"GRK","name":"FORT HOOD/GRAY AAF","state":"TX","country":"US","elevation":309}},{"type":"Feature","id":"GRN","geometry":{"type":"Point","coordinates":[-102.1753,42.806]},"properties":{"station":"GRN","name":"Gordon","state":"NE","country":"US","elevation":1079}},{"type":"Feature","id":"GRR","geometry":{"type":"Point","coordinates":[-85.523,42.8821]},"properties":{"station":"GRR","name":"Grand Rapids","state":"MI","country":"US","elevation":240}},{"type":"Feature","id":"GRY","geometry":{"type":"Point","coordinates":[-90.441,27.625]},"properties":{"station":"GRY","name":"Green Canyon 338","state":"LA","country":"US","elevation":0}},{"type":"Feature","id":"GSB","geometry":{"type":"Point","coordinates":[-77.9606,35.3394]},"properties":{"station":"GSB","name":"SEYMOUR-JOHNSON_AFB","state":"NC","country":"US","elevation":33}},{"type":"Feature","id":"GSH","geometry":{"type":"Point","coordinates":[-85.7922,41.5272]},"properties":{"station":"GSH","name":"GOSHEN","state":"IN","country":"US","elevation":252}},{"type":"Feature","id":"GSO","geometry":{"type":"Point","coordinates":[-79.9436,36.0975]},"properties":{"station":"GSO","name":"GREENSBORO/PIEDMONT_(ASOS)","state":"NC","country":"US","elevation":270}},{"type":"Feature","id":"GSP","geometry":{"type":"Point","coordinates":[-82.2125,34.9061]},"properties":{"station":"GSP","name":"Greenville - Spartanburg","state":"SC","country":"US","elevation":294}},{"type":"Feature","id":"GTB","geometry":{"type":"Point","coordinates":[-75.7195,44.0556]},"properties":{"station":"GTB","name":"FORT DRUM/WHEELER","state":"NY","country":"US","elevation":207}},{"type":"Feature","id":"GTF","geometry":{"type":"Point","coordinates":[-111.3822,47.4733]},"properties":{"station":"GTF","name":"GREAT FALLS INTL","state":"MT","country":"US","elevation":1115}},{"type":"Feature","id":"GTR","geometry":{"type":"Point","coordinates":[-88.5914,33.4503]},"properties":{"station":"GTR","name":"GOLDEN TRI(AWOS)","state":"MS","country":"US","elevation":80}},{"type":"Feature","id":"GTU","geometry":{"type":"Point","coordinates":[-97.6767,30.6808]},"properties":{"station":"GTU","name":"GEORGETOWN (AWOS)","state":"TX","country":"US","elevation":240}},{"type":"Feature","id":"GUC","geometry":{"type":"Point","coordinates":[-106.933,38.5339]},"properties":{"station":"GUC","name":"GUNNISON CO. (AWOS)","state":"CO","country":"US","elevation":2339}},{"type":"Feature","id":"GUL","geometry":{"type":"Point","coordinates":[-93.5383,27.3039]},"properties":{"station":"GUL","name":"Gunnison (GoM)","state":"TX","country":"US","elevation":0}},{"type":"Feature","id":"GUP","geometry":{"type":"Point","coordinates":[-108.7893,35.5111]},"properties":{"station":"GUP","name":"GALLUP MUNI/CLARKE","state":"NM","country":"US","elevation":1972}},{"type":"Feature","id":"GUR","geometry":{"type":"Point","coordinates":[-104.7283,42.2597]},"properties":{"station":"GUR","name":"Guernsey","state":"WY","country":"US","elevation":1330.2438}},{"type":"Feature","id":"GUS","geometry":{"type":"Point","coordinates":[-86.1521,40.6481]},"properties":{"station":"GUS","name":"GRISSOM AFB/PERU","state":"IN","country":"US","elevation":247}},{"type":"Feature","id":"GUY","geometry":{"type":"Point","coordinates":[-101.5053,36.6817]},"properties":{"station":"GUY","name":"GUYMON","state":"OK","country":"US","elevation":952}},{"type":"Feature","id":"GVE","geometry":{"type":"Point","coordinates":[-78.1658,38.156]},"properties":{"station":"GVE","name":"Gordonsville","state":"VA","country":"US","elevation":133.06262}},{"type":"Feature","id":"GVL","geometry":{"type":"Point","coordinates":[-83.8303,34.2719]},"properties":{"station":"GVL","name":"GAINSVILLE","state":"GA","country":"US","elevation":38}},{"type":"Feature","id":"GVQ","geometry":{"type":"Point","coordinates":[-78.1675,43.0317]},"properties":{"station":"GVQ","name":"Batavia","state":"NY","country":"US","elevation":275.45084}},{"type":"Feature","id":"GVT","geometry":{"type":"Point","coordinates":[-96.0653,33.0678]},"properties":{"station":"GVT","name":"GREENVILLE/MAJORS","state":"TX","country":"US","elevation":163}},{"type":"Feature","id":"GVW","geometry":{"type":"Point","coordinates":[-94.5466,29.1303]},"properties":{"station":"GVW","name":"Galveston 209B","state":"TX","country":"US","elevation":0}},{"type":"Feature","id":"GWB","geometry":{"type":"Point","coordinates":[-85.0644,41.3072]},"properties":{"station":"GWB","name":"Auburn","state":"IN","country":"US","elevation":268.2}},{"type":"Feature","id":"GWO","geometry":{"type":"Point","coordinates":[-90.0847,33.4943]},"properties":{"station":"GWO","name":"GREENWOOD/LEFLORE","state":"MS","country":"US","elevation":47}},{"type":"Feature","id":"GWR","geometry":{"type":"Point","coordinates":[-97.6435,46.2187]},"properties":{"station":"GWR","name":"Gwinner","state":"ND","country":"US","elevation":385}},{"type":"Feature","id":"GWW","geometry":{"type":"Point","coordinates":[-77.9649,35.4606]},"properties":{"station":"GWW","name":"GOLDSBORO-WAYNE_MUNI_ARPT","state":"NC","country":"US","elevation":41}},{"type":"Feature","id":"GXF","geometry":{"type":"Point","coordinates":[-112.7199,32.8875]},"properties":{"station":"GXF","name":"Gila Bend Af Aux","state":"AZ","country":"US","elevation":259.44272}},{"type":"Feature","id":"GXY","geometry":{"type":"Point","coordinates":[-104.6332,40.4374]},"properties":{"station":"GXY","name":"GREELEY/WELD (AWOS)","state":"CO","country":"US","elevation":1420}},{"type":"Feature","id":"GYB","geometry":{"type":"Point","coordinates":[-96.98,30.17]},"properties":{"station":"GYB","name":"GIDDINGS-LEE_CNTY_ARPT","state":"TX","country":"US","elevation":148}},{"type":"Feature","id":"GYF","geometry":{"type":"Point","coordinates":[-94.898,26.129]},"properties":{"station":"GYF","name":"Alaminos Canyon Block 857","state":"TX","country":"US","elevation":65}},{"type":"Feature","id":"GYH","geometry":{"type":"Point","coordinates":[-82.3764,34.7583]},"properties":{"station":"GYH","name":"Greenville","state":"SC","country":"US","elevation":291}},{"type":"Feature","id":"GYI","geometry":{"type":"Point","coordinates":[-96.6737,33.7141]},"properties":{"station":"GYI","name":"SHERMAN/DENISON","state":"TX","country":"US","elevation":228}},{"type":"Feature","id":"GYL","geometry":{"type":"Point","coordinates":[-94.0812,44.756]},"properties":{"station":"GYL","name":"GLENCOE","state":"MN","country":"US","elevation":302}},{"type":"Feature","id":"GYR","geometry":{"type":"Point","coordinates":[-112.3736,33.4224]},"properties":{"station":"GYR","name":"GOODYEAR MUNICIPAL","state":"AZ","country":"US","elevation":295}},{"type":"Feature","id":"GYY","geometry":{"type":"Point","coordinates":[-87.4128,41.6163]},"properties":{"station":"GYY","name":"GARY REGIONAL","state":"IN","country":"US","elevation":180}},{"type":"Feature","id":"GZH","geometry":{"type":"Point","coordinates":[-87.0441,31.4158]},"properties":{"station":"GZH","name":"EVERGREEN","state":"AL","country":"US","elevation":79}},{"type":"Feature","id":"GZL","geometry":{"type":"Point","coordinates":[-95.0939,35.2891]},"properties":{"station":"GZL","name":"Stigler","state":"OK","country":"US","elevation":182.6}},{"type":"Feature","id":"GZN","geometry":{"type":"Point","coordinates":[-99.0237,32.3658]},"properties":{"station":"GZN","name":"Cisco","state":"TX","country":"US","elevation":523.0639}},{"type":"Feature","id":"GZS","geometry":{"type":"Point","coordinates":[-87.0568,35.1537]},"properties":{"station":"GZS","name":"Pulaski","state":"TN","country":"US","elevation":200.87474}},{"type":"Feature","id":"H71","geometry":{"type":"Point","coordinates":[-95.3301,36.2254]},"properties":{"station":"H71","name":"Pryor","state":"OK","country":"US","elevation":187.54639}},{"type":"Feature","id":"HAE","geometry":{"type":"Point","coordinates":[-91.4439,39.7252]},"properties":{"station":"HAE","name":"Hannibal","state":"MO","country":"US","elevation":235.19081}},{"type":"Feature","id":"HAF","geometry":{"type":"Point","coordinates":[-122.4996,37.5136]},"properties":{"station":"HAF","name":"Half Moon Bay","state":"CA","country":"US","elevation":9.366775}},{"type":"Feature","id":"HAI","geometry":{"type":"Point","coordinates":[-85.5934,41.9597]},"properties":{"station":"HAI","name":"Three Rivers","state":"MI","country":"US","elevation":251}},{"type":"Feature","id":"HAO","geometry":{"type":"Point","coordinates":[-84.5219,39.3638]},"properties":{"station":"HAO","name":"HAMILTON","state":"OH","country":"US","elevation":188}},{"type":"Feature","id":"HBG","geometry":{"type":"Point","coordinates":[-89.2529,31.2649]},"properties":{"station":"HBG","name":"HATTIESBURG MUNI","state":"MS","country":"US","elevation":46}},{"type":"Feature","id":"HBI","geometry":{"type":"Point","coordinates":[-79.8948,35.6545]},"properties":{"station":"HBI","name":"ASHEBORO_MUNI_ARPT","state":"NC","country":"US","elevation":205}},{"type":"Feature","id":"HBR","geometry":{"type":"Point","coordinates":[-99.0514,34.9913]},"properties":{"station":"HBR","name":"HOBART MUNICIPAL","state":"OK","country":"US","elevation":477}},{"type":"Feature","id":"HBV","geometry":{"type":"Point","coordinates":[-98.7369,27.3496]},"properties":{"station":"HBV","name":"HEBBRONVILLE","state":"TX","country":"US","elevation":202}},{"type":"Feature","id":"HCD","geometry":{"type":"Point","coordinates":[-94.3825,44.8599]},"properties":{"station":"HCD","name":"HUTCHINSON","state":"MN","country":"US","elevation":323}},{"type":"Feature","id":"HCO","geometry":{"type":"Point","coordinates":[-96.943,48.7527]},"properties":{"station":"HCO","name":"HALLOCK","state":"MN","country":"US","elevation":250}},{"type":"Feature","id":"HCR","geometry":{"type":"Point","coordinates":[-111.43,40.47]},"properties":{"station":"HCR","name":"Heber City","state":"UT","country":"US","elevation":1724.0114}},{"type":"Feature","id":"HDC","geometry":{"type":"Point","coordinates":[-90.42,30.52]},"properties":{"station":"HDC","name":"HAMMOND MUNI AIRPORT","state":"LA","country":"US","elevation":13}},{"type":"Feature","id":"HDE","geometry":{"type":"Point","coordinates":[-99.3365,40.4521]},"properties":{"station":"HDE","name":"HOLDREGE/BREWSTR","state":"NE","country":"US","elevation":706.7284}},{"type":"Feature","id":"HDN","geometry":{"type":"Point","coordinates":[-107.22,40.48]},"properties":{"station":"HDN","name":"HAYDEN/YAMPA (AWOS)","state":"CO","country":"US","elevation":2012}},{"type":"Feature","id":"HDO","geometry":{"type":"Point","coordinates":[-99.1742,29.3594]},"properties":{"station":"HDO","name":"HONDO MUNICIPAL","state":"TX","country":"US","elevation":283}},{"type":"Feature","id":"HEF","geometry":{"type":"Point","coordinates":[-77.5154,38.7214]},"properties":{"station":"HEF","name":"MANASSAS MUNI(AWOS)","state":"VA","country":"US","elevation":59}},{"type":"Feature","id":"HEG","geometry":{"type":"Point","coordinates":[-81.8059,30.2778]},"properties":{"station":"HEG","name":"Jacksonville - Herlong","state":"FL","country":"US","elevation":25}},{"type":"Feature","id":"HEI","geometry":{"type":"Point","coordinates":[-102.656,46.0149]},"properties":{"station":"HEI","name":"HETTINGER","state":"ND","country":"US","elevation":828}},{"type":"Feature","id":"HEQ","geometry":{"type":"Point","coordinates":[-102.2727,40.5694]},"properties":{"station":"HEQ","name":"Holyoke","state":"CO","country":"US","elevation":1137}},{"type":"Feature","id":"HEY","geometry":{"type":"Point","coordinates":[-85.6543,31.346]},"properties":{"station":"HEY","name":"Fort Rucker","state":"AL","country":"US","elevation":97}},{"type":"Feature","id":"HEZ","geometry":{"type":"Point","coordinates":[-91.2973,31.6137]},"properties":{"station":"HEZ","name":"NATCHEZ/HARDY(AWOS)","state":"MS","country":"US","elevation":83}},{"type":"Feature","id":"HFD","geometry":{"type":"Point","coordinates":[-72.6494,41.7367]},"properties":{"station":"HFD","name":"HARTFORD/BRAINARD","state":"CT","country":"US","elevation":6}},{"type":"Feature","id":"HFF","geometry":{"type":"Point","coordinates":[-79.4974,35.0367]},"properties":{"station":"HFF","name":"MACKALL_AAF","state":"NC","country":"US","elevation":115}},{"type":"Feature","id":"HFJ","geometry":{"type":"Point","coordinates":[-94.0128,36.9062]},"properties":{"station":"HFJ","name":"Monett","state":"MO","country":"US","elevation":400.5}},{"type":"Feature","id":"HFY","geometry":{"type":"Point","coordinates":[-86.088,39.6276]},"properties":{"station":"HFY","name":"Indianapolis - Greenwood Muni","state":"IN","country":"US","elevation":249.97754}},{"type":"Feature","id":"HGR","geometry":{"type":"Point","coordinates":[-77.7297,39.7078]},"properties":{"station":"HGR","name":"HAGERSTOWN REGIONAL","state":"MD","country":"US","elevation":215}},{"type":"Feature","id":"HHF","geometry":{"type":"Point","coordinates":[-100.404,35.895]},"properties":{"station":"HHF","name":"CANADIAN","state":"TX","country":"US","elevation":730}},{"type":"Feature","id":"HHG","geometry":{"type":"Point","coordinates":[-85.4571,40.8529]},"properties":{"station":"HHG","name":"Huntington","state":"IN","country":"US","elevation":244.00758}},{"type":"Feature","id":"HHR","geometry":{"type":"Point","coordinates":[-118.3352,33.9228]},"properties":{"station":"HHR","name":"HAWTHORNE MUNICIPAL","state":"CA","country":"US","elevation":19}},{"type":"Feature","id":"HHV","geometry":{"type":"Point","coordinates":[-94.6886,26.9392]},"properties":{"station":"HHV","name":"Hoover Diana","state":"TX","country":"US","elevation":0}},{"type":"Feature","id":"HHW","geometry":{"type":"Point","coordinates":[-95.5419,34.0348]},"properties":{"station":"HHW","name":"Hugo","state":"OK","country":"US","elevation":170.11453}},{"type":"Feature","id":"HIB","geometry":{"type":"Point","coordinates":[-92.839,47.3866]},"properties":{"station":"HIB","name":"HIBBING","state":"MN","country":"US","elevation":412}},{"type":"Feature","id":"HIE","geometry":{"type":"Point","coordinates":[-71.5522,44.3659]},"properties":{"station":"HIE","name":"Whitefield","state":"NH","country":"US","elevation":319}},{"type":"Feature","id":"HIF","geometry":{"type":"Point","coordinates":[-111.973,41.1239]},"properties":{"station":"HIF","name":"HILL AFB/OGDEN","state":"UT","country":"US","elevation":1459}},{"type":"Feature","id":"HII","geometry":{"type":"Point","coordinates":[-114.3583,34.5711]},"properties":{"station":"HII","name":"Lake Havasu City","state":"AZ","country":"US","elevation":226.63142}},{"type":"Feature","id":"HIO","geometry":{"type":"Point","coordinates":[-122.9502,45.5406]},"properties":{"station":"HIO","name":"PORTLAND/HILLSBORO","state":"OR","country":"US","elevation":62}},{"type":"Feature","id":"HJH","geometry":{"type":"Point","coordinates":[-97.587,40.1523]},"properties":{"station":"HJH","name":"Hebron","state":"NE","country":"US","elevation":444.53418}},{"type":"Feature","id":"HJO","geometry":{"type":"Point","coordinates":[-119.6232,36.3114]},"properties":{"station":"HJO","name":"Hanford","state":"CA","country":"US","elevation":76.36669}},{"type":"Feature","id":"HKA","geometry":{"type":"Point","coordinates":[-89.8332,35.9378]},"properties":{"station":"HKA","name":"Blytheville","state":"AR","country":"US","elevation":77}},{"type":"Feature","id":"HKS","geometry":{"type":"Point","coordinates":[-90.2225,32.3348]},"properties":{"station":"HKS","name":"JACKSON/HAWKINS FIELD","state":"MS","country":"US","elevation":104}},{"type":"Feature","id":"HKY","geometry":{"type":"Point","coordinates":[-81.3895,35.7411]},"properties":{"station":"HKY","name":"HICKORY_REGIONAL_(ASOS)","state":"NC","country":"US","elevation":362}},{"type":"Feature","id":"HLB","geometry":{"type":"Point","coordinates":[-85.2583,39.3445]},"properties":{"station":"HLB","name":"Batesville","state":"IN","country":"US","elevation":296.38635}},{"type":"Feature","id":"HLC","geometry":{"type":"Point","coordinates":[-99.8297,39.3756]},"properties":{"station":"HLC","name":"HILL_CITY","state":"KS","country":"US","elevation":678}},{"type":"Feature","id":"HLG","geometry":{"type":"Point","coordinates":[-80.6463,40.175]},"properties":{"station":"HLG","name":"WHEELING/OHIO CO.","state":"WV","country":"US","elevation":365}},{"type":"Feature","id":"HLN","geometry":{"type":"Point","coordinates":[-111.9636,46.6056]},"properties":{"station":"HLN","name":"HELENA REGIONAL","state":"MT","country":"US","elevation":1188}},{"type":"Feature","id":"HLR","geometry":{"type":"Point","coordinates":[-97.7145,31.1387]},"properties":{"station":"HLR","name":"FT HOOD AAF/KILLEEN","state":"TX","country":"US","elevation":283}},{"type":"Feature","id":"HLX","geometry":{"type":"Point","coordinates":[-80.8236,36.7661]},"properties":{"station":"HLX","name":"HILLSVILLE","state":"VA","country":"US","elevation":834}},{"type":"Feature","id":"HMN","geometry":{"type":"Point","coordinates":[-106.1085,32.8519]},"properties":{"station":"HMN","name":"HOLLOMAN AFB","state":"NM","country":"US","elevation":1248}},{"type":"Feature","id":"HMP","geometry":{"type":"Point","coordinates":[-84.331,33.3899]},"properties":{"station":"HMP","name":"Hampton","state":"GA","country":"US","elevation":256.7249}},{"type":"Feature","id":"HMT","geometry":{"type":"Point","coordinates":[-117.022,33.734]},"properties":{"station":"HMT","name":"Hemet","state":"CA","country":"US","elevation":461.64716}},{"type":"Feature","id":"HMZ","geometry":{"type":"Point","coordinates":[-78.5122,40.0853]},"properties":{"station":"HMZ","name":"Bedford","state":"PA","country":"US","elevation":350.62582}},{"type":"Feature","id":"HNB","geometry":{"type":"Point","coordinates":[-86.95,38.25]},"properties":{"station":"HNB","name":"HUNTINGBURG","state":"IN","country":"US","elevation":161}},{"type":"Feature","id":"HND","geometry":{"type":"Point","coordinates":[-115.1344,35.9729]},"properties":{"station":"HND","name":"Henderson","state":"NV","country":"US","elevation":742.7949}},{"type":"Feature","id":"HNR","geometry":{"type":"Point","coordinates":[-95.3355,41.5834]},"properties":{"station":"HNR","name":"HARLAN","state":"IA","country":"US","elevation":364.5}},{"type":"Feature","id":"HNZ","geometry":{"type":"Point","coordinates":[-78.53,36.36]},"properties":{"station":"HNZ","name":"HENDERSON-OXFORD_ARPT","state":"NC","country":"US","elevation":161}},{"type":"Feature","id":"HOB","geometry":{"type":"Point","coordinates":[-103.217,32.6875]},"properties":{"station":"HOB","name":"HOBBS/LEA CO.","state":"NM","country":"US","elevation":1115}},{"type":"Feature","id":"HOE","geometry":{"type":"Point","coordinates":[-82.7741,31.0559]},"properties":{"station":"HOE","name":"Homerville","state":"GA","country":"US","elevation":56.7}},{"type":"Feature","id":"HON","geometry":{"type":"Point","coordinates":[-98.2286,44.3852]},"properties":{"station":"HON","name":"HURON","state":"SD","country":"US","elevation":384.37134}},{"type":"Feature","id":"HOP","geometry":{"type":"Point","coordinates":[-87.4962,36.6686]},"properties":{"station":"HOP","name":"FORT CAMPBELL (AAF)","state":"KY","country":"US","elevation":174}},{"type":"Feature","id":"HOT","geometry":{"type":"Point","coordinates":[-93.0962,34.478]},"properties":{"station":"HOT","name":"HOT SPRINGS","state":"AR","country":"US","elevation":165}},{"type":"Feature","id":"HOU","geometry":{"type":"Point","coordinates":[-95.2824,29.6375]},"properties":{"station":"HOU","name":"HOUSTON/WILL HOBBY","state":"TX","country":"US","elevation":14}},{"type":"Feature","id":"HPN","geometry":{"type":"Point","coordinates":[-73.7075,41.0669]},"properties":{"station":"HPN","name":"WHITE PLAINS","state":"NY","country":"US","elevation":134}},{"type":"Feature","id":"HPT","geometry":{"type":"Point","coordinates":[-93.2244,42.7175]},"properties":{"station":"HPT","name":"Hampton","state":"IA","country":"US","elevation":350.1681}},{"type":"Feature","id":"HQG","geometry":{"type":"Point","coordinates":[-101.3705,37.1631]},"properties":{"station":"HQG","name":"Hugoton","state":"KS","country":"US","elevation":956.5196}},{"type":"Feature","id":"HQM","geometry":{"type":"Point","coordinates":[-123.9366,46.9712]},"properties":{"station":"HQM","name":"HOQUIAM/BOWERMAN","state":"WA","country":"US","elevation":4}},{"type":"Feature","id":"HQU","geometry":{"type":"Point","coordinates":[-82.5164,33.5297]},"properties":{"station":"HQU","name":"THOMSON","state":"GA","country":"US","elevation":152}},{"type":"Feature","id":"HQZ","geometry":{"type":"Point","coordinates":[-96.5304,32.747]},"properties":{"station":"HQZ","name":"MESQUITE","state":"TX","country":"US","elevation":136}},{"type":"Feature","id":"HRF","geometry":{"type":"Point","coordinates":[-114.1246,46.2546]},"properties":{"station":"HRF","name":"Hamilton","state":"MT","country":"US","elevation":1098.9084}},{"type":"Feature","id":"HRI","geometry":{"type":"Point","coordinates":[-119.2611,45.8258]},"properties":{"station":"HRI","name":"HERMISTON","state":"OR","country":"US","elevation":195}},{"type":"Feature","id":"HRJ","geometry":{"type":"Point","coordinates":[-78.7336,35.3786]},"properties":{"station":"HRJ","name":"ERWIN/HARNETT_COUNTY_ARPT","state":"NC","country":"US","elevation":60}},{"type":"Feature","id":"HRL","geometry":{"type":"Point","coordinates":[-97.6544,26.2285]},"properties":{"station":"HRL","name":"HARLINGEN INTL ARPT","state":"TX","country":"US","elevation":11}},{"type":"Feature","id":"HRO","geometry":{"type":"Point","coordinates":[-93.1547,36.2615]},"properties":{"station":"HRO","name":"HARRISON/BOONE CO.","state":"AR","country":"US","elevation":416}},{"type":"Feature","id":"HRT","geometry":{"type":"Point","coordinates":[-86.6893,30.4278]},"properties":{"station":"HRT","name":"HURLBURT FIELD (AF)","state":"FL","country":"US","elevation":12}},{"type":"Feature","id":"HRX","geometry":{"type":"Point","coordinates":[-102.3264,34.8578]},"properties":{"station":"HRX","name":"Hereford","state":"TX","country":"US","elevation":1153}},{"type":"Feature","id":"HSA","geometry":{"type":"Point","coordinates":[-89.4546,30.3678]},"properties":{"station":"HSA","name":"BAY_ST._LOUIS","state":"MS","country":"US","elevation":7}},{"type":"Feature","id":"HSB","geometry":{"type":"Point","coordinates":[-88.5503,37.8113]},"properties":{"station":"HSB","name":"HARRISBURG","state":"IL","country":"US","elevation":121}},{"type":"Feature","id":"HSD","geometry":{"type":"Point","coordinates":[-97.7092,35.6019]},"properties":{"station":"HSD","name":"Oklahoma City Sundance","state":"OK","country":"US","elevation":359.9652}},{"type":"Feature","id":"HSE","geometry":{"type":"Point","coordinates":[-75.6225,35.2322]},"properties":{"station":"HSE","name":"HATTERAS_(ASOS)","state":"NC","country":"US","elevation":3}},{"type":"Feature","id":"HSG","geometry":{"type":"Point","coordinates":[-108.3897,43.7136]},"properties":{"station":"HSG","name":"Thermopolis","state":"WY","country":"US","elevation":1485.3828}},{"type":"Feature","id":"HSI","geometry":{"type":"Point","coordinates":[-98.4279,40.6052]},"properties":{"station":"HSI","name":"HASTINGS","state":"NE","country":"US","elevation":591.8408}},{"type":"Feature","id":"HSP","geometry":{"type":"Point","coordinates":[-79.8339,37.9514]},"properties":{"station":"HSP","name":"HOT SPRINGS/INGALLS","state":"VA","country":"US","elevation":1156}},{"type":"Feature","id":"HST","geometry":{"type":"Point","coordinates":[-80.3837,25.4884]},"properties":{"station":"HST","name":"HOMESTEAD AFB","state":"FL","country":"US","elevation":2}},{"type":"Feature","id":"HSV","geometry":{"type":"Point","coordinates":[-86.7861,34.6439]},"properties":{"station":"HSV","name":"HUNTSVILLE/MADISON","state":"AL","country":"US","elevation":196}},{"type":"Feature","id":"HTH","geometry":{"type":"Point","coordinates":[-118.6315,38.5448]},"properties":{"station":"HTH","name":"Hawthorne","state":"NV","country":"US","elevation":1282.8909}},{"type":"Feature","id":"HTL","geometry":{"type":"Point","coordinates":[-84.6711,44.3598]},"properties":{"station":"HTL","name":"HOUGHTON LAKE","state":"MI","country":"US","elevation":351}},{"type":"Feature","id":"HTS","geometry":{"type":"Point","coordinates":[-82.555,38.365]},"properties":{"station":"HTS","name":"HUNTINGTON/TRI STAT","state":"WV","country":"US","elevation":255}},{"type":"Feature","id":"HUA","geometry":{"type":"Point","coordinates":[-86.6848,34.6786]},"properties":{"station":"HUA","name":"REDSTONE ARSENAL","state":"AL","country":"US","elevation":209}},{"type":"Feature","id":"HUF","geometry":{"type":"Point","coordinates":[-87.3076,39.4515]},"properties":{"station":"HUF","name":"TERRE HAUTE","state":"IN","country":"US","elevation":179}},{"type":"Feature","id":"HUL","geometry":{"type":"Point","coordinates":[-67.7921,46.1231]},"properties":{"station":"HUL","name":"HOULTON INTL ARPT","state":"ME","country":"US","elevation":150}},{"type":"Feature","id":"HUM","geometry":{"type":"Point","coordinates":[-90.6604,29.5665]},"properties":{"station":"HUM","name":"HOUMA-TERREBONNE","state":"LA","country":"US","elevation":3}},{"type":"Feature","id":"HUT","geometry":{"type":"Point","coordinates":[-97.8606,38.0655]},"properties":{"station":"HUT","name":"HUTCHINSON","state":"KS","country":"US","elevation":470}},{"type":"Feature","id":"HVC","geometry":{"type":"Point","coordinates":[-87.4551,36.857]},"properties":{"station":"HVC","name":"Hopkinsville","state":"KY","country":"US","elevation":163}},{"type":"Feature","id":"HVE","geometry":{"type":"Point","coordinates":[-110.704,38.418]},"properties":{"station":"HVE","name":"Hanksville","state":"UT","country":"US","elevation":1354.601}},{"type":"Feature","id":"HVN","geometry":{"type":"Point","coordinates":[-72.8868,41.2638]},"properties":{"station":"HVN","name":"NEW HAVEN/TWEED","state":"CT","country":"US","elevation":4}},{"type":"Feature","id":"HVR","geometry":{"type":"Point","coordinates":[-109.7633,48.5428]},"properties":{"station":"HVR","name":"Havre","state":"MT","country":"US","elevation":792}},{"type":"Feature","id":"HVS","geometry":{"type":"Point","coordinates":[-80.1192,34.4031]},"properties":{"station":"HVS","name":"Hartsville","state":"SC","country":"US","elevation":110.9}},{"type":"Feature","id":"HWD","geometry":{"type":"Point","coordinates":[-122.1212,37.6588]},"properties":{"station":"HWD","name":"Hayward","state":"CA","country":"US","elevation":8.88734}},{"type":"Feature","id":"HWO","geometry":{"type":"Point","coordinates":[-80.2412,25.9995]},"properties":{"station":"HWO","name":"HOLLYWOOD/N. PERRY","state":"FL","country":"US","elevation":3}},{"type":"Feature","id":"HWV","geometry":{"type":"Point","coordinates":[-72.8689,40.8217]},"properties":{"station":"HWV","name":"BROOKHAVEN AIRPORT/SHIRLEY","state":"NY","country":"US","elevation":25}},{"type":"Feature","id":"HWY","geometry":{"type":"Point","coordinates":[-77.7106,38.5863]},"properties":{"station":"HWY","name":"Warrenton","state":"VA","country":"US","elevation":102}},{"type":"Feature","id":"HXD","geometry":{"type":"Point","coordinates":[-80.6975,32.2244]},"properties":{"station":"HXD","name":"Hilton Head Island","state":"SC","country":"US","elevation":5}},{"type":"Feature","id":"HYA","geometry":{"type":"Point","coordinates":[-70.28,41.67]},"properties":{"station":"HYA","name":"HYANNIS/POLANDO FLD","state":"MA","country":"US","elevation":16}},{"type":"Feature","id":"HYI","geometry":{"type":"Point","coordinates":[-97.863,29.8927]},"properties":{"station":"HYI","name":"SAN MARCOS (AWOS)","state":"TX","country":"US","elevation":182}},{"type":"Feature","id":"HYR","geometry":{"type":"Point","coordinates":[-91.4442,46.0253]},"properties":{"station":"HYR","name":"HAYWARD","state":"WI","country":"US","elevation":370}},{"type":"Feature","id":"HYS","geometry":{"type":"Point","coordinates":[-99.2732,38.8422]},"properties":{"station":"HYS","name":"HAYS_MUNI","state":"KS","country":"US","elevation":609}},{"type":"Feature","id":"HYW","geometry":{"type":"Point","coordinates":[-79.1222,33.8285]},"properties":{"station":"HYW","name":"Conway","state":"SC","country":"US","elevation":10.7}},{"type":"Feature","id":"HYX","geometry":{"type":"Point","coordinates":[-83.8623,43.4334]},"properties":{"station":"HYX","name":"SAGINAW/BROWNE","state":"MI","country":"US","elevation":183}},{"type":"Feature","id":"HZD","geometry":{"type":"Point","coordinates":[-88.4654,36.089]},"properties":{"station":"HZD","name":"Huntingdon","state":"TN","country":"US","elevation":142.96805}},{"type":"Feature","id":"HZE","geometry":{"type":"Point","coordinates":[-101.581,47.2899]},"properties":{"station":"HZE","name":"Hazen","state":"ND","country":"US","elevation":552}},{"type":"Feature","id":"HZL","geometry":{"type":"Point","coordinates":[-75.9949,40.9868]},"properties":{"station":"HZL","name":"Hazelton","state":"PA","country":"US","elevation":488.81073}},{"type":"Feature","id":"HZR","geometry":{"type":"Point","coordinates":[-91.4787,30.7183]},"properties":{"station":"HZR","name":"New Roads","state":"LA","country":"US","elevation":10.88682}},{"type":"Feature","id":"HZX","geometry":{"type":"Point","coordinates":[-93.3098,46.6188]},"properties":{"station":"HZX","name":"McGregor","state":"MN","country":"US","elevation":374}},{"type":"Feature","id":"HZY","geometry":{"type":"Point","coordinates":[-80.6955,41.778]},"properties":{"station":"HZY","name":"ASHTABULA","state":"OH","country":"US","elevation":276}},{"type":"Feature","id":"I16","geometry":{"type":"Point","coordinates":[-81.56,37.6]},"properties":{"station":"I16","name":"PINEVILLE","state":"WV","country":"US","elevation":544}},{"type":"Feature","id":"I23","geometry":{"type":"Point","coordinates":[-83.4205,39.5704]},"properties":{"station":"I23","name":"Washington Court House","state":"OH","country":"US","elevation":297}},{"type":"Feature","id":"I35","geometry":{"type":"Point","coordinates":[-83.3585,36.8593]},"properties":{"station":"I35","name":"Harlan Tucker Memorial","state":"KY","country":"US","elevation":465.73215}},{"type":"Feature","id":"I40","geometry":{"type":"Point","coordinates":[-81.85,40.31]},"properties":{"station":"I40","name":"Coshocton","state":"OH","country":"US","elevation":304}},{"type":"Feature","id":"I63","geometry":{"type":"Point","coordinates":[-90.8042,39.9875]},"properties":{"station":"I63","name":"Mount Sterling","state":"IL","country":"US","elevation":219.73824}},{"type":"Feature","id":"I67","geometry":{"type":"Point","coordinates":[-84.7743,39.2589]},"properties":{"station":"I67","name":"Harrison","state":"OH","country":"US","elevation":176.48842}},{"type":"Feature","id":"I68","geometry":{"type":"Point","coordinates":[-84.2532,39.4664]},"properties":{"station":"I68","name":"Lebanon","state":"OH","country":"US","elevation":272.75012}},{"type":"Feature","id":"I69","geometry":{"type":"Point","coordinates":[-84.2102,39.0784]},"properties":{"station":"I69","name":"Batavia","state":"OH","country":"US","elevation":252.27235}},{"type":"Feature","id":"I74","geometry":{"type":"Point","coordinates":[-83.7534,40.1326]},"properties":{"station":"I74","name":"Urbana","state":"OH","country":"US","elevation":320.1153}},{"type":"Feature","id":"I75","geometry":{"type":"Point","coordinates":[-93.6876,41.0472]},"properties":{"station":"I75","name":"Osceola","state":"IA","country":"US","elevation":338.3}},{"type":"Feature","id":"I93","geometry":{"type":"Point","coordinates":[-86.4412,37.7848]},"properties":{"station":"I93","name":"Hardinsburg","state":"KY","country":"US","elevation":219}},{"type":"Feature","id":"I95","geometry":{"type":"Point","coordinates":[-83.6436,40.6107]},"properties":{"station":"I95","name":"Kenton","state":"OH","country":"US","elevation":310}},{"type":"Feature","id":"IAB","geometry":{"type":"Point","coordinates":[-97.2673,37.623]},"properties":{"station":"IAB","name":"MCCONNELL_AFB","state":"KS","country":"US","elevation":418}},{"type":"Feature","id":"IAD","geometry":{"type":"Point","coordinates":[-77.4473,38.9348]},"properties":{"station":"IAD","name":"WASHINGTON/DULLES","state":"VA","country":"US","elevation":98}},{"type":"Feature","id":"IAG","geometry":{"type":"Point","coordinates":[-78.9462,43.1073]},"properties":{"station":"IAG","name":"NIAGARA FALLS INTL","state":"NY","country":"US","elevation":180}},{"type":"Feature","id":"IAH","geometry":{"type":"Point","coordinates":[-95.3607,29.9844]},"properties":{"station":"IAH","name":"Houston Intercontinental","state":"TX","country":"US","elevation":28}},{"type":"Feature","id":"IBM","geometry":{"type":"Point","coordinates":[-103.6774,41.1881]},"properties":{"station":"IBM","name":"Kimball","state":"NE","country":"US","elevation":1497.1047}},{"type":"Feature","id":"ICL","geometry":{"type":"Point","coordinates":[-95.0223,40.7242]},"properties":{"station":"ICL","name":"CLARINDA","state":"IA","country":"US","elevation":298.1}},{"type":"Feature","id":"ICR","geometry":{"type":"Point","coordinates":[-99.8422,43.3903]},"properties":{"station":"ICR","name":"WINNER","state":"SD","country":"US","elevation":611.9321}},{"type":"Feature","id":"ICT","geometry":{"type":"Point","coordinates":[-97.43,37.65]},"properties":{"station":"ICT","name":"WICHITA","state":"KS","country":"US","elevation":408}},{"type":"Feature","id":"IDA","geometry":{"type":"Point","coordinates":[-112.0708,43.5137]},"properties":{"station":"IDA","name":"IDAHO FALLS/FANNING","state":"ID","country":"US","elevation":1445}},{"type":"Feature","id":"IDI","geometry":{"type":"Point","coordinates":[-79.1055,40.6322]},"properties":{"station":"IDI","name":"INDIANA/STEWART FLD","state":"PA","country":"US","elevation":429}},{"type":"Feature","id":"IDP","geometry":{"type":"Point","coordinates":[-95.7784,37.1584]},"properties":{"station":"IDP","name":"Independence","state":"KS","country":"US","elevation":251}},{"type":"Feature","id":"IEN","geometry":{"type":"Point","coordinates":[-102.511,43.0225]},"properties":{"station":"IEN","name":"PINE RIDGE","state":"SD","country":"US","elevation":1008.83746}},{"type":"Feature","id":"IER","geometry":{"type":"Point","coordinates":[-93.0991,31.7357]},"properties":{"station":"IER","name":"NATTCHITOCHES REGIONAL AIRPORT","state":"LA","country":"US","elevation":37}},{"type":"Feature","id":"IFA","geometry":{"type":"Point","coordinates":[-93.2651,42.4691]},"properties":{"station":"IFA","name":"Iowa Falls","state":"IA","country":"US","elevation":346.6}},{"type":"Feature","id":"IFP","geometry":{"type":"Point","coordinates":[-114.5595,35.1574]},"properties":{"station":"IFP","name":"BULL HEAD CITY","state":"AZ","country":"US","elevation":167}},{"type":"Feature","id":"IGM","geometry":{"type":"Point","coordinates":[-113.933,35.2577]},"properties":{"station":"IGM","name":"Kingman","state":"AZ","country":"US","elevation":1033}},{"type":"Feature","id":"IGQ","geometry":{"type":"Point","coordinates":[-87.5295,41.5349]},"properties":{"station":"IGQ","name":"CHICAGO/LANSING","state":"IL","country":"US","elevation":188}},{"type":"Feature","id":"IIB","geometry":{"type":"Point","coordinates":[-91.9504,42.4544]},"properties":{"station":"IIB","name":"INDEPENDENCE","state":"IA","country":"US","elevation":294}},{"type":"Feature","id":"IIY","geometry":{"type":"Point","coordinates":[-82.8158,33.7794]},"properties":{"station":"IIY","name":"Washington","state":"GA","country":"US","elevation":191.41869}},{"type":"Feature","id":"IJD","geometry":{"type":"Point","coordinates":[-72.1836,41.7419]},"properties":{"station":"IJD","name":"WILLIMANTIC (ASOS)","state":"CT","country":"US","elevation":76}},{"type":"Feature","id":"IJX","geometry":{"type":"Point","coordinates":[-90.2383,39.7746]},"properties":{"station":"IJX","name":"JACKSONVILLE","state":"IL","country":"US","elevation":190}},{"type":"Feature","id":"IKG","geometry":{"type":"Point","coordinates":[-98.0309,27.5509]},"properties":{"station":"IKG","name":"Kingsville","state":"TX","country":"US","elevation":39.11497}},{"type":"Feature","id":"IKK","geometry":{"type":"Point","coordinates":[-87.8463,41.0714]},"properties":{"station":"IKK","name":"KANKAKEE","state":"IL","country":"US","elevation":192}},{"type":"Feature","id":"IKT","geometry":{"type":"Point","coordinates":[-88.2889,28.5208]},"properties":{"station":"IKT","name":"Nakika","state":"MS","country":"US","elevation":25}},{"type":"Feature","id":"IKV","geometry":{"type":"Point","coordinates":[-93.5695,41.6878]},"properties":{"station":"IKV","name":"ANKENY","state":"IA","country":"US","elevation":270.7}},{"type":"Feature","id":"IKW","geometry":{"type":"Point","coordinates":[-84.2613,43.6629]},"properties":{"station":"IKW","name":"Midland","state":"MI","country":"US","elevation":193.5}},{"type":"Feature","id":"ILE","geometry":{"type":"Point","coordinates":[-97.6865,31.0858]},"properties":{"station":"ILE","name":"KILLEEN MUNI (AWOS)","state":"TX","country":"US","elevation":258}},{"type":"Feature","id":"ILG","geometry":{"type":"Point","coordinates":[-75.6008,39.6728]},"properties":{"station":"ILG","name":"WILMINGTON AIRPORT","state":"DE","country":"US","elevation":24}},{"type":"Feature","id":"ILM","geometry":{"type":"Point","coordinates":[-77.9,34.27]},"properties":{"station":"ILM","name":"Wilmington Intl","state":"NC","country":"US","elevation":10}},{"type":"Feature","id":"ILN","geometry":{"type":"Point","coordinates":[-83.8217,39.4203]},"properties":{"station":"ILN","name":"WILMINGTON","state":"OH","country":"US","elevation":322}},{"type":"Feature","id":"IML","geometry":{"type":"Point","coordinates":[-101.6201,40.5103]},"properties":{"station":"IML","name":"IMPERIAL MUNICIP","state":"NE","country":"US","elevation":995}},{"type":"Feature","id":"IMS","geometry":{"type":"Point","coordinates":[-85.4655,38.7589]},"properties":{"station":"IMS","name":"Madison","state":"IN","country":"US","elevation":242.6147}},{"type":"Feature","id":"IMT","geometry":{"type":"Point","coordinates":[-88.1146,45.8184]},"properties":{"station":"IMT","name":"IRON MOUNTAIN","state":"MI","country":"US","elevation":349}},{"type":"Feature","id":"IND","geometry":{"type":"Point","coordinates":[-86.3048,39.7084]},"properties":{"station":"IND","name":"INDIANAPOLIS","state":"IN","country":"US","elevation":241}},{"type":"Feature","id":"INF","geometry":{"type":"Point","coordinates":[-82.3182,28.8036]},"properties":{"station":"INF","name":"Inverness","state":"FL","country":"US","elevation":15.732533}},{"type":"Feature","id":"INJ","geometry":{"type":"Point","coordinates":[-97.0972,32.0836]},"properties":{"station":"INJ","name":"HILLSBORO","state":"TX","country":"US","elevation":209}},{"type":"Feature","id":"INK","geometry":{"type":"Point","coordinates":[-103.2,31.78]},"properties":{"station":"INK","name":"WINK/WINKLER CO.","state":"TX","country":"US","elevation":859}},{"type":"Feature","id":"INL","geometry":{"type":"Point","coordinates":[-93.3956,48.5595]},"properties":{"station":"INL","name":"International Falls","state":"MN","country":"US","elevation":350.14554}},{"type":"Feature","id":"INS","geometry":{"type":"Point","coordinates":[-115.6733,36.5872]},"properties":{"station":"INS","name":"INDIAN SPRINGS","state":"NV","country":"US","elevation":955}},{"type":"Feature","id":"INT","geometry":{"type":"Point","coordinates":[-80.222,36.1337]},"properties":{"station":"INT","name":"WINSTON-SALEM/SMITH_(ASOS)","state":"NC","country":"US","elevation":296}},{"type":"Feature","id":"INW","geometry":{"type":"Point","coordinates":[-110.7225,35.0219]},"properties":{"station":"INW","name":"WINSLOW (AUT)","state":"AZ","country":"US","elevation":1488}},{"type":"Feature","id":"IOB","geometry":{"type":"Point","coordinates":[-83.9829,38.0575]},"properties":{"station":"IOB","name":"Mount Sterling","state":"KY","country":"US","elevation":306.06656}},{"type":"Feature","id":"IOW","geometry":{"type":"Point","coordinates":[-91.5445,41.6394]},"properties":{"station":"IOW","name":"IOWA CITY","state":"IA","country":"US","elevation":204}},{"type":"Feature","id":"IPJ","geometry":{"type":"Point","coordinates":[-81.1612,35.4833]},"properties":{"station":"IPJ","name":"LINCOLNTON","state":"NC","country":"US","elevation":267}},{"type":"Feature","id":"IPL","geometry":{"type":"Point","coordinates":[-115.5787,32.8342]},"properties":{"station":"IPL","name":"IMPERIAL","state":"CA","country":"US","elevation":-15}},{"type":"Feature","id":"IPT","geometry":{"type":"Point","coordinates":[-76.9217,41.2433]},"properties":{"station":"IPT","name":"WILLIAMSPORT","state":"PA","country":"US","elevation":160}},{"type":"Feature","id":"IRK","geometry":{"type":"Point","coordinates":[-92.5433,40.0972]},"properties":{"station":"IRK","name":"KIRKSVILLE","state":"MO","country":"US","elevation":293}},{"type":"Feature","id":"IRS","geometry":{"type":"Point","coordinates":[-85.4389,41.8133]},"properties":{"station":"IRS","name":"STURGIS/KIRSCH","state":"MI","country":"US","elevation":282}},{"type":"Feature","id":"ISM","geometry":{"type":"Point","coordinates":[-81.44,28.29]},"properties":{"station":"ISM","name":"KISSIMMEE MUNI AIRPORT/ORLANDO","state":"FL","country":"US","elevation":25}},{"type":"Feature","id":"ISO","geometry":{"type":"Point","coordinates":[-77.61,35.33]},"properties":{"station":"ISO","name":"KINSTON/STALLINGS","state":"NC","country":"US","elevation":29}},{"type":"Feature","id":"ISP","geometry":{"type":"Point","coordinates":[-73.1017,40.7939]},"properties":{"station":"ISP","name":"ISLIP/MACARTHUR","state":"NY","country":"US","elevation":30}},{"type":"Feature","id":"ISQ","geometry":{"type":"Point","coordinates":[-86.1718,45.9746]},"properties":{"station":"ISQ","name":"MANISTIQUE","state":"MI","country":"US","elevation":209}},{"type":"Feature","id":"ISW","geometry":{"type":"Point","coordinates":[-89.8369,44.3592]},"properties":{"station":"ISW","name":"WISCONSIN RAPIDS","state":"WI","country":"US","elevation":307}},{"type":"Feature","id":"ITH","geometry":{"type":"Point","coordinates":[-76.4584,42.491]},"properties":{"station":"ITH","name":"Ithaca","state":"NY","country":"US","elevation":335}},{"type":"Feature","id":"ITR","geometry":{"type":"Point","coordinates":[-102.2854,39.2425]},"properties":{"station":"ITR","name":"BURLINGTON","state":"CO","country":"US","elevation":1285}},{"type":"Feature","id":"IUA","geometry":{"type":"Point","coordinates":[-77.3252,42.9089]},"properties":{"station":"IUA","name":"Canandaigua","state":"NY","country":"US","elevation":244.59789}},{"type":"Feature","id":"IWA","geometry":{"type":"Point","coordinates":[-111.6555,33.3078]},"properties":{"station":"IWA","name":"WILLIAMS AFB/CHANDL","state":"AZ","country":"US","elevation":422}},{"type":"Feature","id":"IWD","geometry":{"type":"Point","coordinates":[-90.1314,46.5275]},"properties":{"station":"IWD","name":"IRONWOOD","state":"MI","country":"US","elevation":375}},{"type":"Feature","id":"IWI","geometry":{"type":"Point","coordinates":[-69.7126,43.9614]},"properties":{"station":"IWI","name":"WISCASSET","state":"ME","country":"US","elevation":21}},{"type":"Feature","id":"IXA","geometry":{"type":"Point","coordinates":[-77.6352,36.3298]},"properties":{"station":"IXA","name":"Roanoke Rapids","state":"NC","country":"US","elevation":44}},{"type":"Feature","id":"IXD","geometry":{"type":"Point","coordinates":[-94.8903,38.8309]},"properties":{"station":"IXD","name":"Olathe","state":"KS","country":"US","elevation":343}},{"type":"Feature","id":"IYA","geometry":{"type":"Point","coordinates":[-92.0842,29.9758]},"properties":{"station":"IYA","name":"Abbeville","state":"LA","country":"US","elevation":5}},{"type":"Feature","id":"IZA","geometry":{"type":"Point","coordinates":[-120.0756,34.6068]},"properties":{"station":"IZA","name":"SANTA YNEZ","state":"CA","country":"US","elevation":205}},{"type":"Feature","id":"IZG","geometry":{"type":"Point","coordinates":[-70.9479,43.9911]},"properties":{"station":"IZG","name":"FRYEBERG","state":"ME","country":"US","elevation":138}},{"type":"Feature","id":"JAC","geometry":{"type":"Point","coordinates":[-110.737,43.6128]},"properties":{"station":"JAC","name":"JACKSON HOLE (AWOS)","state":"WY","country":"US","elevation":1964}},{"type":"Feature","id":"JAN","geometry":{"type":"Point","coordinates":[-90.08,32.32]},"properties":{"station":"JAN","name":"JACKSON/THOMPSON","state":"MS","country":"US","elevation":101}},{"type":"Feature","id":"JAQ","geometry":{"type":"Point","coordinates":[-120.7943,38.3742]},"properties":{"station":"JAQ","name":"Jackson","state":"CA","country":"US","elevation":511.72168}},{"type":"Feature","id":"JAS","geometry":{"type":"Point","coordinates":[-94.0349,30.8857]},"properties":{"station":"JAS","name":"JASPER COUNTY-BELL FIELD AIRPORT","state":"TX","country":"US","elevation":65}},{"type":"Feature","id":"JAU","geometry":{"type":"Point","coordinates":[-84.163,36.3341]},"properties":{"station":"JAU","name":"Jacksboro","state":"TN","country":"US","elevation":349.91208}},{"type":"Feature","id":"JAX","geometry":{"type":"Point","coordinates":[-81.6879,30.4941]},"properties":{"station":"JAX","name":"Jacksonville Intl","state":"FL","country":"US","elevation":6}},{"type":"Feature","id":"JBR","geometry":{"type":"Point","coordinates":[-90.6442,35.8357]},"properties":{"station":"JBR","name":"Jonesboro","state":"AR","country":"US","elevation":79}},{"type":"Feature","id":"JCA","geometry":{"type":"Point","coordinates":[-83.5583,34.1739]},"properties":{"station":"JCA","name":"Jefferson","state":"GA","country":"US","elevation":283.64853}},{"type":"Feature","id":"JCT","geometry":{"type":"Point","coordinates":[-99.7664,30.5108]},"properties":{"station":"JCT","name":"Junction - Kimble County","state":"TX","country":"US","elevation":522}},{"type":"Feature","id":"JDD","geometry":{"type":"Point","coordinates":[-95.4965,32.7422]},"properties":{"station":"JDD","name":"MINEOLA/QUITMAN","state":"TX","country":"US","elevation":132}},{"type":"Feature","id":"JDN","geometry":{"type":"Point","coordinates":[-106.9475,47.3258]},"properties":{"station":"JDN","name":"JORDAN (RAMOS)","state":"MT","country":"US","elevation":811}},{"type":"Feature","id":"JEF","geometry":{"type":"Point","coordinates":[-92.1561,38.5912]},"properties":{"station":"JEF","name":"JEFFERSON CITY","state":"MO","country":"US","elevation":168}},{"type":"Feature","id":"JER","geometry":{"type":"Point","coordinates":[-114.4566,42.7267]},"properties":{"station":"JER","name":"JEROME COUNTY AIRPORT","state":"ID","country":"US","elevation":1222}},{"type":"Feature","id":"JES","geometry":{"type":"Point","coordinates":[-81.8825,31.554]},"properties":{"station":"JES","name":"Jesup","state":"GA","country":"US","elevation":32.6}},{"type":"Feature","id":"JFK","geometry":{"type":"Point","coordinates":[-73.7622,40.6386]},"properties":{"station":"JFK","name":"NEW YORK/JF KENNEDY","state":"NY","country":"US","elevation":7}},{"type":"Feature","id":"JFX","geometry":{"type":"Point","coordinates":[-87.3142,33.902]},"properties":{"station":"JFX","name":"Manchester","state":"AL","country":"US","elevation":147}},{"type":"Feature","id":"JFZ","geometry":{"type":"Point","coordinates":[-81.7983,37.0637]},"properties":{"station":"JFZ","name":"Richlands","state":"VA","country":"US","elevation":808.6}},{"type":"Feature","id":"JGG","geometry":{"type":"Point","coordinates":[-76.7161,37.2392]},"properties":{"station":"JGG","name":"WILLIAMSBURG","state":"VA","country":"US","elevation":15}},{"type":"Feature","id":"JHN","geometry":{"type":"Point","coordinates":[-101.7304,37.5782]},"properties":{"station":"JHN","name":"Johnson","state":"KS","country":"US","elevation":1012.7145}},{"type":"Feature","id":"JHW","geometry":{"type":"Point","coordinates":[-79.258,42.1534]},"properties":{"station":"JHW","name":"JAMESTOWN (AWOS)","state":"NY","country":"US","elevation":525}},{"type":"Feature","id":"JKA","geometry":{"type":"Point","coordinates":[-87.6718,30.2905]},"properties":{"station":"JKA","name":"Gulf Shores","state":"AL","country":"US","elevation":4.9}},{"type":"Feature","id":"JKJ","geometry":{"type":"Point","coordinates":[-96.664,46.8393]},"properties":{"station":"JKJ","name":"MOORHEAD MUNI","state":"MN","country":"US","elevation":280}},{"type":"Feature","id":"JKL","geometry":{"type":"Point","coordinates":[-83.3144,37.5914]},"properties":{"station":"JKL","name":"JACKSON/J. CARROLL","state":"KY","country":"US","elevation":421}},{"type":"Feature","id":"JLN","geometry":{"type":"Point","coordinates":[-94.4952,37.1522]},"properties":{"station":"JLN","name":"Joplin","state":"MO","country":"US","elevation":293.32205}},{"type":"Feature","id":"JMR","geometry":{"type":"Point","coordinates":[-93.2718,45.8861]},"properties":{"station":"JMR","name":"MORA","state":"MN","country":"US","elevation":309}},{"type":"Feature","id":"JMS","geometry":{"type":"Point","coordinates":[-98.68,46.93]},"properties":{"station":"JMS","name":"JAMESTOWN","state":"ND","country":"US","elevation":457}},{"type":"Feature","id":"JNX","geometry":{"type":"Point","coordinates":[-78.3903,35.5409]},"properties":{"station":"JNX","name":"SMITHFIELD","state":"NC","country":"US","elevation":50}},{"type":"Feature","id":"JOT","geometry":{"type":"Point","coordinates":[-88.1756,41.5177]},"properties":{"station":"JOT","name":"JOLIET","state":"IL","country":"US","elevation":177}},{"type":"Feature","id":"JPX","geometry":{"type":"Point","coordinates":[-72.2517,40.9594]},"properties":{"station":"JPX","name":"East Hampton","state":"NY","country":"US","elevation":11}},{"type":"Feature","id":"JQF","geometry":{"type":"Point","coordinates":[-80.7091,35.3878]},"properties":{"station":"JQF","name":"CONCORD","state":"NC","country":"US","elevation":210}},{"type":"Feature","id":"JRB","geometry":{"type":"Point","coordinates":[-74.009,40.7012]},"properties":{"station":"JRB","name":"Manhattan - Wall Street","state":"NY","country":"US","elevation":0}},{"type":"Feature","id":"JRO","geometry":{"type":"Point","coordinates":[-82.5778,38.9814]},"properties":{"station":"JRO","name":"Jackson","state":"OH","country":"US","elevation":218}},{"type":"Feature","id":"JSL","geometry":{"type":"Point","coordinates":[-91.2567,26.2367]},"properties":{"station":"JSL","name":"Unnamed Oil Rig","state":"LA","country":"US","elevation":0}},{"type":"Feature","id":"JSO","geometry":{"type":"Point","coordinates":[-95.22,31.87]},"properties":{"station":"JSO","name":"JACKSONVILLE","state":"TX","country":"US","elevation":206}},{"type":"Feature","id":"JST","geometry":{"type":"Point","coordinates":[-78.8339,40.3161]},"properties":{"station":"JST","name":"JOHNSTOWN/CAMBRIA","state":"PA","country":"US","elevation":696}},{"type":"Feature","id":"JSV","geometry":{"type":"Point","coordinates":[-94.8028,35.4381]},"properties":{"station":"JSV","name":"SALLISAW MUNI AIRPORT","state":"OK","country":"US","elevation":161}},{"type":"Feature","id":"JSY","geometry":{"type":"Point","coordinates":[-117.2538,45.3595]},"properties":{"station":"JSY","name":"Joseph State","state":"OR","country":"US","elevation":1246.3575}},{"type":"Feature","id":"JTC","geometry":{"type":"Point","coordinates":[-109.3109,34.1294]},"properties":{"station":"JTC","name":"Springerville","state":"AZ","country":"US","elevation":2148.3633}},{"type":"Feature","id":"JVL","geometry":{"type":"Point","coordinates":[-89.0416,42.6202]},"properties":{"station":"JVL","name":"JANESVILLE/ROCK","state":"WI","country":"US","elevation":246}},{"type":"Feature","id":"JVW","geometry":{"type":"Point","coordinates":[-90.4105,32.3045]},"properties":{"station":"JVW","name":"Raymond","state":"MS","country":"US","elevation":75}},{"type":"Feature","id":"JVY","geometry":{"type":"Point","coordinates":[-85.7382,38.3654]},"properties":{"station":"JVY","name":"Jefferson","state":"IN","country":"US","elevation":142.65685}},{"type":"Feature","id":"JWG","geometry":{"type":"Point","coordinates":[-98.4207,35.8647]},"properties":{"station":"JWG","name":"WATONGA","state":"OK","country":"US","elevation":472}},{"type":"Feature","id":"JWN","geometry":{"type":"Point","coordinates":[-86.8867,36.1824]},"properties":{"station":"JWN","name":"John C Tune","state":"TN","country":"US","elevation":147}},{"type":"Feature","id":"JWY","geometry":{"type":"Point","coordinates":[-96.9125,32.4561]},"properties":{"station":"JWY","name":"MIDLOTHIAN/WAXAC","state":"TX","country":"US","elevation":217}},{"type":"Feature","id":"JXI","geometry":{"type":"Point","coordinates":[-94.95,32.7]},"properties":{"station":"JXI","name":"GILMER/FOX_STEPHENS_FIELD","state":"TX","country":"US","elevation":127}},{"type":"Feature","id":"JXN","geometry":{"type":"Point","coordinates":[-84.4594,42.2598]},"properties":{"station":"JXN","name":"JACKSON/REYNOLDS","state":"MI","country":"US","elevation":305}},{"type":"Feature","id":"JYG","geometry":{"type":"Point","coordinates":[-94.5579,43.9863]},"properties":{"station":"JYG","name":"ST. JAMES","state":"MN","country":"US","elevation":325}},{"type":"Feature","id":"JYL","geometry":{"type":"Point","coordinates":[-81.5971,32.6453]},"properties":{"station":"JYL","name":"SYLVANIA","state":"GA","country":"US","elevation":57}},{"type":"Feature","id":"JYM","geometry":{"type":"Point","coordinates":[-84.5858,41.9213]},"properties":{"station":"JYM","name":"HILLSDALE","state":"MI","country":"US","elevation":360}},{"type":"Feature","id":"JYO","geometry":{"type":"Point","coordinates":[-77.5575,39.078]},"properties":{"station":"JYO","name":"LEESBURG/GODFREY","state":"VA","country":"US","elevation":119}},{"type":"Feature","id":"JYR","geometry":{"type":"Point","coordinates":[-97.6228,40.8967]},"properties":{"station":"JYR","name":"York","state":"NE","country":"US","elevation":504.6396}},{"type":"Feature","id":"JZI","geometry":{"type":"Point","coordinates":[-80.0029,32.7009]},"properties":{"station":"JZI","name":"Charleston Exec","state":"SC","country":"US","elevation":5.2}},{"type":"Feature","id":"K24","geometry":{"type":"Point","coordinates":[-85.1027,37.0097]},"properties":{"station":"K24","name":"Jamestown","state":"KY","country":"US","elevation":303}},{"type":"Feature","id":"K62","geometry":{"type":"Point","coordinates":[-84.3918,38.7041]},"properties":{"station":"K62","name":"Falmouth","state":"KY","country":"US","elevation":272}},{"type":"Feature","id":"K70","geometry":{"type":"Point","coordinates":[-80.2757,25.3243]},"properties":{"station":"K70","name":"Key Largo - Ocean Reef","state":"FL","country":"US","elevation":1}},{"type":"Feature","id":"K82","geometry":{"type":"Point","coordinates":[-98.7934,39.7611]},"properties":{"station":"K82","name":"Smith Center","state":"KS","country":"US","elevation":548.45166}},{"type":"Feature","id":"K83","geometry":{"type":"Point","coordinates":[-95.7794,39.9042]},"properties":{"station":"K83","name":"Sabetha","state":"KS","country":"US","elevation":403}},{"type":"Feature","id":"K88","geometry":{"type":"Point","coordinates":[-95.3869,37.8682]},"properties":{"station":"K88","name":"Iola","state":"KS","country":"US","elevation":306.19186}},{"type":"Feature","id":"KLS","geometry":{"type":"Point","coordinates":[-122.9,46.12]},"properties":{"station":"KLS","name":"KELSO-LONGVEIW AWOS","state":"WA","country":"US","elevation":5}},{"type":"Feature","id":"KNB","geometry":{"type":"Point","coordinates":[-112.5312,37.0111]},"properties":{"station":"KNB","name":"Kanab","state":"UT","country":"US","elevation":1475.7844}},{"type":"Feature","id":"KY8","geometry":{"type":"Point","coordinates":[-86.8592,37.953]},"properties":{"station":"KY8","name":"Hancock","state":"KY","country":"US","elevation":120.59273}},{"type":"Feature","id":"L08","geometry":{"type":"Point","coordinates":[-116.321,33.259]},"properties":{"station":"L08","name":"Borrego Springs","state":"CA","country":"US","elevation":160.0246}},{"type":"Feature","id":"L18","geometry":{"type":"Point","coordinates":[-117.2509,33.3542]},"properties":{"station":"L18","name":"Fallbrook","state":"CA","country":"US","elevation":213.52832}},{"type":"Feature","id":"L35","geometry":{"type":"Point","coordinates":[-116.856,34.2638]},"properties":{"station":"L35","name":"Big Bear City","state":"CA","country":"US","elevation":2058}},{"type":"Feature","id":"LAA","geometry":{"type":"Point","coordinates":[-102.6881,38.07]},"properties":{"station":"LAA","name":"LAMAR","state":"CO","country":"US","elevation":1103}},{"type":"Feature","id":"LAF","geometry":{"type":"Point","coordinates":[-86.9333,40.4148]},"properties":{"station":"LAF","name":"LAFAYETTE","state":"IN","country":"US","elevation":182}},{"type":"Feature","id":"LAL","geometry":{"type":"Point","coordinates":[-82.0186,27.9889]},"properties":{"station":"LAL","name":"LAKELAND REGIONAL","state":"FL","country":"US","elevation":43}},{"type":"Feature","id":"LAM","geometry":{"type":"Point","coordinates":[-106.2694,35.8798]},"properties":{"station":"LAM","name":"LOS ALAMOS","state":"NM","country":"US","elevation":2179}},{"type":"Feature","id":"LAN","geometry":{"type":"Point","coordinates":[-84.58,42.78]},"properties":{"station":"LAN","name":"Lansing","state":"MI","country":"US","elevation":264}},{"type":"Feature","id":"LAR","geometry":{"type":"Point","coordinates":[-105.675,41.3121]},"properties":{"station":"LAR","name":"LARAMIE/GEN. BREES","state":"WY","country":"US","elevation":2218}},{"type":"Feature","id":"LAS","geometry":{"type":"Point","coordinates":[-115.1634,36.0719]},"properties":{"station":"LAS","name":"Las Vegas - Harry Reid Intl","state":"NV","country":"US","elevation":663}},{"type":"Feature","id":"LAW","geometry":{"type":"Point","coordinates":[-98.4166,34.5677]},"properties":{"station":"LAW","name":"LAWTON MUNICIPAL","state":"OK","country":"US","elevation":338}},{"type":"Feature","id":"LAX","geometry":{"type":"Point","coordinates":[-118.3865,33.9382]},"properties":{"station":"LAX","name":"LOS ANGELES INTL","state":"CA","country":"US","elevation":32}},{"type":"Feature","id":"LBB","geometry":{"type":"Point","coordinates":[-101.8228,33.6636]},"properties":{"station":"LBB","name":"LUBBOCK INTL ARPT","state":"TX","country":"US","elevation":988}},{"type":"Feature","id":"LBE","geometry":{"type":"Point","coordinates":[-79.4048,40.2759]},"properties":{"station":"LBE","name":"LATROBE/WESTMORLAND","state":"PA","country":"US","elevation":361}},{"type":"Feature","id":"LBF","geometry":{"type":"Point","coordinates":[-100.669,41.1219]},"properties":{"station":"LBF","name":"North Platte","state":"NE","country":"US","elevation":843.90845}},{"type":"Feature","id":"LBL","geometry":{"type":"Point","coordinates":[-100.9599,37.0442]},"properties":{"station":"LBL","name":"LIBERAL_MUNI","state":"KS","country":"US","elevation":879}},{"type":"Feature","id":"LBO","geometry":{"type":"Point","coordinates":[-92.6524,37.6483]},"properties":{"station":"LBO","name":"Lebanon","state":"MO","country":"US","elevation":401.23248}},{"type":"Feature","id":"LBT","geometry":{"type":"Point","coordinates":[-79.06,34.61]},"properties":{"station":"LBT","name":"Lumberton","state":"NC","country":"US","elevation":38}},{"type":"Feature","id":"LBX","geometry":{"type":"Point","coordinates":[-95.4621,29.1086]},"properties":{"station":"LBX","name":"ANGLETON/LAKE JACKS","state":"TX","country":"US","elevation":8}},{"type":"Feature","id":"LCG","geometry":{"type":"Point","coordinates":[-96.9814,42.2419]},"properties":{"station":"LCG","name":"Wayne","state":"NE","country":"US","elevation":432.5637}},{"type":"Feature","id":"LCH","geometry":{"type":"Point","coordinates":[-93.2277,30.1255]},"properties":{"station":"LCH","name":"Lake Charles","state":"LA","country":"US","elevation":4.7374153}},{"type":"Feature","id":"LCI","geometry":{"type":"Point","coordinates":[-71.4215,43.5735]},"properties":{"station":"LCI","name":"Laconia","state":"NH","country":"US","elevation":161.98643}},{"type":"Feature","id":"LCK","geometry":{"type":"Point","coordinates":[-82.9278,39.8138]},"properties":{"station":"LCK","name":"RICKENBACKER ANG","state":"OH","country":"US","elevation":227}},{"type":"Feature","id":"LCQ","geometry":{"type":"Point","coordinates":[-82.5769,30.1821]},"properties":{"station":"LCQ","name":"Lake City","state":"FL","country":"US","elevation":57}},{"type":"Feature","id":"LDJ","geometry":{"type":"Point","coordinates":[-74.2446,40.6174]},"properties":{"station":"LDJ","name":"Linden","state":"NJ","country":"US","elevation":7}},{"type":"Feature","id":"LDM","geometry":{"type":"Point","coordinates":[-86.4079,43.9625]},"properties":{"station":"LDM","name":"LUDINGTON/MASON","state":"MI","country":"US","elevation":197}},{"type":"Feature","id":"LEB","geometry":{"type":"Point","coordinates":[-72.3042,43.6261]},"properties":{"station":"LEB","name":"LEBANON MUNICIPAL","state":"NH","country":"US","elevation":182}},{"type":"Feature","id":"LEE","geometry":{"type":"Point","coordinates":[-81.81,28.82]},"properties":{"station":"LEE","name":"LEESBURG MUNICIPAL AIRPORT","state":"FL","country":"US","elevation":24}},{"type":"Feature","id":"LEW","geometry":{"type":"Point","coordinates":[-70.2835,44.0485]},"properties":{"station":"LEW","name":"AUBURN-LEWISTON","state":"ME","country":"US","elevation":88}},{"type":"Feature","id":"LEX","geometry":{"type":"Point","coordinates":[-84.6058,38.0408]},"properties":{"station":"LEX","name":"LEXINGTON/BLUEGRASS","state":"KY","country":"US","elevation":301}},{"type":"Feature","id":"LFAC","geometry":{"type":"Point","coordinates":[1.9548,50.9621]},"properties":{"station":"LFAC","name":"Calais-Dunkerque","state":"FR","country":"FR","elevation":1}},{"type":"Feature","id":"LFAQ","geometry":{"type":"Point","coordinates":[2.6977,49.9715]},"properties":{"station":"LFAQ","name":"Albert","state":"FR","country":"FR","elevation":111}},{"type":"Feature","id":"LFAT","geometry":{"type":"Point","coordinates":[1.6228,50.5144]},"properties":{"station":"LFAT","name":"Le Tourquet","state":"FR","country":"FR","elevation":14}},{"type":"Feature","id":"LFBA","geometry":{"type":"Point","coordinates":[0.5947,44.1722]},"properties":{"station":"LFBA","name":"Agen","state":"FR","country":"FR","elevation":60}},{"type":"Feature","id":"LFBC","geometry":{"type":"Point","coordinates":[-1.125,44.5333]},"properties":{"station":"LFBC","name":"Cazaux","state":"FR","country":"FR","elevation":33}},{"type":"Feature","id":"LFBD","geometry":{"type":"Point","coordinates":[-0.6914,44.8306]},"properties":{"station":"LFBD","name":"Bordeaux","state":"FR","country":"FR","elevation":61}},{"type":"Feature","id":"LFBE","geometry":{"type":"Point","coordinates":[0.5164,44.8214]},"properties":{"station":"LFBE","name":"Bergerac","state":"FR","country":"FR","elevation":52}},{"type":"Feature","id":"LFBF","geometry":{"type":"Point","coordinates":[1.3675,43.5456]},"properties":{"station":"LFBF","name":"Toulouse","state":"FR","country":"FR","elevation":166}},{"type":"Feature","id":"LFBG","geometry":{"type":"Point","coordinates":[-0.3167,45.6667]},"properties":{"station":"LFBG","name":"Cognac","state":"FR","country":"FR","elevation":31}},{"type":"Feature","id":"LFBH","geometry":{"type":"Point","coordinates":[-1.1931,46.1781]},"properties":{"station":"LFBH","name":"La Rochelle","state":"FR","country":"FR","elevation":10}},{"type":"Feature","id":"LFBI","geometry":{"type":"Point","coordinates":[0.3144,46.5939]},"properties":{"station":"LFBI","name":"Poitiers","state":"FR","country":"FR","elevation":120}},{"type":"Feature","id":"LFBL","geometry":{"type":"Point","coordinates":[1.175,45.8611]},"properties":{"station":"LFBL","name":"Limoges","state":"FR","country":"FR","elevation":402}},{"type":"Feature","id":"LFBM","geometry":{"type":"Point","coordinates":[-0.5075,43.9117]},"properties":{"station":"LFBM","name":"Mont-de-marsan","state":"FR","country":"FR","elevation":63}},{"type":"Feature","id":"LFBO","geometry":{"type":"Point","coordinates":[1.3789,43.6211]},"properties":{"station":"LFBO","name":"Toulouse","state":"FR","country":"FR","elevation":153}},{"type":"Feature","id":"LFBP","geometry":{"type":"Point","coordinates":[-0.4186,43.38]},"properties":{"station":"LFBP","name":"Pau","state":"FR","country":"FR","elevation":185}},{"type":"Feature","id":"LFBS","geometry":{"type":"Point","coordinates":[-1.132,44.368]},"properties":{"station":"LFBS","name":"Biscarrosse","state":"FR","country":"FR","elevation":30}},{"type":"Feature","id":"LFBT","geometry":{"type":"Point","coordinates":[0,43.1881]},"properties":{"station":"LFBT","name":"Tarbes","state":"FR","country":"FR","elevation":363}},{"type":"Feature","id":"LFBU","geometry":{"type":"Point","coordinates":[0.2215,45.7292]},"properties":{"station":"LFBU","name":"Angouleme","state":"FR","country":"FR","elevation":133}},{"type":"Feature","id":"LFBX","geometry":{"type":"Point","coordinates":[0.8156,45.1981]},"properties":{"station":"LFBX","name":"Perigueux","state":"FR","country":"FR","elevation":95.95018}},{"type":"Feature","id":"LFBY","geometry":{"type":"Point","coordinates":[-1.07,43.6897]},"properties":{"station":"LFBY","name":"DAX SEYRESSE","state":"FR","country":"FR","elevation":32}},{"type":"Feature","id":"LFBZ","geometry":{"type":"Point","coordinates":[-1.5344,43.4694]},"properties":{"station":"LFBZ","name":"Biarritz-bayonne","state":"FR","country":"FR","elevation":71}},{"type":"Feature","id":"LFCK","geometry":{"type":"Point","coordinates":[2.2892,43.5562]},"properties":{"station":"LFCK","name":"Castres","state":"FR","country":"FR","elevation":227.67433}},{"type":"Feature","id":"LFCR","geometry":{"type":"Point","coordinates":[2.4825,44.4103]},"properties":{"station":"LFCR","name":"Rodez","state":"FR","country":"FR","elevation":580}},{"type":"Feature","id":"LFGA","geometry":{"type":"Point","coordinates":[7.359,48.1099]},"properties":{"station":"LFGA","name":"Colmar","state":"FR","country":"FR","elevation":183.72566}},{"type":"Feature","id":"LFGJ","geometry":{"type":"Point","coordinates":[5.4272,47.0439]},"properties":{"station":"LFGJ","name":"Dole","state":"FR","country":"FR","elevation":196}},{"type":"Feature","id":"LFHP","geometry":{"type":"Point","coordinates":[3.7639,45.0744]},"properties":{"station":"LFHP","name":"Le Puy","state":"FR","country":"FR","elevation":833}},{"type":"Feature","id":"LFI","geometry":{"type":"Point","coordinates":[-76.3605,37.0828]},"properties":{"station":"LFI","name":"LANGLEY AFB/HAMPTON","state":"VA","country":"US","elevation":3}},{"type":"Feature","id":"LFJL","geometry":{"type":"Point","coordinates":[6.2431,48.9794]},"properties":{"station":"LFJL","name":"Metz","state":"FR","country":"FR","elevation":264}},{"type":"Feature","id":"LFJR","geometry":{"type":"Point","coordinates":[-0.3122,47.5603]},"properties":{"station":"LFJR","name":"Angers/Marcé","state":"FR","country":"FR","elevation":60}},{"type":"Feature","id":"LFK","geometry":{"type":"Point","coordinates":[-94.75,31.234]},"properties":{"station":"LFK","name":"LUFKIN/ANGELINA CO.","state":"TX","country":"US","elevation":88}},{"type":"Feature","id":"LFKB","geometry":{"type":"Point","coordinates":[9.4853,42.5406]},"properties":{"station":"LFKB","name":"Bastia","state":"FR","country":"FR","elevation":12}},{"type":"Feature","id":"LFKC","geometry":{"type":"Point","coordinates":[8.7911,42.5228]},"properties":{"station":"LFKC","name":"Calvi","state":"FR","country":"FR","elevation":58}},{"type":"Feature","id":"LFKF","geometry":{"type":"Point","coordinates":[9.0978,41.5006]},"properties":{"station":"LFKF","name":"Figari","state":"FR","country":"FR","elevation":23}},{"type":"Feature","id":"LFKJ","geometry":{"type":"Point","coordinates":[8.7928,41.9306]},"properties":{"station":"LFKJ","name":"Ajaccio","state":"FR","country":"FR","elevation":9}},{"type":"Feature","id":"LFKS","geometry":{"type":"Point","coordinates":[9.3967,41.9233]},"properties":{"station":"LFKS","name":"Solenzara","state":"FR","country":"FR","elevation":22}},{"type":"Feature","id":"LFLB","geometry":{"type":"Point","coordinates":[5.8831,45.6367]},"properties":{"station":"LFLB","name":"Chambery","state":"FR","country":"FR","elevation":239}},{"type":"Feature","id":"LFLC","geometry":{"type":"Point","coordinates":[3.1494,45.7869]},"properties":{"station":"LFLC","name":"Clermont-Ferrand","state":"FR","country":"FR","elevation":330}},{"type":"Feature","id":"LFLL","geometry":{"type":"Point","coordinates":[5.0778,45.7264]},"properties":{"station":"LFLL","name":"Lyon","state":"FR","country":"FR","elevation":240}},{"type":"Feature","id":"LFLN","geometry":{"type":"Point","coordinates":[4.0247,46.4119]},"properties":{"station":"LFLN","name":"St.-yan","state":"FR","country":"FR","elevation":244}},{"type":"Feature","id":"LFLP","geometry":{"type":"Point","coordinates":[6.1058,45.9297]},"properties":{"station":"LFLP","name":"Annecy","state":"FR","country":"FR","elevation":463}},{"type":"Feature","id":"LFLS","geometry":{"type":"Point","coordinates":[5.3294,45.3629]},"properties":{"station":"LFLS","name":"Grenoble","state":"FR","country":"FR","elevation":386}},{"type":"Feature","id":"LFLU","geometry":{"type":"Point","coordinates":[4.9699,44.9216]},"properties":{"station":"LFLU","name":"Valence","state":"FR","country":"FR","elevation":160.19559}},{"type":"Feature","id":"LFLV","geometry":{"type":"Point","coordinates":[3.3986,46.1667]},"properties":{"station":"LFLV","name":"Vichy","state":"FR","country":"FR","elevation":251}},{"type":"Feature","id":"LFLW","geometry":{"type":"Point","coordinates":[2.4211,44.8986]},"properties":{"station":"LFLW","name":"Aurillac","state":"FR","country":"FR","elevation":639}},{"type":"Feature","id":"LFLX","geometry":{"type":"Point","coordinates":[1.7411,46.8697]},"properties":{"station":"LFLX","name":"Chateauroux","state":"FR","country":"FR","elevation":157}},{"type":"Feature","id":"LFLY","geometry":{"type":"Point","coordinates":[4.9378,45.7261]},"properties":{"station":"LFLY","name":"Lyon","state":"FR","country":"FR","elevation":201}},{"type":"Feature","id":"LFMC","geometry":{"type":"Point","coordinates":[6.3864,43.3831]},"properties":{"station":"LFMC","name":"Le Luc","state":"FR","country":"FR","elevation":78}},{"type":"Feature","id":"LFMD","geometry":{"type":"Point","coordinates":[6.9539,43.5458]},"properties":{"station":"LFMD","name":"Cannes","state":"FR","country":"FR","elevation":9}},{"type":"Feature","id":"LFMH","geometry":{"type":"Point","coordinates":[4.2933,45.5331]},"properties":{"station":"LFMH","name":"St-Etienne","state":"FR","country":"FR","elevation":402}},{"type":"Feature","id":"LFMI","geometry":{"type":"Point","coordinates":[4.9222,43.5231]},"properties":{"station":"LFMI","name":"Istres","state":"FR","country":"FR","elevation":24}},{"type":"Feature","id":"LFMK","geometry":{"type":"Point","coordinates":[2.3063,43.216]},"properties":{"station":"LFMK","name":"Carcassonne","state":"FR","country":"FR","elevation":130}},{"type":"Feature","id":"LFML","geometry":{"type":"Point","coordinates":[5.2267,43.4417]},"properties":{"station":"LFML","name":"Marseille","state":"FR","country":"FR","elevation":36}},{"type":"Feature","id":"LFMN","geometry":{"type":"Point","coordinates":[7.2089,43.6489]},"properties":{"station":"LFMN","name":"Nice","state":"FR","country":"FR","elevation":10}},{"type":"Feature","id":"LFMO","geometry":{"type":"Point","coordinates":[4.8611,44.1447]},"properties":{"station":"LFMO","name":"Orange","state":"FR","country":"FR","elevation":55}},{"type":"Feature","id":"LFMP","geometry":{"type":"Point","coordinates":[2.8728,42.7372]},"properties":{"station":"LFMP","name":"Perpignan","state":"FR","country":"FR","elevation":48}},{"type":"Feature","id":"LFMT","geometry":{"type":"Point","coordinates":[3.9631,43.5769]},"properties":{"station":"LFMT","name":"Montpellier","state":"FR","country":"FR","elevation":6}},{"type":"Feature","id":"LFMU","geometry":{"type":"Point","coordinates":[3.3539,43.3235]},"properties":{"station":"LFMU","name":"Beziers","state":"FR","country":"FR","elevation":17}},{"type":"Feature","id":"LFMV","geometry":{"type":"Point","coordinates":[4.9018,43.9073]},"properties":{"station":"LFMV","name":"Avignon","state":"FR","country":"FR","elevation":38}},{"type":"Feature","id":"LFMY","geometry":{"type":"Point","coordinates":[5.1083,43.6033]},"properties":{"station":"LFMY","name":"Salon","state":"FR","country":"FR","elevation":60}},{"type":"Feature","id":"LFOA","geometry":{"type":"Point","coordinates":[2.6325,47.0533]},"properties":{"station":"LFOA","name":"Avord","state":"FR","country":"FR","elevation":179}},{"type":"Feature","id":"LFOB","geometry":{"type":"Point","coordinates":[2.1272,49.4464]},"properties":{"station":"LFOB","name":"Beauvais","state":"FR","country":"FR","elevation":111}},{"type":"Feature","id":"LFOE","geometry":{"type":"Point","coordinates":[1.2217,49.025]},"properties":{"station":"LFOE","name":"Evreux","state":"FR","country":"FR","elevation":146}},{"type":"Feature","id":"LFOH","geometry":{"type":"Point","coordinates":[0.0711,49.5089]},"properties":{"station":"LFOH","name":"Le Havre","state":"FR","country":"FR","elevation":103}},{"type":"Feature","id":"LFOJ","geometry":{"type":"Point","coordinates":[1.7767,47.9833]},"properties":{"station":"LFOJ","name":"Orleans","state":"FR","country":"FR","elevation":125}},{"type":"Feature","id":"LFOK","geometry":{"type":"Point","coordinates":[4.1908,48.7805]},"properties":{"station":"LFOK","name":"Chalons","state":"FR","country":"FR","elevation":162}},{"type":"Feature","id":"LFOP","geometry":{"type":"Point","coordinates":[1.1814,49.3831]},"properties":{"station":"LFOP","name":"Rouen","state":"FR","country":"FR","elevation":157}},{"type":"Feature","id":"LFOT","geometry":{"type":"Point","coordinates":[0.7272,47.4444]},"properties":{"station":"LFOT","name":"Tours","state":"FR","country":"FR","elevation":108}},{"type":"Feature","id":"LFOV","geometry":{"type":"Point","coordinates":[-0.743,48.0314]},"properties":{"station":"LFOV","name":"Laval","state":"FR","country":"FR","elevation":100.10286}},{"type":"Feature","id":"LFOZ","geometry":{"type":"Point","coordinates":[2.163,47.897]},"properties":{"station":"LFOZ","name":"Orleans","state":"FR","country":"FR","elevation":115}},{"type":"Feature","id":"LFPB","geometry":{"type":"Point","coordinates":[2.4272,48.9672]},"properties":{"station":"LFPB","name":"Paris","state":"FR","country":"FR","elevation":65}},{"type":"Feature","id":"LFPG","geometry":{"type":"Point","coordinates":[2.5344,49.0153]},"properties":{"station":"LFPG","name":"Paris","state":"FR","country":"FR","elevation":109}},{"type":"Feature","id":"LFPM","geometry":{"type":"Point","coordinates":[2.6794,48.6103]},"properties":{"station":"LFPM","name":"Melun","state":"FR","country":"FR","elevation":92}},{"type":"Feature","id":"LFPN","geometry":{"type":"Point","coordinates":[2.1136,48.7506]},"properties":{"station":"LFPN","name":"Toussous-le-noble","state":"FR","country":"FR","elevation":164}},{"type":"Feature","id":"LFPO","geometry":{"type":"Point","coordinates":[2.3833,48.7167]},"properties":{"station":"LFPO","name":"Paris","state":"FR","country":"FR","elevation":96}},{"type":"Feature","id":"LFPT","geometry":{"type":"Point","coordinates":[2.0408,49.0966]},"properties":{"station":"LFPT","name":"Pontoise","state":"FR","country":"FR","elevation":99}},{"type":"Feature","id":"LFPV","geometry":{"type":"Point","coordinates":[2.2015,48.7744]},"properties":{"station":"LFPV","name":"Villacoublay","state":"FR","country":"FR","elevation":179}},{"type":"Feature","id":"LFQA","geometry":{"type":"Point","coordinates":[4.1566,49.2087]},"properties":{"station":"LFQA","name":"Reims","state":"FR","country":"FR","elevation":90.89307}},{"type":"Feature","id":"LFQB","geometry":{"type":"Point","coordinates":[4.02,48.3247]},"properties":{"station":"LFQB","name":"Troyes","state":"FR","country":"FR","elevation":118}},{"type":"Feature","id":"LFQG","geometry":{"type":"Point","coordinates":[3.1128,46.9983]},"properties":{"station":"LFQG","name":"Nevers","state":"FR","country":"FR","elevation":181}},{"type":"Feature","id":"LFQQ","geometry":{"type":"Point","coordinates":[3.0975,50.57]},"properties":{"station":"LFQQ","name":"Lille","state":"FR","country":"FR","elevation":52}},{"type":"Feature","id":"LFRB","geometry":{"type":"Point","coordinates":[-4.4119,48.4442]},"properties":{"station":"LFRB","name":"Brest","state":"FR","country":"FR","elevation":103}},{"type":"Feature","id":"LFRC","geometry":{"type":"Point","coordinates":[-1.4781,49.6475]},"properties":{"station":"LFRC","name":"Cherbourg","state":"FR","country":"FR","elevation":138}},{"type":"Feature","id":"LFRD","geometry":{"type":"Point","coordinates":[-2.0748,48.5889]},"properties":{"station":"LFRD","name":"Dinard","state":"FR","country":"FR","elevation":59}},{"type":"Feature","id":"LFRG","geometry":{"type":"Point","coordinates":[0.1669,49.3644]},"properties":{"station":"LFRG","name":"Deauville","state":"FR","country":"FR","elevation":146}},{"type":"Feature","id":"LFRH","geometry":{"type":"Point","coordinates":[-3.4428,47.7686]},"properties":{"station":"LFRH","name":"Lorient","state":"FR","country":"FR","elevation":44}},{"type":"Feature","id":"LFRI","geometry":{"type":"Point","coordinates":[-1.3789,46.7]},"properties":{"station":"LFRI","name":"La Roche-sur-yon","state":"FR","country":"FR","elevation":91}},{"type":"Feature","id":"LFRJ","geometry":{"type":"Point","coordinates":[-4.1516,48.5303]},"properties":{"station":"LFRJ","name":"Landivisiau","state":"FR","country":"FR","elevation":115}},{"type":"Feature","id":"LFRK","geometry":{"type":"Point","coordinates":[-0.4561,49.18]},"properties":{"station":"LFRK","name":"Caen","state":"FR","country":"FR","elevation":67}},{"type":"Feature","id":"LFRL","geometry":{"type":"Point","coordinates":[-4.445,48.2817]},"properties":{"station":"LFRL","name":"Lanvedoc","state":"FR","country":"FR","elevation":82}},{"type":"Feature","id":"LFRM","geometry":{"type":"Point","coordinates":[0.1939,47.9458]},"properties":{"station":"LFRM","name":"Le Mans","state":"FR","country":"FR","elevation":52}},{"type":"Feature","id":"LFRN","geometry":{"type":"Point","coordinates":[-1.7339,48.0689]},"properties":{"station":"LFRN","name":"Rennes","state":"FR","country":"FR","elevation":37}},{"type":"Feature","id":"LFRO","geometry":{"type":"Point","coordinates":[-3.4686,48.7553]},"properties":{"station":"LFRO","name":"Lannion","state":"FR","country":"FR","elevation":89}},{"type":"Feature","id":"LFRQ","geometry":{"type":"Point","coordinates":[-4.1725,47.9728]},"properties":{"station":"LFRQ","name":"Quimper","state":"FR","country":"FR","elevation":94}},{"type":"Feature","id":"LFRS","geometry":{"type":"Point","coordinates":[-1.6089,47.15]},"properties":{"station":"LFRS","name":"Nantes","state":"FR","country":"FR","elevation":27}},{"type":"Feature","id":"LFRT","geometry":{"type":"Point","coordinates":[-2.8531,48.5364]},"properties":{"station":"LFRT","name":"St.-brieuc Armor","state":"FR","country":"FR","elevation":136}},{"type":"Feature","id":"LFRU","geometry":{"type":"Point","coordinates":[-3.8158,48.6032]},"properties":{"station":"LFRU","name":"Morlaix","state":"FR","country":"FR","elevation":83.36307}},{"type":"Feature","id":"LFRV","geometry":{"type":"Point","coordinates":[-2.7186,47.7233]},"properties":{"station":"LFRV","name":"Vannes","state":"FR","country":"FR","elevation":133.45032}},{"type":"Feature","id":"LFRZ","geometry":{"type":"Point","coordinates":[-2.1544,47.3139]},"properties":{"station":"LFRZ","name":"St.-nazaire","state":"FR","country":"FR","elevation":4}},{"type":"Feature","id":"LFSB","geometry":{"type":"Point","coordinates":[7.5103,47.6142]},"properties":{"station":"LFSB","name":"Mulhouse","state":"FR","country":"FR","elevation":271}},{"type":"Feature","id":"LFSD","geometry":{"type":"Point","coordinates":[5.0883,47.2778]},"properties":{"station":"LFSD","name":"Dijon","state":"FR","country":"FR","elevation":227}},{"type":"Feature","id":"LFSG","geometry":{"type":"Point","coordinates":[6.07,48.325]},"properties":{"station":"LFSG","name":"Epinal","state":"FR","country":"FR","elevation":318.7405}},{"type":"Feature","id":"LFSI","geometry":{"type":"Point","coordinates":[4.9036,48.6314]},"properties":{"station":"LFSI","name":"St.-dizier","state":"FR","country":"FR","elevation":140}},{"type":"Feature","id":"LFSL","geometry":{"type":"Point","coordinates":[1.485,45.04]},"properties":{"station":"LFSL","name":"Brive Souillac","state":"FR","country":"FR","elevation":305}},{"type":"Feature","id":"LFSM","geometry":{"type":"Point","coordinates":[6.791,47.487]},"properties":{"station":"LFSM","name":"Montbeliard","state":"FR","country":"FR","elevation":313}},{"type":"Feature","id":"LFSN","geometry":{"type":"Point","coordinates":[6.2217,48.6878]},"properties":{"station":"LFSN","name":"Nancy","state":"FR","country":"FR","elevation":217}},{"type":"Feature","id":"LFSO","geometry":{"type":"Point","coordinates":[5.9597,48.5811]},"properties":{"station":"LFSO","name":"Nancy","state":"FR","country":"FR","elevation":350}},{"type":"Feature","id":"LFST","geometry":{"type":"Point","coordinates":[7.6403,48.5494]},"properties":{"station":"LFST","name":"Strasbourg","state":"FR","country":"FR","elevation":154}},{"type":"Feature","id":"LFSX","geometry":{"type":"Point","coordinates":[6.3639,47.7869]},"properties":{"station":"LFSX","name":"Luxeuil","state":"FR","country":"FR","elevation":273}},{"type":"Feature","id":"LFT","geometry":{"type":"Point","coordinates":[-91.9896,30.1986]},"properties":{"station":"LFT","name":"Lafayette","state":"LA","country":"US","elevation":14.588288}},{"type":"Feature","id":"LFTH","geometry":{"type":"Point","coordinates":[6.1464,43.0944]},"properties":{"station":"LFTH","name":"Hyeres","state":"FR","country":"FR","elevation":4}},{"type":"Feature","id":"LFTW","geometry":{"type":"Point","coordinates":[4.4119,43.7581]},"properties":{"station":"LFTW","name":"Nimes","state":"FR","country":"FR","elevation":96}},{"type":"Feature","id":"LFVP","geometry":{"type":"Point","coordinates":[-56.1731,46.7629]},"properties":{"station":"LFVP","name":"St.-pierre","state":"FR","country":"FR","elevation":8}},{"type":"Feature","id":"LFYR","geometry":{"type":"Point","coordinates":[1.6875,47.3197]},"properties":{"station":"LFYR","name":"ROMORANTIN/PRUNIERS","state":"FR","country":"FR","elevation":86}},{"type":"Feature","id":"LGA","geometry":{"type":"Point","coordinates":[-73.8803,40.7794]},"properties":{"station":"LGA","name":"New York/LaGuardia","state":"NY","country":"US","elevation":9}},{"type":"Feature","id":"LGB","geometry":{"type":"Point","coordinates":[-118.1472,33.8118]},"properties":{"station":"LGB","name":"LONG BEACH AIRPORT","state":"CA","country":"US","elevation":12}},{"type":"Feature","id":"LGC","geometry":{"type":"Point","coordinates":[-85.0726,33.0089]},"properties":{"station":"LGC","name":"LA_GRANGE","state":"GA","country":"US","elevation":211}},{"type":"Feature","id":"LGD","geometry":{"type":"Point","coordinates":[-118.0071,45.2902]},"properties":{"station":"LGD","name":"LA GRANDE (AWOS)","state":"OR","country":"US","elevation":827}},{"type":"Feature","id":"LGF","geometry":{"type":"Point","coordinates":[-114.3967,32.86]},"properties":{"station":"LGF","name":"Laguna AAF","state":"AZ","country":"US","elevation":108.02568}},{"type":"Feature","id":"LGU","geometry":{"type":"Point","coordinates":[-111.8516,41.7913]},"properties":{"station":"LGU","name":"LOGAN-CACHE AIRPORT","state":"UT","country":"US","elevation":1358}},{"type":"Feature","id":"LHB","geometry":{"type":"Point","coordinates":[-96.62,30.87]},"properties":{"station":"LHB","name":"HEARNE","state":"TX","country":"US","elevation":87}},{"type":"Feature","id":"LHM","geometry":{"type":"Point","coordinates":[-121.3513,38.9092]},"properties":{"station":"LHM","name":"Lincoln","state":"CA","country":"US","elevation":36.9}},{"type":"Feature","id":"LHQ","geometry":{"type":"Point","coordinates":[-82.6571,39.7556]},"properties":{"station":"LHQ","name":"LANCASTER","state":"OH","country":"US","elevation":260}},{"type":"Feature","id":"LHW","geometry":{"type":"Point","coordinates":[-81.5623,31.8891]},"properties":{"station":"LHW","name":"FT STEWART/WRIGHT","state":"GA","country":"US","elevation":14}},{"type":"Feature","id":"LHX","geometry":{"type":"Point","coordinates":[-103.5122,38.0494]},"properties":{"station":"LHX","name":"LA JUNTA MUNICIPAL","state":"CO","country":"US","elevation":1292}},{"type":"Feature","id":"LHZ","geometry":{"type":"Point","coordinates":[-78.3303,36.0233]},"properties":{"station":"LHZ","name":"LOUISBURG/FRANKLIN_CNTY_ARPT","state":"NC","country":"US","elevation":113}},{"type":"Feature","id":"LIC","geometry":{"type":"Point","coordinates":[-103.6659,39.2748]},"properties":{"station":"LIC","name":"LIMON MUNICIPAL","state":"CO","country":"US","elevation":1635}},{"type":"Feature","id":"LIT","geometry":{"type":"Point","coordinates":[-92.2357,34.7273]},"properties":{"station":"LIT","name":"LITTLE ROCK/ADAMS","state":"AR","country":"US","elevation":79}},{"type":"Feature","id":"LJF","geometry":{"type":"Point","coordinates":[-94.5072,45.0971]},"properties":{"station":"LJF","name":"LITCHFIELD","state":"MN","country":"US","elevation":348}},{"type":"Feature","id":"LKP","geometry":{"type":"Point","coordinates":[-73.9618,44.2645]},"properties":{"station":"LKP","name":"Lake Placid","state":"NY","country":"US","elevation":531}},{"type":"Feature","id":"LKR","geometry":{"type":"Point","coordinates":[-80.8544,34.723]},"properties":{"station":"LKR","name":"Lancaster","state":"SC","country":"US","elevation":148.1}},{"type":"Feature","id":"LKU","geometry":{"type":"Point","coordinates":[-77.97,38.01]},"properties":{"station":"LKU","name":"LOUISA COUNTY/FREEMAN FIELD","state":"VA","country":"US","elevation":150}},{"type":"Feature","id":"LKV","geometry":{"type":"Point","coordinates":[-120.3991,42.1611]},"properties":{"station":"LKV","name":"LAKEVIEW (AWOS)","state":"OR","country":"US","elevation":1441}},{"type":"Feature","id":"LLJ","geometry":{"type":"Point","coordinates":[-114.215,44.5228]},"properties":{"station":"LLJ","name":"Challis","state":"ID","country":"US","elevation":1546}},{"type":"Feature","id":"LLN","geometry":{"type":"Point","coordinates":[-102.3725,33.5525]},"properties":{"station":"LLN","name":"Levelland","state":"TX","country":"US","elevation":1066.5017}},{"type":"Feature","id":"LLQ","geometry":{"type":"Point","coordinates":[-91.75,33.64]},"properties":{"station":"LLQ","name":"MONTICELLO","state":"AR","country":"US","elevation":82}},{"type":"Feature","id":"LLR","geometry":{"type":"Point","coordinates":[-123.7538,39.2621]},"properties":{"station":"LLR","name":"Little River","state":"CA","country":"US","elevation":169}},{"type":"Feature","id":"LMO","geometry":{"type":"Point","coordinates":[-105.163,40.1637]},"properties":{"station":"LMO","name":"LONGMONT/VBRAND","state":"CO","country":"US","elevation":1541}},{"type":"Feature","id":"LMS","geometry":{"type":"Point","coordinates":[-89.0625,33.1462]},"properties":{"station":"LMS","name":"Louisville - Winston","state":"MS","country":"US","elevation":174}},{"type":"Feature","id":"LMT","geometry":{"type":"Point","coordinates":[-121.7242,42.1469]},"properties":{"station":"LMT","name":"KLAMATH FALLS/KINGS","state":"OR","country":"US","elevation":1247}},{"type":"Feature","id":"LNA","geometry":{"type":"Point","coordinates":[-80.0848,26.5925]},"properties":{"station":"LNA","name":"Lantana","state":"FL","country":"US","elevation":8.123995}},{"type":"Feature","id":"LNC","geometry":{"type":"Point","coordinates":[-96.719,32.5792]},"properties":{"station":"LNC","name":"LANCASTER","state":"TX","country":"US","elevation":153}},{"type":"Feature","id":"LND","geometry":{"type":"Point","coordinates":[-108.7298,42.8152]},"properties":{"station":"LND","name":"LANDER/HUNT FIELD","state":"WY","country":"US","elevation":1694}},{"type":"Feature","id":"LNK","geometry":{"type":"Point","coordinates":[-96.7633,40.8312]},"properties":{"station":"LNK","name":"Lincoln","state":"NE","country":"US","elevation":352}},{"type":"Feature","id":"LNL","geometry":{"type":"Point","coordinates":[-89.2121,46.154]},"properties":{"station":"LNL","name":"Land O Lakes","state":"WI","country":"US","elevation":519}},{"type":"Feature","id":"LNN","geometry":{"type":"Point","coordinates":[-81.3898,41.684]},"properties":{"station":"LNN","name":"Willoughby","state":"OH","country":"US","elevation":188.73222}},{"type":"Feature","id":"LNP","geometry":{"type":"Point","coordinates":[-82.53,36.9875]},"properties":{"station":"LNP","name":"WISE/LONESOME PINE","state":"VA","country":"US","elevation":817}},{"type":"Feature","id":"LNR","geometry":{"type":"Point","coordinates":[-90.1798,43.2119]},"properties":{"station":"LNR","name":"LONE ROCK","state":"WI","country":"US","elevation":217}},{"type":"Feature","id":"LNS","geometry":{"type":"Point","coordinates":[-76.2944,40.1203]},"properties":{"station":"LNS","name":"LANCASTER","state":"PA","country":"US","elevation":123}},{"type":"Feature","id":"LOL","geometry":{"type":"Point","coordinates":[-118.5701,40.0684]},"properties":{"station":"LOL","name":"Lovelock / Derby Field","state":"NV","country":"US","elevation":1192.4348}},{"type":"Feature","id":"LOM","geometry":{"type":"Point","coordinates":[-75.2651,40.1376]},"properties":{"station":"LOM","name":"PHILADELPHIA/WINGS FIELD","state":"PA","country":"US","elevation":92}},{"type":"Feature","id":"LOR","geometry":{"type":"Point","coordinates":[-85.7511,31.3558]},"properties":{"station":"LOR","name":"LOWE AHP/FT. RUCKER","state":"AL","country":"US","elevation":74}},{"type":"Feature","id":"LOT","geometry":{"type":"Point","coordinates":[-88.0962,41.6081]},"properties":{"station":"LOT","name":"ROMEOVILLE/CHI","state":"IL","country":"US","elevation":205}},{"type":"Feature","id":"LOU","geometry":{"type":"Point","coordinates":[-85.6637,38.228]},"properties":{"station":"LOU","name":"LOUISVILLE/BOWMAN","state":"KY","country":"US","elevation":167}},{"type":"Feature","id":"LOZ","geometry":{"type":"Point","coordinates":[-84.077,37.087]},"properties":{"station":"LOZ","name":"LONDON-CORBIN ARPT","state":"KY","country":"US","elevation":369}},{"type":"Feature","id":"LPC","geometry":{"type":"Point","coordinates":[-120.4675,34.6656]},"properties":{"station":"LPC","name":"LOMPOC (AWOS)","state":"CA","country":"US","elevation":27}},{"type":"Feature","id":"LPR","geometry":{"type":"Point","coordinates":[-82.1794,41.3461]},"properties":{"station":"LPR","name":"LORAIN/ELYRIA","state":"OH","country":"US","elevation":241}},{"type":"Feature","id":"LQK","geometry":{"type":"Point","coordinates":[-82.7029,34.81]},"properties":{"station":"LQK","name":"Pickens County","state":"SC","country":"US","elevation":308}},{"type":"Feature","id":"LQR","geometry":{"type":"Point","coordinates":[-99.086,38.209]},"properties":{"station":"LQR","name":"Larned","state":"KS","country":"US","elevation":613}},{"type":"Feature","id":"LRD","geometry":{"type":"Point","coordinates":[-99.4615,27.5438]},"properties":{"station":"LRD","name":"LAREDO INTL AIRPORT","state":"TX","country":"US","elevation":155}},{"type":"Feature","id":"LRF","geometry":{"type":"Point","coordinates":[-92.1465,34.9168]},"properties":{"station":"LRF","name":"LITTLE ROCK AFB","state":"AR","country":"US","elevation":95}},{"type":"Feature","id":"LRJ","geometry":{"type":"Point","coordinates":[-96.1923,42.7754]},"properties":{"station":"LRJ","name":"LE MARS","state":"IA","country":"US","elevation":362.4}},{"type":"Feature","id":"LRO","geometry":{"type":"Point","coordinates":[-79.7829,32.8978]},"properties":{"station":"LRO","name":"Mount Pleasant","state":"SC","country":"US","elevation":3.7}},{"type":"Feature","id":"LRU","geometry":{"type":"Point","coordinates":[-106.922,32.2894]},"properties":{"station":"LRU","name":"LAS CRUCES INTL","state":"NM","country":"US","elevation":1358}},{"type":"Feature","id":"LRY","geometry":{"type":"Point","coordinates":[-94.3421,38.611]},"properties":{"station":"LRY","name":"Harrisonville","state":"MO","country":"US","elevation":271.57797}},{"type":"Feature","id":"LSB","geometry":{"type":"Point","coordinates":[-108.6917,32.3335]},"properties":{"station":"LSB","name":"Lordsburg","state":"NM","country":"US","elevation":1302.6345}},{"type":"Feature","id":"LSE","geometry":{"type":"Point","coordinates":[-91.25,43.88]},"properties":{"station":"LSE","name":"La Crosse","state":"WI","country":"US","elevation":198}},{"type":"Feature","id":"LSF","geometry":{"type":"Point","coordinates":[-84.9913,32.3373]},"properties":{"station":"LSF","name":"FORT BENNING","state":"GA","country":"US","elevation":71}},{"type":"Feature","id":"LSV","geometry":{"type":"Point","coordinates":[-115.0343,36.2362]},"properties":{"station":"LSV","name":"NELLIS AFB","state":"NV","country":"US","elevation":570}},{"type":"Feature","id":"LTS","geometry":{"type":"Point","coordinates":[-99.2667,34.6671]},"properties":{"station":"LTS","name":"ALTUS AFB","state":"OK","country":"US","elevation":420}},{"type":"Feature","id":"LUA","geometry":{"type":"Point","coordinates":[-78.5006,38.6671]},"properties":{"station":"LUA","name":"Luray","state":"VA","country":"US","elevation":275}},{"type":"Feature","id":"LUD","geometry":{"type":"Point","coordinates":[-97.5805,33.2542]},"properties":{"station":"LUD","name":"DECATUR","state":"TX","country":"US","elevation":319}},{"type":"Feature","id":"LUF","geometry":{"type":"Point","coordinates":[-112.383,33.535]},"properties":{"station":"LUF","name":"LUKE AFB/PHOENIX","state":"AZ","country":"US","elevation":332}},{"type":"Feature","id":"LUG","geometry":{"type":"Point","coordinates":[-86.803,35.5136]},"properties":{"station":"LUG","name":"Lewisburg-Ellington","state":"TN","country":"US","elevation":217}},{"type":"Feature","id":"LUK","geometry":{"type":"Point","coordinates":[-84.4186,39.1033]},"properties":{"station":"LUK","name":"CINCINNAT/LUNKEN","state":"OH","country":"US","elevation":155}},{"type":"Feature","id":"LUL","geometry":{"type":"Point","coordinates":[-89.1728,31.673]},"properties":{"station":"LUL","name":"Laurel","state":"MS","country":"US","elevation":72.77247}},{"type":"Feature","id":"LUM","geometry":{"type":"Point","coordinates":[-91.8678,44.8923]},"properties":{"station":"LUM","name":"Menomonie  WI","state":"WI","country":"US","elevation":273}},{"type":"Feature","id":"LUV","geometry":{"type":"Point","coordinates":[-101.9202,32.7563]},"properties":{"station":"LUV","name":"Lamesa","state":"TX","country":"US","elevation":911.5796}},{"type":"Feature","id":"LUX","geometry":{"type":"Point","coordinates":[-81.9472,34.5071]},"properties":{"station":"LUX","name":"Laurens","state":"SC","country":"US","elevation":212.4}},{"type":"Feature","id":"LVJ","geometry":{"type":"Point","coordinates":[-95.2417,29.5189]},"properties":{"station":"LVJ","name":"Pearland Regional","state":"TX","country":"US","elevation":13.164371}},{"type":"Feature","id":"LVK","geometry":{"type":"Point","coordinates":[-121.8149,37.6931]},"properties":{"station":"LVK","name":"Livermore","state":"CA","country":"US","elevation":117.81407}},{"type":"Feature","id":"LVL","geometry":{"type":"Point","coordinates":[-77.7943,36.7728]},"properties":{"station":"LVL","name":"Lawrenceville","state":"VA","country":"US","elevation":99.50898}},{"type":"Feature","id":"LVM","geometry":{"type":"Point","coordinates":[-110.45,45.7]},"properties":{"station":"LVM","name":"LIVINGSTON/MISSION","state":"MT","country":"US","elevation":1419}},{"type":"Feature","id":"LVN","geometry":{"type":"Point","coordinates":[-93.2273,44.6252]},"properties":{"station":"LVN","name":"MNPLS/AIRLAKE","state":"MN","country":"US","elevation":293}},{"type":"Feature","id":"LVS","geometry":{"type":"Point","coordinates":[-105.1424,35.6542]},"properties":{"station":"LVS","name":"LAS VEGAS MUNICIPAL","state":"NM","country":"US","elevation":2095}},{"type":"Feature","id":"LWA","geometry":{"type":"Point","coordinates":[-86.2561,42.3508]},"properties":{"station":"LWA","name":"South Haven","state":"MI","country":"US","elevation":203}},{"type":"Feature","id":"LWB","geometry":{"type":"Point","coordinates":[-80.3995,37.8583]},"properties":{"station":"LWB","name":"LEWISBURG/GREENBRIE","state":"WV","country":"US","elevation":702}},{"type":"Feature","id":"LWC","geometry":{"type":"Point","coordinates":[-95.2115,39.0077]},"properties":{"station":"LWC","name":"Lawrence","state":"KS","country":"US","elevation":253.47006}},{"type":"Feature","id":"LWD","geometry":{"type":"Point","coordinates":[-93.9005,40.6306]},"properties":{"station":"LWD","name":"LAMONI","state":"IA","country":"US","elevation":333}},{"type":"Feature","id":"LWM","geometry":{"type":"Point","coordinates":[-71.1234,42.7172]},"properties":{"station":"LWM","name":"LAWRENCE MUNICIPAL","state":"MA","country":"US","elevation":45}},{"type":"Feature","id":"LWS","geometry":{"type":"Point","coordinates":[-117.0154,46.3745]},"properties":{"station":"LWS","name":"Lewiston","state":"ID","country":"US","elevation":438}},{"type":"Feature","id":"LWT","geometry":{"type":"Point","coordinates":[-109.4667,47.0493]},"properties":{"station":"LWT","name":"LEWISTOWN MUNICIPAL","state":"MT","country":"US","elevation":1270}},{"type":"Feature","id":"LWV","geometry":{"type":"Point","coordinates":[-87.6055,38.7643]},"properties":{"station":"LWV","name":"LAWRENCEVILLE","state":"IL","country":"US","elevation":131}},{"type":"Feature","id":"LXL","geometry":{"type":"Point","coordinates":[-94.3469,45.9492]},"properties":{"station":"LXL","name":"LITTLE FALLS","state":"MN","country":"US","elevation":351}},{"type":"Feature","id":"LXN","geometry":{"type":"Point","coordinates":[-99.7759,40.7904]},"properties":{"station":"LXN","name":"LEXINGTON","state":"NE","country":"US","elevation":730.4185}},{"type":"Feature","id":"LXT","geometry":{"type":"Point","coordinates":[-94.3714,38.9597]},"properties":{"station":"LXT","name":"Lee s Summit","state":"MO","country":"US","elevation":306}},{"type":"Feature","id":"LXV","geometry":{"type":"Point","coordinates":[-106.3161,39.2281]},"properties":{"station":"LXV","name":"LEADVILLE/LAKE CO.","state":"CO","country":"US","elevation":3026}},{"type":"Feature","id":"LXY","geometry":{"type":"Point","coordinates":[-96.5145,31.6412]},"properties":{"station":"LXY","name":"Mexia Limestone","state":"TX","country":"US","elevation":166.28955}},{"type":"Feature","id":"LYH","geometry":{"type":"Point","coordinates":[-79.2067,37.3208]},"properties":{"station":"LYH","name":"LYNCHBURG/P. GLENN","state":"VA","country":"US","elevation":286}},{"type":"Feature","id":"LYO","geometry":{"type":"Point","coordinates":[-98.2286,38.3403]},"properties":{"station":"LYO","name":"Lyons","state":"KS","country":"US","elevation":518.2949}},{"type":"Feature","id":"LYV","geometry":{"type":"Point","coordinates":[-96.2158,43.6212]},"properties":{"station":"LYV","name":"Luverne","state":"MN","country":"US","elevation":436}},{"type":"Feature","id":"LZU","geometry":{"type":"Point","coordinates":[-83.9624,33.9781]},"properties":{"station":"LZU","name":"LAWRENCEVILLE","state":"GA","country":"US","elevation":323}},{"type":"Feature","id":"LZZ","geometry":{"type":"Point","coordinates":[-98.1959,31.1062]},"properties":{"station":"LZZ","name":"Lampasas","state":"TX","country":"US","elevation":370.3}},{"type":"Feature","id":"M01","geometry":{"type":"Point","coordinates":[-90.054,35.2007]},"properties":{"station":"M01","name":"Memphis - General Dewitt Spain","state":"TN","country":"US","elevation":68}},{"type":"Feature","id":"M02","geometry":{"type":"Point","coordinates":[-87.4298,36.1279]},"properties":{"station":"M02","name":"Dickson","state":"TN","country":"US","elevation":262}},{"type":"Feature","id":"M04","geometry":{"type":"Point","coordinates":[-89.5872,35.5834]},"properties":{"station":"M04","name":"Covington","state":"TN","country":"US","elevation":81.61184}},{"type":"Feature","id":"M08","geometry":{"type":"Point","coordinates":[-89.0434,35.2145]},"properties":{"station":"M08","name":"Bolivar","state":"TN","country":"US","elevation":149.5601}},{"type":"Feature","id":"M19","geometry":{"type":"Point","coordinates":[-91.1764,35.6377]},"properties":{"station":"M19","name":"Newport","state":"AR","country":"US","elevation":72.8}},{"type":"Feature","id":"M21","geometry":{"type":"Point","coordinates":[-87.1564,37.2262]},"properties":{"station":"M21","name":"Greenville","state":"KY","country":"US","elevation":125.56613}},{"type":"Feature","id":"M25","geometry":{"type":"Point","coordinates":[-88.5847,36.7691]},"properties":{"station":"M25","name":"Mayfield","state":"KY","country":"US","elevation":153.77827}},{"type":"Feature","id":"M30","geometry":{"type":"Point","coordinates":[-88.7506,37.1859]},"properties":{"station":"M30","name":"Metropolis  IL","state":"IL","country":"US","elevation":384}},{"type":"Feature","id":"M40","geometry":{"type":"Point","coordinates":[-88.4897,33.8738]},"properties":{"station":"M40","name":"Aberdeen","state":"MS","country":"US","elevation":67.64834}},{"type":"Feature","id":"M54","geometry":{"type":"Point","coordinates":[-86.3157,36.1904]},"properties":{"station":"M54","name":"Lebanon","state":"TN","country":"US","elevation":171}},{"type":"Feature","id":"M75","geometry":{"type":"Point","coordinates":[-107.9179,48.3689]},"properties":{"station":"M75","name":"Malta","state":"MT","country":"US","elevation":683.2729}},{"type":"Feature","id":"M91","geometry":{"type":"Point","coordinates":[-86.9189,36.5363]},"properties":{"station":"M91","name":"Springfield","state":"TN","country":"US","elevation":211.10802}},{"type":"Feature","id":"MAE","geometry":{"type":"Point","coordinates":[-120.1107,36.9849]},"properties":{"station":"MAE","name":"Madera","state":"CA","country":"US","elevation":76.45073}},{"type":"Feature","id":"MAF","geometry":{"type":"Point","coordinates":[-102.2075,31.9466]},"properties":{"station":"MAF","name":"Midland Intl","state":"TX","country":"US","elevation":868.9406}},{"type":"Feature","id":"MAI","geometry":{"type":"Point","coordinates":[-85.1839,30.8356]},"properties":{"station":"MAI","name":"MARIANA","state":"FL","country":"US","elevation":34}},{"type":"Feature","id":"MAN","geometry":{"type":"Point","coordinates":[-116.5231,43.5813]},"properties":{"station":"MAN","name":"Nampa Mun","state":"ID","country":"US","elevation":771}},{"type":"Feature","id":"MAO","geometry":{"type":"Point","coordinates":[-79.3347,34.1812]},"properties":{"station":"MAO","name":"Marion","state":"SC","country":"US","elevation":28}},{"type":"Feature","id":"MAW","geometry":{"type":"Point","coordinates":[-89.9922,36.6005]},"properties":{"station":"MAW","name":"Malden","state":"MO","country":"US","elevation":88.33055}},{"type":"Feature","id":"MBG","geometry":{"type":"Point","coordinates":[-100.4078,45.5464]},"properties":{"station":"MBG","name":"MOBRIDGE","state":"SD","country":"US","elevation":515.16785}},{"type":"Feature","id":"MBL","geometry":{"type":"Point","coordinates":[-86.2469,44.2725]},"properties":{"station":"MBL","name":"MANISTEE","state":"MI","country":"US","elevation":189}},{"type":"Feature","id":"MBO","geometry":{"type":"Point","coordinates":[-90.1014,32.4384]},"properties":{"station":"MBO","name":"Madison","state":"MS","country":"US","elevation":99.62559}},{"type":"Feature","id":"MBS","geometry":{"type":"Point","coordinates":[-84.08,43.53]},"properties":{"station":"MBS","name":"SAGINAW","state":"MI","country":"US","elevation":202}},{"type":"Feature","id":"MBT","geometry":{"type":"Point","coordinates":[-86.3775,35.8775]},"properties":{"station":"MBT","name":"Murfreesboro","state":"TN","country":"US","elevation":187}},{"type":"Feature","id":"MBY","geometry":{"type":"Point","coordinates":[-92.4244,39.464]},"properties":{"station":"MBY","name":"Moberly","state":"MO","country":"US","elevation":263.82602}},{"type":"Feature","id":"MCB","geometry":{"type":"Point","coordinates":[-90.47,31.18]},"properties":{"station":"MCB","name":"MCCOMB/LEWIS FIELD","state":"MS","country":"US","elevation":126}},{"type":"Feature","id":"MCC","geometry":{"type":"Point","coordinates":[-121.4006,38.667]},"properties":{"station":"MCC","name":"Sacramento McClellan","state":"CA","country":"US","elevation":23}},{"type":"Feature","id":"MCD","geometry":{"type":"Point","coordinates":[-84.6372,45.865]},"properties":{"station":"MCD","name":"MACKINAC ISLAND","state":"MI","country":"US","elevation":226}},{"type":"Feature","id":"MCE","geometry":{"type":"Point","coordinates":[-120.5179,37.286]},"properties":{"station":"MCE","name":"Merced","state":"CA","country":"US","elevation":45.541286}},{"type":"Feature","id":"MCF","geometry":{"type":"Point","coordinates":[-82.52,27.85]},"properties":{"station":"MCF","name":"MACDILL AFB/TAMPA","state":"FL","country":"US","elevation":4}},{"type":"Feature","id":"MCI","geometry":{"type":"Point","coordinates":[-94.7139,39.2976]},"properties":{"station":"MCI","name":"KANSAS CITY/INTL","state":"MO","country":"US","elevation":320}},{"type":"Feature","id":"MCJ","geometry":{"type":"Point","coordinates":[-95.395,29.714]},"properties":{"station":"MCJ","name":"Houston Dunn","state":"TX","country":"US","elevation":22.525835}},{"type":"Feature","id":"MCK","geometry":{"type":"Point","coordinates":[-100.5921,40.2063]},"properties":{"station":"MCK","name":"MCCOOK","state":"NE","country":"US","elevation":781.9591}},{"type":"Feature","id":"MCN","geometry":{"type":"Point","coordinates":[-83.6492,32.6928]},"properties":{"station":"MCN","name":"MACON/LEWIS WILSON","state":"GA","country":"US","elevation":110}},{"type":"Feature","id":"MCO","geometry":{"type":"Point","coordinates":[-81.309,28.4294]},"properties":{"station":"MCO","name":"Orlando International","state":"FL","country":"US","elevation":32}},{"type":"Feature","id":"MCW","geometry":{"type":"Point","coordinates":[-93.3261,43.1544]},"properties":{"station":"MCW","name":"MASON CITY","state":"IA","country":"US","elevation":370}},{"type":"Feature","id":"MCX","geometry":{"type":"Point","coordinates":[-86.7668,40.7088]},"properties":{"station":"MCX","name":"Monticello","state":"IN","country":"US","elevation":204.23053}},{"type":"Feature","id":"MCZ","geometry":{"type":"Point","coordinates":[-77.1782,35.8622]},"properties":{"station":"MCZ","name":"Williamston","state":"NC","country":"US","elevation":22}},{"type":"Feature","id":"MDD","geometry":{"type":"Point","coordinates":[-102.101,32.0365]},"properties":{"station":"MDD","name":"MIDLAND","state":"TX","country":"US","elevation":854}},{"type":"Feature","id":"MDH","geometry":{"type":"Point","coordinates":[-89.25,37.78]},"properties":{"station":"MDH","name":"CARBONDALE/MURPH","state":"IL","country":"US","elevation":130}},{"type":"Feature","id":"MDQ","geometry":{"type":"Point","coordinates":[-86.56,34.86]},"properties":{"station":"MDQ","name":"HUNTSVILLE/MADISON COUNTY EXEC","state":"AL","country":"US","elevation":230}},{"type":"Feature","id":"MDS","geometry":{"type":"Point","coordinates":[-97.0859,44.016]},"properties":{"station":"MDS","name":"Madison","state":"SD","country":"US","elevation":520.79846}},{"type":"Feature","id":"MDT","geometry":{"type":"Point","coordinates":[-76.7633,40.1936]},"properties":{"station":"MDT","name":"MIDDLETOWN/OLMSTED","state":"PA","country":"US","elevation":94}},{"type":"Feature","id":"MDW","geometry":{"type":"Point","coordinates":[-87.7524,41.786]},"properties":{"station":"MDW","name":"CHICAGO","state":"IL","country":"US","elevation":188}},{"type":"Feature","id":"MDZ","geometry":{"type":"Point","coordinates":[-90.3033,45.1008]},"properties":{"station":"MDZ","name":"MEDFORD","state":"WI","country":"US","elevation":448}},{"type":"Feature","id":"MEB","geometry":{"type":"Point","coordinates":[-79.3658,34.7919]},"properties":{"station":"MEB","name":"LAURINBURG-MAXTON_ARPT_(ASOS)","state":"NC","country":"US","elevation":67}},{"type":"Feature","id":"MEH","geometry":{"type":"Point","coordinates":[-118.4247,45.5114]},"properties":{"station":"MEH","name":"Meacham","state":"OR","country":"US","elevation":1236}},{"type":"Feature","id":"MEI","geometry":{"type":"Point","coordinates":[-88.7511,32.3347]},"properties":{"station":"MEI","name":"MERIDIAN/KEY FIELD","state":"MS","country":"US","elevation":94}},{"type":"Feature","id":"MEM","geometry":{"type":"Point","coordinates":[-89.985,35.0611]},"properties":{"station":"MEM","name":"MEMPHIS INTL ARPT","state":"TN","country":"US","elevation":87}},{"type":"Feature","id":"MER","geometry":{"type":"Point","coordinates":[-120.5682,37.3805]},"properties":{"station":"MER","name":"MERCED/CASTLE AF","state":"CA","country":"US","elevation":57}},{"type":"Feature","id":"MEV","geometry":{"type":"Point","coordinates":[-119.75,38.9963]},"properties":{"station":"MEV","name":"Miden - Tahoe","state":"NV","country":"US","elevation":1441.416}},{"type":"Feature","id":"MEZ","geometry":{"type":"Point","coordinates":[-94.2026,34.5454]},"properties":{"station":"MEZ","name":"MENA INTERMOUNTAIN MUNI","state":"AR","country":"US","elevation":329}},{"type":"Feature","id":"MFD","geometry":{"type":"Point","coordinates":[-82.52,40.82]},"properties":{"station":"MFD","name":"MANSFIELD","state":"OH","country":"US","elevation":395}},{"type":"Feature","id":"MFE","geometry":{"type":"Point","coordinates":[-98.2386,26.1758]},"properties":{"station":"MFE","name":"MCALLEN/MILLER INTL","state":"TX","country":"US","elevation":33}},{"type":"Feature","id":"MFI","geometry":{"type":"Point","coordinates":[-90.1893,44.6369]},"properties":{"station":"MFI","name":"MARSHFIELD","state":"WI","country":"US","elevation":382}},{"type":"Feature","id":"MFR","geometry":{"type":"Point","coordinates":[-122.8722,42.3811]},"properties":{"station":"MFR","name":"MEDFORD/JACKSON CO.","state":"OR","country":"US","elevation":405}},{"type":"Feature","id":"MFV","geometry":{"type":"Point","coordinates":[-75.7611,37.6469]},"properties":{"station":"MFV","name":"MELFA/ACCOMACK ARPT","state":"VA","country":"US","elevation":15}},{"type":"Feature","id":"MGC","geometry":{"type":"Point","coordinates":[-86.8212,41.7033]},"properties":{"station":"MGC","name":"Michigan City","state":"IN","country":"US","elevation":197.0816}},{"type":"Feature","id":"MGE","geometry":{"type":"Point","coordinates":[-84.5163,33.9153]},"properties":{"station":"MGE","name":"DOBBINS AFB/MARIETT","state":"GA","country":"US","elevation":326}},{"type":"Feature","id":"MGG","geometry":{"type":"Point","coordinates":[-93.9856,45.236]},"properties":{"station":"MGG","name":"MAPLE LAKE","state":"MN","country":"US","elevation":313}},{"type":"Feature","id":"MGJ","geometry":{"type":"Point","coordinates":[-74.265,41.5092]},"properties":{"station":"MGJ","name":"ORANGE COUNTY AIRPORT","state":"NY","country":"US","elevation":111}},{"type":"Feature","id":"MGM","geometry":{"type":"Point","coordinates":[-86.394,32.3006]},"properties":{"station":"MGM","name":"MONTGOMERY/DANNELLY","state":"AL","country":"US","elevation":62}},{"type":"Feature","id":"MGN","geometry":{"type":"Point","coordinates":[-84.9134,45.4256]},"properties":{"station":"MGN","name":"HARBOR SPRINGS","state":"MI","country":"US","elevation":209}},{"type":"Feature","id":"MGR","geometry":{"type":"Point","coordinates":[-83.8033,31.0849]},"properties":{"station":"MGR","name":"MOULTRIE","state":"GA","country":"US","elevation":90}},{"type":"Feature","id":"MGW","geometry":{"type":"Point","coordinates":[-79.9163,39.6429]},"properties":{"station":"MGW","name":"MORGANTOWN/HART FLD","state":"WV","country":"US","elevation":380}},{"type":"Feature","id":"MGY","geometry":{"type":"Point","coordinates":[-84.2249,39.589]},"properties":{"station":"MGY","name":"DAYTON","state":"OH","country":"US","elevation":289}},{"type":"Feature","id":"MHE","geometry":{"type":"Point","coordinates":[-98.0386,43.7748]},"properties":{"station":"MHE","name":"MITCHELL","state":"SD","country":"US","elevation":395.72662}},{"type":"Feature","id":"MHK","geometry":{"type":"Point","coordinates":[-96.6778,39.1353]},"properties":{"station":"MHK","name":"MANHATTAN","state":"KS","country":"US","elevation":322}},{"type":"Feature","id":"MHL","geometry":{"type":"Point","coordinates":[-93.2028,39.0955]},"properties":{"station":"MHL","name":"Marshall","state":"MO","country":"US","elevation":238.50627}},{"type":"Feature","id":"MHP","geometry":{"type":"Point","coordinates":[-82.081,32.3739]},"properties":{"station":"MHP","name":"Metter","state":"GA","country":"US","elevation":58.887756}},{"type":"Feature","id":"MHR","geometry":{"type":"Point","coordinates":[-121.2973,38.5553]},"properties":{"station":"MHR","name":"MATHER FIELD","state":"CA","country":"US","elevation":29}},{"type":"Feature","id":"MHS","geometry":{"type":"Point","coordinates":[-122.3171,41.3149]},"properties":{"station":"MHS","name":"Mount Shasta City","state":"CA","country":"US","elevation":1080.7744}},{"type":"Feature","id":"MHT","geometry":{"type":"Point","coordinates":[-71.4357,42.9328]},"properties":{"station":"MHT","name":"MANCHESTER AIRPARK","state":"NH","country":"US","elevation":71}},{"type":"Feature","id":"MHV","geometry":{"type":"Point","coordinates":[-118.152,35.059]},"properties":{"station":"MHV","name":"MOJAVE","state":"CA","country":"US","elevation":849}},{"type":"Feature","id":"MIA","geometry":{"type":"Point","coordinates":[-80.3169,25.788]},"properties":{"station":"MIA","name":"MIAMI INTL AIRPORT","state":"FL","country":"US","elevation":4}},{"type":"Feature","id":"MIB","geometry":{"type":"Point","coordinates":[-101.358,48.4158]},"properties":{"station":"MIB","name":"MINOT_AFB","state":"ND","country":"US","elevation":508}},{"type":"Feature","id":"MIC","geometry":{"type":"Point","coordinates":[-93.3511,45.0622]},"properties":{"station":"MIC","name":"Minneapolis - Crystal","state":"MN","country":"US","elevation":261.65143}},{"type":"Feature","id":"MIE","geometry":{"type":"Point","coordinates":[-85.3958,40.2425]},"properties":{"station":"MIE","name":"MUNCIE","state":"IN","country":"US","elevation":285}},{"type":"Feature","id":"MIO","geometry":{"type":"Point","coordinates":[-94.8875,36.9092]},"properties":{"station":"MIO","name":"Miami Municipal","state":"OK","country":"US","elevation":244.03398}},{"type":"Feature","id":"MIV","geometry":{"type":"Point","coordinates":[-75.0783,39.3661]},"properties":{"station":"MIV","name":"MILLVILLE MUNICIPAL","state":"NJ","country":"US","elevation":25}},{"type":"Feature","id":"MIW","geometry":{"type":"Point","coordinates":[-92.9163,42.1106]},"properties":{"station":"MIW","name":"MARSHALLTOWN","state":"IA","country":"US","elevation":297}},{"type":"Feature","id":"MJD","geometry":{"type":"Point","coordinates":[-89.6512,30.4875]},"properties":{"station":"MJD","name":"Picayune","state":"MS","country":"US","elevation":16.35223}},{"type":"Feature","id":"MJQ","geometry":{"type":"Point","coordinates":[-94.9865,43.65]},"properties":{"station":"MJQ","name":"JACKSON MUNI","state":"MN","country":"US","elevation":441}},{"type":"Feature","id":"MJX","geometry":{"type":"Point","coordinates":[-74.2924,39.9275]},"properties":{"station":"MJX","name":"Toms River","state":"NJ","country":"US","elevation":25}},{"type":"Feature","id":"MKC","geometry":{"type":"Point","coordinates":[-94.593,39.123]},"properties":{"station":"MKC","name":"KANSAS CITY/DNTN","state":"MO","country":"US","elevation":227}},{"type":"Feature","id":"MKE","geometry":{"type":"Point","coordinates":[-87.8967,42.9472]},"properties":{"station":"MKE","name":"MILWAUKEE","state":"WI","country":"US","elevation":204}},{"type":"Feature","id":"MKG","geometry":{"type":"Point","coordinates":[-86.2367,43.1711]},"properties":{"station":"MKG","name":"MUSKEGON","state":"MI","country":"US","elevation":191}},{"type":"Feature","id":"MKJ","geometry":{"type":"Point","coordinates":[-81.3499,36.8949]},"properties":{"station":"MKJ","name":"MARION / WYTHEVILLE","state":"VA","country":"US","elevation":780}},{"type":"Feature","id":"MKL","geometry":{"type":"Point","coordinates":[-88.9167,35.5931]},"properties":{"station":"MKL","name":"JACKSON/MCKELLAR","state":"TN","country":"US","elevation":132}},{"type":"Feature","id":"MKN","geometry":{"type":"Point","coordinates":[-98.6,31.92]},"properties":{"station":"MKN","name":"COMANCHE COUNTY/CITY ARPT","state":"TX","country":"US","elevation":423}},{"type":"Feature","id":"MKO","geometry":{"type":"Point","coordinates":[-95.3614,35.6567]},"properties":{"station":"MKO","name":"MUSKOGEE/DAVIS FLD","state":"OK","country":"US","elevation":186}},{"type":"Feature","id":"MKQ","geometry":{"type":"Point","coordinates":[-90,27.52]},"properties":{"station":"MKQ","name":"Green Canyon 433","state":"LA","country":"US","elevation":0}},{"type":"Feature","id":"MKS","geometry":{"type":"Point","coordinates":[-80.0362,33.1855]},"properties":{"station":"MKS","name":"Moncks Corner","state":"SC","country":"US","elevation":22.3}},{"type":"Feature","id":"MKT","geometry":{"type":"Point","coordinates":[-93.92,44.22]},"properties":{"station":"MKT","name":"MANKATO","state":"MN","country":"US","elevation":311}},{"type":"Feature","id":"MKV","geometry":{"type":"Point","coordinates":[-92.069,31.0946]},"properties":{"station":"MKV","name":"Marksville","state":"LA","country":"US","elevation":23}},{"type":"Feature","id":"MKY","geometry":{"type":"Point","coordinates":[-81.6725,25.995]},"properties":{"station":"MKY","name":"Marco Island","state":"FL","country":"US","elevation":4.515613}},{"type":"Feature","id":"MLB","geometry":{"type":"Point","coordinates":[-80.6453,28.1028]},"properties":{"station":"MLB","name":"MELBOURNE REGIONAL","state":"FL","country":"US","elevation":11}},{"type":"Feature","id":"MLC","geometry":{"type":"Point","coordinates":[-95.7831,34.8822]},"properties":{"station":"MLC","name":"MC ALESTER REGIONAL","state":"OK","country":"US","elevation":235}},{"type":"Feature","id":"MLE","geometry":{"type":"Point","coordinates":[-96.112,41.196]},"properties":{"station":"MLE","name":"MILLARD","state":"NE","country":"US","elevation":322.07217}},{"type":"Feature","id":"MLF","geometry":{"type":"Point","coordinates":[-113.0125,38.4266]},"properties":{"station":"MLF","name":"MILFORD MUNICIPAL","state":"UT","country":"US","elevation":1536}},{"type":"Feature","id":"MLI","geometry":{"type":"Point","coordinates":[-90.5075,41.4485]},"properties":{"station":"MLI","name":"Moline","state":"IL","country":"US","elevation":181}},{"type":"Feature","id":"MLJ","geometry":{"type":"Point","coordinates":[-83.2407,33.1542]},"properties":{"station":"MLJ","name":"Milledgeville","state":"GA","country":"US","elevation":117}},{"type":"Feature","id":"MLP","geometry":{"type":"Point","coordinates":[-115.6711,47.4548]},"properties":{"station":"MLP","name":"Mullan Pass","state":"ID","country":"US","elevation":1830.0652}},{"type":"Feature","id":"MLS","geometry":{"type":"Point","coordinates":[-105.8863,46.428]},"properties":{"station":"MLS","name":"MILES CITY","state":"MT","country":"US","elevation":801}},{"type":"Feature","id":"MLT","geometry":{"type":"Point","coordinates":[-68.6856,45.6478]},"properties":{"station":"MLT","name":"MILLINOCKET MUNI","state":"ME","country":"US","elevation":124}},{"type":"Feature","id":"MLU","geometry":{"type":"Point","coordinates":[-92.0377,32.5109]},"properties":{"station":"MLU","name":"MONROE REGIONAL","state":"LA","country":"US","elevation":24}},{"type":"Feature","id":"MMAA","geometry":{"type":"Point","coordinates":[-99.754,16.7571]},"properties":{"station":"MMAA","name":"Acapulco","state":"MX","country":"MX","elevation":5}},{"type":"Feature","id":"MMAN","geometry":{"type":"Point","coordinates":[-100.2372,25.8656]},"properties":{"station":"MMAN","name":"Monterrey","state":"MX","country":"MX","elevation":448}},{"type":"Feature","id":"MMAS","geometry":{"type":"Point","coordinates":[-102.2914,21.8533]},"properties":{"station":"MMAS","name":"Aguascalientes","state":"MX","country":"MX","elevation":1863}},{"type":"Feature","id":"MMBT","geometry":{"type":"Point","coordinates":[-96.2626,15.7753]},"properties":{"station":"MMBT","name":"Huatulco","state":"MX","country":"MX","elevation":143}},{"type":"Feature","id":"MMCB","geometry":{"type":"Point","coordinates":[-99.2333,18.8922]},"properties":{"station":"MMCB","name":"Cuernavaca","state":"MX","country":"MX","elevation":1560}},{"type":"Feature","id":"MMCE","geometry":{"type":"Point","coordinates":[-91.799,18.6537]},"properties":{"station":"MMCE","name":"Ciudad Del Carmen","state":"MX","country":"MX","elevation":2}},{"type":"Feature","id":"MMCL","geometry":{"type":"Point","coordinates":[-107.4,24.82]},"properties":{"station":"MMCL","name":"Culiacan","state":"MX","country":"MX","elevation":39}},{"type":"Feature","id":"MMCM","geometry":{"type":"Point","coordinates":[-88.3243,18.5064]},"properties":{"station":"MMCM","name":"Chetumal","state":"MX","country":"MX","elevation":10.483868}},{"type":"Feature","id":"MMCN","geometry":{"type":"Point","coordinates":[-109.8331,27.3926]},"properties":{"station":"MMCN","name":"Ciudad Obregon","state":"MX","country":"MX","elevation":43}},{"type":"Feature","id":"MMCP","geometry":{"type":"Point","coordinates":[-90.5,19.8333]},"properties":{"station":"MMCP","name":"Campeche","state":"MX","country":"MX","elevation":5}},{"type":"Feature","id":"MMCS","geometry":{"type":"Point","coordinates":[-106.4287,31.6361]},"properties":{"station":"MMCS","name":"Ciudad Juarez","state":"MX","country":"MX","elevation":1171}},{"type":"Feature","id":"MMCT","geometry":{"type":"Point","coordinates":[-88.4462,20.6413]},"properties":{"station":"MMCT","name":"Chichen Itza","state":"MX","country":"MX","elevation":28}},{"type":"Feature","id":"MMCU","geometry":{"type":"Point","coordinates":[-105.9646,28.7029]},"properties":{"station":"MMCU","name":"Chihuahua","state":"MX","country":"MX","elevation":1372}},{"type":"Feature","id":"MMCV","geometry":{"type":"Point","coordinates":[-98.9565,23.7033]},"properties":{"station":"MMCV","name":"Ciudad Victoria","state":"MX","country":"MX","elevation":238}},{"type":"Feature","id":"MMCZ","geometry":{"type":"Point","coordinates":[-86.9256,20.5224]},"properties":{"station":"MMCZ","name":"Cozumel","state":"MX","country":"MX","elevation":5}},{"type":"Feature","id":"MMDO","geometry":{"type":"Point","coordinates":[-104.528,24.1242]},"properties":{"station":"MMDO","name":"Durango","state":"MX","country":"MX","elevation":1857}},{"type":"Feature","id":"MMEP","geometry":{"type":"Point","coordinates":[-104.8931,21.4892]},"properties":{"station":"MMEP","name":"Tepic","state":"MX","country":"MX","elevation":922}},{"type":"Feature","id":"MMGL","geometry":{"type":"Point","coordinates":[-103.3112,20.5218]},"properties":{"station":"MMGL","name":"Guadalajara","state":"MX","country":"MX","elevation":1528}},{"type":"Feature","id":"MMGM","geometry":{"type":"Point","coordinates":[-110.9252,27.969]},"properties":{"station":"MMGM","name":"Guaymas","state":"MX","country":"MX","elevation":20}},{"type":"Feature","id":"MMH","geometry":{"type":"Point","coordinates":[-118.8388,37.6241]},"properties":{"station":"MMH","name":"MAMMOTH/JUNE LAKES","state":"CA","country":"US","elevation":2173}},{"type":"Feature","id":"MMHO","geometry":{"type":"Point","coordinates":[-111.0505,29.0905]},"properties":{"station":"MMHO","name":"Hermosillo","state":"MX","country":"MX","elevation":184}},{"type":"Feature","id":"MMI","geometry":{"type":"Point","coordinates":[-84.5626,35.3973]},"properties":{"station":"MMI","name":"Athens","state":"TN","country":"US","elevation":245.04639}},{"type":"Feature","id":"MMIA","geometry":{"type":"Point","coordinates":[-103.5774,19.277]},"properties":{"station":"MMIA","name":"Colima","state":"MX","country":"MX","elevation":723}},{"type":"Feature","id":"MMIO","geometry":{"type":"Point","coordinates":[-100.9323,25.5485]},"properties":{"station":"MMIO","name":"Saltillo","state":"MX","country":"MX","elevation":1421}},{"type":"Feature","id":"MMK","geometry":{"type":"Point","coordinates":[-72.83,41.51]},"properties":{"station":"MMK","name":"MERIDEN MARKHAM MUNI AIRPORT","state":"CT","country":"US","elevation":31}},{"type":"Feature","id":"MML","geometry":{"type":"Point","coordinates":[-95.82,44.45]},"properties":{"station":"MML","name":"MARSHALL/RYAN","state":"MN","country":"US","elevation":359}},{"type":"Feature","id":"MMLM","geometry":{"type":"Point","coordinates":[-109.0808,25.6852]},"properties":{"station":"MMLM","name":"Los Mochis","state":"MX","country":"MX","elevation":4}},{"type":"Feature","id":"MMLO","geometry":{"type":"Point","coordinates":[-101.4809,20.9935]},"properties":{"station":"MMLO","name":"Del Bajio","state":"MX","country":"MX","elevation":1819}},{"type":"Feature","id":"MMLP","geometry":{"type":"Point","coordinates":[-110.3625,24.0727]},"properties":{"station":"MMLP","name":"La Paz","state":"MX","country":"MX","elevation":21}},{"type":"Feature","id":"MMLT","geometry":{"type":"Point","coordinates":[-111.3472,26.0167]},"properties":{"station":"MMLT","name":"Loreto","state":"MX","country":"MX","elevation":15}},{"type":"Feature","id":"MMMA","geometry":{"type":"Point","coordinates":[-97.5253,25.7699]},"properties":{"station":"MMMA","name":"Matamoros","state":"MX","country":"MX","elevation":8}},{"type":"Feature","id":"MMMD","geometry":{"type":"Point","coordinates":[-89.6577,20.937]},"properties":{"station":"MMMD","name":"Merida","state":"MX","country":"MX","elevation":10}},{"type":"Feature","id":"MMML","geometry":{"type":"Point","coordinates":[-115.2416,32.6306]},"properties":{"station":"MMML","name":"Mexicali","state":"MX","country":"MX","elevation":22}},{"type":"Feature","id":"MMMM","geometry":{"type":"Point","coordinates":[-101.0255,19.8499]},"properties":{"station":"MMMM","name":"Morelia","state":"MX","country":"MX","elevation":1833}},{"type":"Feature","id":"MMMT","geometry":{"type":"Point","coordinates":[-94.5807,18.1034]},"properties":{"station":"MMMT","name":"Minatitlan","state":"MX","country":"MX","elevation":40}},{"type":"Feature","id":"MMMV","geometry":{"type":"Point","coordinates":[-101.4333,26.9]},"properties":{"station":"MMMV","name":"Monclova","state":"MX","country":"MX","elevation":615}},{"type":"Feature","id":"MMMX","geometry":{"type":"Point","coordinates":[-99.0721,19.4363]},"properties":{"station":"MMMX","name":"Mexico City","state":"MX","country":"MX","elevation":2238}},{"type":"Feature","id":"MMMY","geometry":{"type":"Point","coordinates":[-100.1069,25.7785]},"properties":{"station":"MMMY","name":"Monterrey","state":"MX","country":"MX","elevation":387}},{"type":"Feature","id":"MMMZ","geometry":{"type":"Point","coordinates":[-106.2661,23.1614]},"properties":{"station":"MMMZ","name":"Mazatlan","state":"MX","country":"MX","elevation":10}},{"type":"Feature","id":"MMNL","geometry":{"type":"Point","coordinates":[-99.5705,27.4439]},"properties":{"station":"MMNL","name":"Nuevo Laredo","state":"MX","country":"MX","elevation":148}},{"type":"Feature","id":"MMOX","geometry":{"type":"Point","coordinates":[-96.7,17.0667]},"properties":{"station":"MMOX","name":"Oaxaca","state":"MX","country":"MX","elevation":1528}},{"type":"Feature","id":"MMPA","geometry":{"type":"Point","coordinates":[-97.4608,20.6027]},"properties":{"station":"MMPA","name":"Poza Rico","state":"MX","country":"MX","elevation":142}},{"type":"Feature","id":"MMPB","geometry":{"type":"Point","coordinates":[-98.1667,19.05]},"properties":{"station":"MMPB","name":"Puebla","state":"MX","country":"MX","elevation":2244}},{"type":"Feature","id":"MMPE","geometry":{"type":"Point","coordinates":[-113.5196,31.353]},"properties":{"station":"MMPE","name":"Punta Penasco","state":"MX","country":"MX","elevation":12.444733}},{"type":"Feature","id":"MMPG","geometry":{"type":"Point","coordinates":[-100.5167,28.7]},"properties":{"station":"MMPG","name":"Piedras Negras","state":"MX","country":"MX","elevation":250}},{"type":"Feature","id":"MMPN","geometry":{"type":"Point","coordinates":[-102.0391,19.3967]},"properties":{"station":"MMPN","name":"Uruapan","state":"MX","country":"MX","elevation":1593}},{"type":"Feature","id":"MMPQ","geometry":{"type":"Point","coordinates":[-91.9845,17.5334]},"properties":{"station":"MMPQ","name":"Palenque","state":"MX","country":"MX","elevation":76.61129}},{"type":"Feature","id":"MMPR","geometry":{"type":"Point","coordinates":[-105.2542,20.6801]},"properties":{"station":"MMPR","name":"Puerto Vallarta","state":"MX","country":"MX","elevation":6}},{"type":"Feature","id":"MMPS","geometry":{"type":"Point","coordinates":[-97.0891,15.8769]},"properties":{"station":"MMPS","name":"Puerto Escondido","state":"MX","country":"MX","elevation":88}},{"type":"Feature","id":"MMQT","geometry":{"type":"Point","coordinates":[-100.4,20.5833]},"properties":{"station":"MMQT","name":"Queretaro","state":"MX","country":"MX","elevation":1813}},{"type":"Feature","id":"MMRX","geometry":{"type":"Point","coordinates":[-98.2285,26.0089]},"properties":{"station":"MMRX","name":"Reynosa","state":"MX","country":"MX","elevation":39}},{"type":"Feature","id":"MMSD","geometry":{"type":"Point","coordinates":[-109.721,23.1518]},"properties":{"station":"MMSD","name":"San Jose Del Cabo","state":"MX","country":"MX","elevation":109}},{"type":"Feature","id":"MMSL","geometry":{"type":"Point","coordinates":[-109.937,22.948]},"properties":{"station":"MMSL","name":"Cabo San Lucas","state":"MX","country":"MX","elevation":140}},{"type":"Feature","id":"MMSM","geometry":{"type":"Point","coordinates":[-99.0164,19.7553]},"properties":{"station":"MMSM","name":"Santa Lucia","state":"MX","country":"MX","elevation":2245.42}},{"type":"Feature","id":"MMSP","geometry":{"type":"Point","coordinates":[-101.0222,22.2075]},"properties":{"station":"MMSP","name":"San Luis Potosi","state":"MX","country":"MX","elevation":1903}},{"type":"Feature","id":"MMT","geometry":{"type":"Point","coordinates":[-80.8,33.92]},"properties":{"station":"MMT","name":"MCENTIRE ANG BASE","state":"SC","country":"US","elevation":77}},{"type":"Feature","id":"MMTC","geometry":{"type":"Point","coordinates":[-103.45,25.53]},"properties":{"station":"MMTC","name":"Torreon","state":"MX","country":"MX","elevation":1124}},{"type":"Feature","id":"MMTG","geometry":{"type":"Point","coordinates":[-93.1333,16.75]},"properties":{"station":"MMTG","name":"Tuxtla Gutierrez","state":"MX","country":"MX","elevation":528}},{"type":"Feature","id":"MMTJ","geometry":{"type":"Point","coordinates":[-116.9702,32.5411]},"properties":{"station":"MMTJ","name":"Tijuana","state":"MX","country":"MX","elevation":152}},{"type":"Feature","id":"MMTL","geometry":{"type":"Point","coordinates":[-98.3572,20.0842]},"properties":{"station":"MMTL","name":"TULANCINGO  HGO.","state":"MX","country":"MX","elevation":2181}},{"type":"Feature","id":"MMTM","geometry":{"type":"Point","coordinates":[-97.8659,22.2965]},"properties":{"station":"MMTM","name":"Tampico","state":"MX","country":"MX","elevation":24}},{"type":"Feature","id":"MMTO","geometry":{"type":"Point","coordinates":[-99.566,19.3371]},"properties":{"station":"MMTO","name":"Toluca","state":"MX","country":"MX","elevation":2576}},{"type":"Feature","id":"MMTP","geometry":{"type":"Point","coordinates":[-92.37,14.7943]},"properties":{"station":"MMTP","name":"Tapachula","state":"MX","country":"MX","elevation":29}},{"type":"Feature","id":"MMU","geometry":{"type":"Point","coordinates":[-74.4149,40.7993]},"properties":{"station":"MMU","name":"MORRISTOWN MUNI","state":"NJ","country":"US","elevation":57}},{"type":"Feature","id":"MMUN","geometry":{"type":"Point","coordinates":[-86.8747,21.0458]},"properties":{"station":"MMUN","name":"Cancun","state":"MX","country":"MX","elevation":10.078368}},{"type":"Feature","id":"MMV","geometry":{"type":"Point","coordinates":[-123.1361,45.1945]},"properties":{"station":"MMV","name":"MCMINNVILLE MUNICIPAL AIRPORT","state":"OR","country":"US","elevation":48}},{"type":"Feature","id":"MMVA","geometry":{"type":"Point","coordinates":[-92.8174,17.997]},"properties":{"station":"MMVA","name":"Villahermosa","state":"MX","country":"MX","elevation":13}},{"type":"Feature","id":"MMVR","geometry":{"type":"Point","coordinates":[-96.1873,19.1459]},"properties":{"station":"MMVR","name":"Vera Cruz","state":"MX","country":"MX","elevation":16}},{"type":"Feature","id":"MMZC","geometry":{"type":"Point","coordinates":[-102.6869,22.8971]},"properties":{"station":"MMZC","name":"Zacatecas","state":"MX","country":"MX","elevation":2177}},{"type":"Feature","id":"MMZH","geometry":{"type":"Point","coordinates":[-101.4605,17.6016]},"properties":{"station":"MMZH","name":"Zihuatanejo","state":"MX","country":"MX","elevation":6}},{"type":"Feature","id":"MMZO","geometry":{"type":"Point","coordinates":[-104.5586,19.1448]},"properties":{"station":"MMZO","name":"Manzanillo","state":"MX","country":"MX","elevation":8}},{"type":"Feature","id":"MNE","geometry":{"type":"Point","coordinates":[-93.2981,32.646]},"properties":{"station":"MNE","name":"Minden","state":"LA","country":"US","elevation":84.7}},{"type":"Feature","id":"MNH","geometry":{"type":"Point","coordinates":[-104.6422,39.2231]},"properties":{"station":"MNH","name":"MONUMENT/ELBERT (CDOT)","state":"CO","country":"US","elevation":2152}},{"type":"Feature","id":"MNI","geometry":{"type":"Point","coordinates":[-80.2087,33.5871]},"properties":{"station":"MNI","name":"Manning","state":"SC","country":"US","elevation":31.4}},{"type":"Feature","id":"MNM","geometry":{"type":"Point","coordinates":[-87.6384,45.1266]},"properties":{"station":"MNM","name":"MENOMINEE","state":"MI","country":"US","elevation":191}},{"type":"Feature","id":"MNN","geometry":{"type":"Point","coordinates":[-83.0635,40.6163]},"properties":{"station":"MNN","name":"MARION","state":"OH","country":"US","elevation":301}},{"type":"Feature","id":"MNV","geometry":{"type":"Point","coordinates":[-84.3804,35.5452]},"properties":{"station":"MNV","name":"Madisonville","state":"TN","country":"US","elevation":306.08548}},{"type":"Feature","id":"MNZ","geometry":{"type":"Point","coordinates":[-98.1486,31.6659]},"properties":{"station":"MNZ","name":"Hamilton","state":"TX","country":"US","elevation":395.9}},{"type":"Feature","id":"MOB","geometry":{"type":"Point","coordinates":[-88.2456,30.6883]},"properties":{"station":"MOB","name":"MOBILE/BATES FIELD","state":"AL","country":"US","elevation":67}},{"type":"Feature","id":"MOD","geometry":{"type":"Point","coordinates":[-120.9544,37.6258]},"properties":{"station":"MOD","name":"MODESTO CITY/SHAM","state":"CA","country":"US","elevation":30}},{"type":"Feature","id":"MOP","geometry":{"type":"Point","coordinates":[-84.7372,43.6217]},"properties":{"station":"MOP","name":"MOUNT PLEASANT","state":"MI","country":"US","elevation":230}},{"type":"Feature","id":"MOR","geometry":{"type":"Point","coordinates":[-83.3754,36.1794]},"properties":{"station":"MOR","name":"Morristown Moore-Murrell","state":"TN","country":"US","elevation":392.4397}},{"type":"Feature","id":"MOT","geometry":{"type":"Point","coordinates":[-101.2803,48.2594]},"properties":{"station":"MOT","name":"MINOT_INTL","state":"ND","country":"US","elevation":523}},{"type":"Feature","id":"MOX","geometry":{"type":"Point","coordinates":[-95.9672,45.566]},"properties":{"station":"MOX","name":"MORRIS MUNI","state":"MN","country":"US","elevation":344}},{"type":"Feature","id":"MPE","geometry":{"type":"Point","coordinates":[-89.126,32.799]},"properties":{"station":"MPE","name":"Philadelphia","state":"MS","country":"US","elevation":137}},{"type":"Feature","id":"MPO","geometry":{"type":"Point","coordinates":[-75.3794,41.1389]},"properties":{"station":"MPO","name":"MT POCONO","state":"PA","country":"US","elevation":577}},{"type":"Feature","id":"MPR","geometry":{"type":"Point","coordinates":[-97.6913,38.3524]},"properties":{"station":"MPR","name":"Mc Pherson","state":"KS","country":"US","elevation":455}},{"type":"Feature","id":"MPV","geometry":{"type":"Point","coordinates":[-72.5623,44.2035]},"properties":{"station":"MPV","name":"BARRE-MONTPELIER","state":"VT","country":"US","elevation":355}},{"type":"Feature","id":"MPZ","geometry":{"type":"Point","coordinates":[-91.5122,40.9453]},"properties":{"station":"MPZ","name":"MOUNT PLEASANT","state":"IA","country":"US","elevation":222}},{"type":"Feature","id":"MQB","geometry":{"type":"Point","coordinates":[-90.65,40.52]},"properties":{"station":"MQB","name":"MACOMB MUNI","state":"IL","country":"US","elevation":215}},{"type":"Feature","id":"MQI","geometry":{"type":"Point","coordinates":[-75.6955,35.919]},"properties":{"station":"MQI","name":"MANTEO/DARE_CO_RGNL","state":"NC","country":"US","elevation":4}},{"type":"Feature","id":"MQJ","geometry":{"type":"Point","coordinates":[-85.8971,39.8435]},"properties":{"station":"MQJ","name":"Indianapolis Mount Comfort","state":"IN","country":"US","elevation":260.9939}},{"type":"Feature","id":"MQS","geometry":{"type":"Point","coordinates":[-75.8655,39.979]},"properties":{"station":"MQS","name":"Coatesville","state":"PA","country":"US","elevation":201.2}},{"type":"Feature","id":"MQW","geometry":{"type":"Point","coordinates":[-82.8794,32.0969]},"properties":{"station":"MQW","name":"Mc Rae","state":"GA","country":"US","elevation":60}},{"type":"Feature","id":"MQY","geometry":{"type":"Point","coordinates":[-86.5201,36.009]},"properties":{"station":"MQY","name":"SMYRNA","state":"TN","country":"US","elevation":166}},{"type":"Feature","id":"MRB","geometry":{"type":"Point","coordinates":[-77.9847,39.4019]},"properties":{"station":"MRB","name":"MARTINSBURG RGNL","state":"WV","country":"US","elevation":170}},{"type":"Feature","id":"MRC","geometry":{"type":"Point","coordinates":[-87.1791,35.5544]},"properties":{"station":"MRC","name":"Columbia","state":"TN","country":"US","elevation":200.75005}},{"type":"Feature","id":"MRF","geometry":{"type":"Point","coordinates":[-104.02,30.37]},"properties":{"station":"MRF","name":"Marfa","state":"TX","country":"US","elevation":1481}},{"type":"Feature","id":"MRH","geometry":{"type":"Point","coordinates":[-76.6606,34.7336]},"properties":{"station":"MRH","name":"SMITH_FIELD/BEAUFORT_(ASOS)","state":"NC","country":"US","elevation":3}},{"type":"Feature","id":"MRN","geometry":{"type":"Point","coordinates":[-81.61,35.82]},"properties":{"station":"MRN","name":"MORGANTON-LENOIR_AIRPORT","state":"NC","country":"US","elevation":387}},{"type":"Feature","id":"MRT","geometry":{"type":"Point","coordinates":[-83.3516,40.2247]},"properties":{"station":"MRT","name":"Marysville","state":"OH","country":"US","elevation":311.2}},{"type":"Feature","id":"MRY","geometry":{"type":"Point","coordinates":[-121.8488,36.5904]},"properties":{"station":"MRY","name":"Monterey Peninsula","state":"CA","country":"US","elevation":45.859528}},{"type":"Feature","id":"MSL","geometry":{"type":"Point","coordinates":[-87.5996,34.7439]},"properties":{"station":"MSL","name":"MUSCLE SHOALS RGNL","state":"AL","country":"US","elevation":168}},{"type":"Feature","id":"MSN","geometry":{"type":"Point","coordinates":[-89.3453,43.1406]},"properties":{"station":"MSN","name":"MADISON","state":"WI","country":"US","elevation":261}},{"type":"Feature","id":"MSO","geometry":{"type":"Point","coordinates":[-114.0925,46.9208]},"properties":{"station":"MSO","name":"MISSOULA/BELL FIELD","state":"MT","country":"US","elevation":972}},{"type":"Feature","id":"MSP","geometry":{"type":"Point","coordinates":[-93.2313,44.8854]},"properties":{"station":"MSP","name":"MINNEAPOLIS","state":"MN","country":"US","elevation":265}},{"type":"Feature","id":"MSS","geometry":{"type":"Point","coordinates":[-74.848,44.9334]},"properties":{"station":"MSS","name":"Massena - Richards","state":"NY","country":"US","elevation":61}},{"type":"Feature","id":"MSV","geometry":{"type":"Point","coordinates":[-74.795,41.7016]},"properties":{"station":"MSV","name":"Monticello","state":"NY","country":"US","elevation":428}},{"type":"Feature","id":"MSY","geometry":{"type":"Point","coordinates":[-90.2511,29.9933]},"properties":{"station":"MSY","name":"NEW ORLEANS/MOISANT","state":"LA","country":"US","elevation":9}},{"type":"Feature","id":"MTC","geometry":{"type":"Point","coordinates":[-82.8355,42.6083]},"properties":{"station":"MTC","name":"SELFRIDGE ANGB","state":"MI","country":"US","elevation":177}},{"type":"Feature","id":"MTH","geometry":{"type":"Point","coordinates":[-81.0514,24.7262]},"properties":{"station":"MTH","name":"Marathon","state":"FL","country":"US","elevation":2}},{"type":"Feature","id":"MTJ","geometry":{"type":"Point","coordinates":[-107.8975,38.505]},"properties":{"station":"MTJ","name":"MONTROSE CO. ARPT","state":"CO","country":"US","elevation":1755}},{"type":"Feature","id":"MTK","geometry":{"type":"Point","coordinates":[-89.3958,28.6967]},"properties":{"station":"MTK","name":"South Pass 89E-B","state":"LA","country":"US","elevation":30}},{"type":"Feature","id":"MTN","geometry":{"type":"Point","coordinates":[-76.4138,39.3257]},"properties":{"station":"MTN","name":"BALTIMORE/MARTIN","state":"MD","country":"US","elevation":7}},{"type":"Feature","id":"MTO","geometry":{"type":"Point","coordinates":[-88.2792,39.4779]},"properties":{"station":"MTO","name":"MATTOON/CHARLEST","state":"IL","country":"US","elevation":214}},{"type":"Feature","id":"MTP","geometry":{"type":"Point","coordinates":[-71.9233,41.0731]},"properties":{"station":"MTP","name":"MONTAUK AIRPORT","state":"NY","country":"US","elevation":6}},{"type":"Feature","id":"MTV","geometry":{"type":"Point","coordinates":[-80.0133,36.6272]},"properties":{"station":"MTV","name":"MARTINSVILLE","state":"VA","country":"US","elevation":287}},{"type":"Feature","id":"MTW","geometry":{"type":"Point","coordinates":[-87.6806,44.1288]},"properties":{"station":"MTW","name":"MANITOWAC MUNI","state":"WI","country":"US","elevation":198}},{"type":"Feature","id":"MUI","geometry":{"type":"Point","coordinates":[-76.5693,40.4348]},"properties":{"station":"MUI","name":"MUIR AAF/INDIANTOWN","state":"PA","country":"US","elevation":149}},{"type":"Feature","id":"MUO","geometry":{"type":"Point","coordinates":[-115.8724,43.0436]},"properties":{"station":"MUO","name":"MOUNTAIN HOME AFB","state":"ID","country":"US","elevation":913}},{"type":"Feature","id":"MUT","geometry":{"type":"Point","coordinates":[-91.1406,41.367]},"properties":{"station":"MUT","name":"MUSCATINE","state":"IA","country":"US","elevation":165.5}},{"type":"Feature","id":"MVE","geometry":{"type":"Point","coordinates":[-95.7103,44.9691]},"properties":{"station":"MVE","name":"MONTEVIDEO","state":"MN","country":"US","elevation":315}},{"type":"Feature","id":"MVH","geometry":{"type":"Point","coordinates":[-108.9368,46.8381]},"properties":{"station":"MVH","name":"Grassrange","state":"MT","country":"US","elevation":1338.9896}},{"type":"Feature","id":"MVL","geometry":{"type":"Point","coordinates":[-72.614,44.5346]},"properties":{"station":"MVL","name":"MORRISVILLE","state":"VT","country":"US","elevation":234}},{"type":"Feature","id":"MVN","geometry":{"type":"Point","coordinates":[-88.8583,38.3233]},"properties":{"station":"MVN","name":"MOUNT VERNON","state":"IL","country":"US","elevation":146}},{"type":"Feature","id":"MVY","geometry":{"type":"Point","coordinates":[-70.615,41.3931]},"properties":{"station":"MVY","name":"MARTHAS VINEYARD","state":"MA","country":"US","elevation":21}},{"type":"Feature","id":"MWA","geometry":{"type":"Point","coordinates":[-89.0111,37.755]},"properties":{"station":"MWA","name":"MARION REGIONAL","state":"IL","country":"US","elevation":144}},{"type":"Feature","id":"MWC","geometry":{"type":"Point","coordinates":[-88.0344,43.1104]},"properties":{"station":"MWC","name":"MILWAUKEE/LAWREN","state":"WI","country":"US","elevation":224}},{"type":"Feature","id":"MWH","geometry":{"type":"Point","coordinates":[-119.3191,47.2086]},"properties":{"station":"MWH","name":"MOSES LAKE/GRANT CO","state":"WA","country":"US","elevation":361}},{"type":"Feature","id":"MWK","geometry":{"type":"Point","coordinates":[-80.55,36.46]},"properties":{"station":"MWK","name":"MOUNT_AIRY/SURRY_COUNTY_APRT","state":"NC","country":"US","elevation":380}},{"type":"Feature","id":"MWL","geometry":{"type":"Point","coordinates":[-98.0602,32.7816]},"properties":{"station":"MWL","name":"MINERAL WELLS MUNI","state":"TX","country":"US","elevation":296}},{"type":"Feature","id":"MWM","geometry":{"type":"Point","coordinates":[-95.1094,43.9134]},"properties":{"station":"MWM","name":"WINDOM MUNI AIRP","state":"MN","country":"US","elevation":430}},{"type":"Feature","id":"MWN","geometry":{"type":"Point","coordinates":[-71.3035,44.2708]},"properties":{"station":"MWN","name":"Mount Washington","state":"NH","country":"US","elevation":1910}},{"type":"Feature","id":"MWO","geometry":{"type":"Point","coordinates":[-84.3953,39.531]},"properties":{"station":"MWO","name":"Middletown","state":"OH","country":"US","elevation":198}},{"type":"Feature","id":"MWS","geometry":{"type":"Point","coordinates":[-118.0667,34.2333]},"properties":{"station":"MWS","name":"MOUNT WILSON","state":"CA","country":"US","elevation":1739}},{"type":"Feature","id":"MWT","geometry":{"type":"Point","coordinates":[-93.5781,34.5467]},"properties":{"station":"MWT","name":"MOUNT IDA","state":"AR","country":"US","elevation":241}},{"type":"Feature","id":"MXF","geometry":{"type":"Point","coordinates":[-86.3658,32.3829]},"properties":{"station":"MXF","name":"MAXWELL AFB/MONTGOM","state":"AL","country":"US","elevation":51}},{"type":"Feature","id":"MXO","geometry":{"type":"Point","coordinates":[-91.1605,42.2204]},"properties":{"station":"MXO","name":"MONTICELLO MUNI","state":"IA","country":"US","elevation":254.5}},{"type":"Feature","id":"MYF","geometry":{"type":"Point","coordinates":[-117.1396,32.8157]},"properties":{"station":"MYF","name":"SAN DIEGO/MONTG","state":"CA","country":"US","elevation":124}},{"type":"Feature","id":"MYJ","geometry":{"type":"Point","coordinates":[-91.8183,39.1575]},"properties":{"station":"MYJ","name":"Mexico","state":"MO","country":"US","elevation":248.04445}},{"type":"Feature","id":"MYL","geometry":{"type":"Point","coordinates":[-116.1017,44.8889]},"properties":{"station":"MYL","name":"MC CALL","state":"ID","country":"US","elevation":1531}},{"type":"Feature","id":"MYP","geometry":{"type":"Point","coordinates":[-106.3168,38.484]},"properties":{"station":"MYP","name":"MONARCH PASS (CDOT)","state":"CO","country":"US","elevation":3667}},{"type":"Feature","id":"MYR","geometry":{"type":"Point","coordinates":[-78.93,33.68]},"properties":{"station":"MYR","name":"MYRTLE BEACH(CIV)","state":"SC","country":"US","elevation":8}},{"type":"Feature","id":"MYV","geometry":{"type":"Point","coordinates":[-121.5688,39.102]},"properties":{"station":"MYV","name":"Marysville/Yuba County","state":"CA","country":"US","elevation":16.997013}},{"type":"Feature","id":"MYZ","geometry":{"type":"Point","coordinates":[-96.6306,39.8553]},"properties":{"station":"MYZ","name":"Marysville","state":"KS","country":"US","elevation":393.16907}},{"type":"Feature","id":"MZH","geometry":{"type":"Point","coordinates":[-92.8048,46.4186]},"properties":{"station":"MZH","name":"MOOSE LAKE","state":"MN","country":"US","elevation":328}},{"type":"Feature","id":"MZJ","geometry":{"type":"Point","coordinates":[-111.3279,32.51]},"properties":{"station":"MZJ","name":"Pinal Airpark","state":"AZ","country":"US","elevation":570.9533}},{"type":"Feature","id":"MZM","geometry":{"type":"Point","coordinates":[-88.8616,29.294]},"properties":{"station":"MZM","name":"Main Pass 69P","state":"LA","country":"US","elevation":1}},{"type":"Feature","id":"MZZ","geometry":{"type":"Point","coordinates":[-85.6797,40.4899]},"properties":{"station":"MZZ","name":"Marion","state":"IN","country":"US","elevation":261.8}},{"type":"Feature","id":"N03","geometry":{"type":"Point","coordinates":[-76.2174,42.5929]},"properties":{"station":"N03","name":"Cortland","state":"NY","country":"US","elevation":356.6352}},{"type":"Feature","id":"N24","geometry":{"type":"Point","coordinates":[-105.6,36.8]},"properties":{"station":"N24","name":"Questa","state":"NM","country":"US","elevation":2333}},{"type":"Feature","id":"N38","geometry":{"type":"Point","coordinates":[-77.3965,41.7279]},"properties":{"station":"N38","name":"Wellsboro","state":"PA","country":"US","elevation":572.8793}},{"type":"Feature","id":"N40","geometry":{"type":"Point","coordinates":[-74.9877,40.5765]},"properties":{"station":"N40","name":"Pittstown","state":"NJ","country":"US","elevation":147}},{"type":"Feature","id":"N60","geometry":{"type":"Point","coordinates":[-101.4394,47.6458]},"properties":{"station":"N60","name":"GARRISON","state":"ND","country":"US","elevation":587}},{"type":"Feature","id":"N79","geometry":{"type":"Point","coordinates":[-76.5525,40.8369]},"properties":{"station":"N79","name":"Shamokin","state":"PA","country":"US","elevation":262}},{"type":"Feature","id":"NAK","geometry":{"type":"Point","coordinates":[-76.4891,38.9913]},"properties":{"station":"NAK","name":"Annapolis","state":"MD","country":"US","elevation":1.3335942}},{"type":"Feature","id":"NBC","geometry":{"type":"Point","coordinates":[-80.7232,32.4774]},"properties":{"station":"NBC","name":"BEAUFORT MCAS","state":"SC","country":"US","elevation":12}},{"type":"Feature","id":"NBG","geometry":{"type":"Point","coordinates":[-90.035,29.8253]},"properties":{"station":"NBG","name":"NEW ORLEANS NAS","state":"LA","country":"US","elevation":-6}},{"type":"Feature","id":"NBJ","geometry":{"type":"Point","coordinates":[-87.6353,30.3891]},"properties":{"station":"NBJ","name":"Foley","state":"AL","country":"US","elevation":15.187012}},{"type":"Feature","id":"NBT","geometry":{"type":"Point","coordinates":[-76.4625,35.0222]},"properties":{"station":"NBT","name":"Piney Island","state":"NC","country":"US","elevation":5}},{"type":"Feature","id":"NCA","geometry":{"type":"Point","coordinates":[-77.4397,34.7084]},"properties":{"station":"NCA","name":"NEW_RIVER_MCAS","state":"NC","country":"US","elevation":8}},{"type":"Feature","id":"NDZ","geometry":{"type":"Point","coordinates":[-87.0231,30.7044]},"properties":{"station":"NDZ","name":"Milton","state":"FL","country":"US","elevation":54}},{"type":"Feature","id":"NEL","geometry":{"type":"Point","coordinates":[-74.3536,40.0334]},"properties":{"station":"NEL","name":"LAKEHURST NAS","state":"NJ","country":"US","elevation":31}},{"type":"Feature","id":"NEN","geometry":{"type":"Point","coordinates":[-81.867,30.3495]},"properties":{"station":"NEN","name":"Jacksonville - Whitehouse","state":"FL","country":"US","elevation":25.753742}},{"type":"Feature","id":"NEW","geometry":{"type":"Point","coordinates":[-90.0282,30.0424]},"properties":{"station":"NEW","name":"NEW ORLEANS/LAKEFRO","state":"LA","country":"US","elevation":3}},{"type":"Feature","id":"NFE","geometry":{"type":"Point","coordinates":[-76.1356,36.695]},"properties":{"station":"NFE","name":"Fentress","state":"VA","country":"US","elevation":5}},{"type":"Feature","id":"NFG","geometry":{"type":"Point","coordinates":[-117.3551,33.3011]},"properties":{"station":"NFG","name":"CAMP PENDLETON MCAS","state":"CA","country":"US","elevation":24}},{"type":"Feature","id":"NFJ","geometry":{"type":"Point","coordinates":[-86.9597,30.5069]},"properties":{"station":"NFJ","name":"Choctaw","state":"FL","country":"US","elevation":30.99748}},{"type":"Feature","id":"NFL","geometry":{"type":"Point","coordinates":[-118.701,39.4166]},"properties":{"station":"NFL","name":"FALLON NAS","state":"NV","country":"US","elevation":1199}},{"type":"Feature","id":"NFW","geometry":{"type":"Point","coordinates":[-97.4365,32.781]},"properties":{"station":"NFW","name":"FORT WORTH NAS","state":"TX","country":"US","elevation":198}},{"type":"Feature","id":"NGP","geometry":{"type":"Point","coordinates":[-97.2911,27.6926]},"properties":{"station":"NGP","name":"CORPUS CHRISTI NAS","state":"TX","country":"US","elevation":6}},{"type":"Feature","id":"NGU","geometry":{"type":"Point","coordinates":[-76.2893,36.9375]},"properties":{"station":"NGU","name":"NORFOLK NAS/CHAMBER","state":"VA","country":"US","elevation":5}},{"type":"Feature","id":"NGW","geometry":{"type":"Point","coordinates":[-97.4388,27.7024]},"properties":{"station":"NGW","name":"Corpus Christi - Cabaniss Field","state":"TX","country":"US","elevation":8}},{"type":"Feature","id":"NHK","geometry":{"type":"Point","coordinates":[-76.4118,38.286]},"properties":{"station":"NHK","name":"PATUXENT RIVER NAS","state":"MD","country":"US","elevation":12}},{"type":"Feature","id":"NID","geometry":{"type":"Point","coordinates":[-117.692,35.6855]},"properties":{"station":"NID","name":"CHINA LAKE (NAF)","state":"CA","country":"US","elevation":696}},{"type":"Feature","id":"NIP","geometry":{"type":"Point","coordinates":[-81.6747,30.2342]},"properties":{"station":"NIP","name":"JACKSONVILLE NAS","state":"FL","country":"US","elevation":7}},{"type":"Feature","id":"NJK","geometry":{"type":"Point","coordinates":[-115.6717,32.8292]},"properties":{"station":"NJK","name":"EL CENTRO NAF","state":"CA","country":"US","elevation":-17}},{"type":"Feature","id":"NJM","geometry":{"type":"Point","coordinates":[-77.0294,34.694]},"properties":{"station":"NJM","name":"Bogue Field","state":"NC","country":"US","elevation":3.163574}},{"type":"Feature","id":"NJW","geometry":{"type":"Point","coordinates":[-88.8317,32.7962]},"properties":{"station":"NJW","name":"Meridian Range","state":"MS","country":"US","elevation":162.77052}},{"type":"Feature","id":"NKT","geometry":{"type":"Point","coordinates":[-76.88,34.9]},"properties":{"station":"NKT","name":"CHERRY_POINT_MCAS","state":"NC","country":"US","elevation":9}},{"type":"Feature","id":"NKX","geometry":{"type":"Point","coordinates":[-117.1366,32.8645]},"properties":{"station":"NKX","name":"MIRAMAR NAS","state":"CA","country":"US","elevation":128}},{"type":"Feature","id":"NLC","geometry":{"type":"Point","coordinates":[-119.9521,36.333]},"properties":{"station":"NLC","name":"LEMOORE NAS/REEVES","state":"CA","country":"US","elevation":72}},{"type":"Feature","id":"NMM","geometry":{"type":"Point","coordinates":[-88.5556,32.5521]},"properties":{"station":"NMM","name":"MERIDIAN NAS/MCCAIN","state":"MS","country":"US","elevation":97}},{"type":"Feature","id":"NMT","geometry":{"type":"Point","coordinates":[-98.7242,28.2361]},"properties":{"station":"NMT","name":"McMullen","state":"TX","country":"US","elevation":89.30641}},{"type":"Feature","id":"NOG","geometry":{"type":"Point","coordinates":[-98.0517,27.9011]},"properties":{"station":"NOG","name":"ORANGE GROVE","state":"TX","country":"US","elevation":78}},{"type":"Feature","id":"NOW","geometry":{"type":"Point","coordinates":[-123.414,48.1413]},"properties":{"station":"NOW","name":"Port Angeles","state":"WA","country":"US","elevation":-75}},{"type":"Feature","id":"NOZ","geometry":{"type":"Point","coordinates":[-114.4673,32.5095]},"properties":{"station":"NOZ","name":"Wellton","state":"AZ","country":"US","elevation":94.97484}},{"type":"Feature","id":"NPA","geometry":{"type":"Point","coordinates":[-87.318,30.3533]},"properties":{"station":"NPA","name":"PENSACOLA NAS","state":"FL","country":"US","elevation":9}},{"type":"Feature","id":"NQA","geometry":{"type":"Point","coordinates":[-89.8703,35.3567]},"properties":{"station":"NQA","name":"MEMPHIS NAS","state":"TN","country":"US","elevation":98}},{"type":"Feature","id":"NQI","geometry":{"type":"Point","coordinates":[-97.8097,27.5072]},"properties":{"station":"NQI","name":"KINGSVILLE NAS","state":"TX","country":"US","elevation":15}},{"type":"Feature","id":"NQX","geometry":{"type":"Point","coordinates":[-81.6888,24.5757]},"properties":{"station":"NQX","name":"KEY WEST NAS","state":"FL","country":"US","elevation":2}},{"type":"Feature","id":"NRA","geometry":{"type":"Point","coordinates":[-122.6333,48.1833]},"properties":{"station":"NRA","name":"Coupeville Naval","state":"WA","country":"US","elevation":58}},{"type":"Feature","id":"NRB","geometry":{"type":"Point","coordinates":[-81.4245,30.3914]},"properties":{"station":"NRB","name":"MAYPORT NS","state":"FL","country":"US","elevation":5}},{"type":"Feature","id":"NRN","geometry":{"type":"Point","coordinates":[-99.8947,39.8504]},"properties":{"station":"NRN","name":"NORTON","state":"KS","country":"US","elevation":720}},{"type":"Feature","id":"NRS","geometry":{"type":"Point","coordinates":[-117.11,32.5631]},"properties":{"station":"NRS","name":"IMPERIAL BEACH/REAM","state":"CA","country":"US","elevation":7}},{"type":"Feature","id":"NSE","geometry":{"type":"Point","coordinates":[-87.0219,30.7242]},"properties":{"station":"NSE","name":"WHITING FLD NAS-N.","state":"FL","country":"US","elevation":61}},{"type":"Feature","id":"NSI","geometry":{"type":"Point","coordinates":[-119.4582,33.2398]},"properties":{"station":"NSI","name":"SAN NICOLAS ISLAND","state":"CA","country":"US","elevation":154}},{"type":"Feature","id":"NTD","geometry":{"type":"Point","coordinates":[-119.12,34.12]},"properties":{"station":"NTD","name":"PT MUGU NAWS","state":"CA","country":"US","elevation":2}},{"type":"Feature","id":"NTU","geometry":{"type":"Point","coordinates":[-76.0335,36.8207]},"properties":{"station":"NTU","name":"OCEANA NAS/SOUCEK","state":"VA","country":"US","elevation":7}},{"type":"Feature","id":"NUC","geometry":{"type":"Point","coordinates":[-118.5885,33.0228]},"properties":{"station":"NUC","name":"SAN CLEMENTE (AWOS)","state":"CA","country":"US","elevation":55}},{"type":"Feature","id":"NUI","geometry":{"type":"Point","coordinates":[-76.4285,38.146]},"properties":{"station":"NUI","name":"St Inigoes","state":"MD","country":"US","elevation":6.7}},{"type":"Feature","id":"NUQ","geometry":{"type":"Point","coordinates":[-122.049,37.4059]},"properties":{"station":"NUQ","name":"MOFFETT NAS/MTN VIE","state":"CA","country":"US","elevation":12}},{"type":"Feature","id":"NUW","geometry":{"type":"Point","coordinates":[-122.656,48.3518]},"properties":{"station":"NUW","name":"WHIDBEY ISLAND NAS","state":"WA","country":"US","elevation":14}},{"type":"Feature","id":"NWL","geometry":{"type":"Point","coordinates":[-97.3134,27.6358]},"properties":{"station":"NWL","name":"Corpus Christi - Waldron Field","state":"TX","country":"US","elevation":7}},{"type":"Feature","id":"NXP","geometry":{"type":"Point","coordinates":[-116.1622,34.2962]},"properties":{"station":"NXP","name":"TWENTYNINE PALMS","state":"CA","country":"US","elevation":626}},{"type":"Feature","id":"NY0","geometry":{"type":"Point","coordinates":[-74.3296,42.9982]},"properties":{"station":"NY0","name":"Johnstown","state":"NY","country":"US","elevation":263.0099}},{"type":"Feature","id":"NYC","geometry":{"type":"Point","coordinates":[-73.9693,40.779]},"properties":{"station":"NYC","name":"NEW YORK CITY","state":"NY","country":"US","elevation":27}},{"type":"Feature","id":"NYG","geometry":{"type":"Point","coordinates":[-77.3053,38.5017]},"properties":{"station":"NYG","name":"QUANTICO MCAF","state":"VA","country":"US","elevation":4}},{"type":"Feature","id":"NYL","geometry":{"type":"Point","coordinates":[-114.606,32.6566]},"properties":{"station":"NYL","name":"YUMA MCAS","state":"AZ","country":"US","elevation":65}},{"type":"Feature","id":"NZQN","geometry":{"type":"Point","coordinates":[168.7392,-45.0211]},"properties":{"station":"NZQN","name":"Queenstown","state":"AU","country":"AU","elevation":356}},{"type":"Feature","id":"NZY","geometry":{"type":"Point","coordinates":[-117.2098,32.6922]},"properties":{"station":"NZY","name":"NORTH ISLAND NAS","state":"CA","country":"US","elevation":8}},{"type":"Feature","id":"O05","geometry":{"type":"Point","coordinates":[-121.2412,40.2824]},"properties":{"station":"O05","name":"Chester","state":"CA","country":"US","elevation":1382}},{"type":"Feature","id":"O22","geometry":{"type":"Point","coordinates":[-120.4146,38.0304]},"properties":{"station":"O22","name":"Columbia","state":"CA","country":"US","elevation":646}},{"type":"Feature","id":"O26","geometry":{"type":"Point","coordinates":[-118.0493,36.5886]},"properties":{"station":"O26","name":"Lone Pine","state":"CA","country":"US","elevation":1124}},{"type":"Feature","id":"O32","geometry":{"type":"Point","coordinates":[-119.451,36.671]},"properties":{"station":"O32","name":"Reedley","state":"CA","country":"US","elevation":118.203835}},{"type":"Feature","id":"O54","geometry":{"type":"Point","coordinates":[-122.9223,40.7473]},"properties":{"station":"O54","name":"Weaverville","state":"CA","country":"US","elevation":716}},{"type":"Feature","id":"O61","geometry":{"type":"Point","coordinates":[-120.987,38.684]},"properties":{"station":"O61","name":"Cameron Park","state":"CA","country":"US","elevation":382}},{"type":"Feature","id":"O69","geometry":{"type":"Point","coordinates":[-122.6053,38.2578]},"properties":{"station":"O69","name":"Petaluma","state":"CA","country":"US","elevation":27.5}},{"type":"Feature","id":"O86","geometry":{"type":"Point","coordinates":[-122.6937,40.9828]},"properties":{"station":"O86","name":"Trinity Center","state":"CA","country":"US","elevation":729.63513}},{"type":"Feature","id":"OAJ","geometry":{"type":"Point","coordinates":[-77.6121,34.8292]},"properties":{"station":"OAJ","name":"JACKSONVILLE_(AWOS)","state":"NC","country":"US","elevation":29}},{"type":"Feature","id":"OAK","geometry":{"type":"Point","coordinates":[-122.2207,37.7213]},"properties":{"station":"OAK","name":"Oakland","state":"CA","country":"US","elevation":2}},{"type":"Feature","id":"OAR","geometry":{"type":"Point","coordinates":[-121.7617,36.6815]},"properties":{"station":"OAR","name":"Fort Ord Fritzsche AAF","state":"CA","country":"US","elevation":33.46055}},{"type":"Feature","id":"OBE","geometry":{"type":"Point","coordinates":[-80.8498,27.2628]},"properties":{"station":"OBE","name":"Okeechobee","state":"FL","country":"US","elevation":10.4}},{"type":"Feature","id":"OCF","geometry":{"type":"Point","coordinates":[-82.221,29.1636]},"properties":{"station":"OCF","name":"Ocala","state":"FL","country":"US","elevation":28.281782}},{"type":"Feature","id":"OCH","geometry":{"type":"Point","coordinates":[-94.7094,31.5778]},"properties":{"station":"OCH","name":"NACOGDOCHES (AWOS)","state":"TX","country":"US","elevation":108}},{"type":"Feature","id":"OCQ","geometry":{"type":"Point","coordinates":[-87.9096,44.8742]},"properties":{"station":"OCQ","name":"Oconto","state":"WI","country":"US","elevation":179.8522}},{"type":"Feature","id":"OCW","geometry":{"type":"Point","coordinates":[-77.05,35.57]},"properties":{"station":"OCW","name":"WASHINGTON/WARREN_FIELD_APRT","state":"NC","country":"US","elevation":12}},{"type":"Feature","id":"ODO","geometry":{"type":"Point","coordinates":[-102.3867,31.9206]},"properties":{"station":"ODO","name":"ODESSA-SCHLEMEYER FLD (WAS E02)","state":"TX","country":"US","elevation":915}},{"type":"Feature","id":"ODX","geometry":{"type":"Point","coordinates":[-98.9517,41.6236]},"properties":{"station":"ODX","name":"ORD/SHARP FIELD","state":"NE","country":"US","elevation":628.4149}},{"type":"Feature","id":"OEB","geometry":{"type":"Point","coordinates":[-85.0525,41.9333]},"properties":{"station":"OEB","name":"COLDWATER","state":"MI","country":"US","elevation":292}},{"type":"Feature","id":"OEL","geometry":{"type":"Point","coordinates":[-100.8166,39.1017]},"properties":{"station":"OEL","name":"Oakley","state":"KS","country":"US","elevation":919.16284}},{"type":"Feature","id":"OEO","geometry":{"type":"Point","coordinates":[-92.69,45.3086]},"properties":{"station":"OEO","name":"OSCEOLA","state":"WI","country":"US","elevation":275}},{"type":"Feature","id":"OFF","geometry":{"type":"Point","coordinates":[-95.9125,41.1183]},"properties":{"station":"OFF","name":"OFFUTT AFB/BELLE","state":"NE","country":"US","elevation":298.65878}},{"type":"Feature","id":"OFK","geometry":{"type":"Point","coordinates":[-97.4351,41.9855]},"properties":{"station":"OFK","name":"NORFOLK","state":"NE","country":"US","elevation":467.5179}},{"type":"Feature","id":"OFP","geometry":{"type":"Point","coordinates":[-77.4366,37.7089]},"properties":{"station":"OFP","name":"RICHMOND (ASOS)","state":"VA","country":"US","elevation":63}},{"type":"Feature","id":"OGA","geometry":{"type":"Point","coordinates":[-101.7697,41.1195]},"properties":{"station":"OGA","name":"OGALLALA","state":"NE","country":"US","elevation":992.2767}},{"type":"Feature","id":"OGB","geometry":{"type":"Point","coordinates":[-80.8595,33.4568]},"properties":{"station":"OGB","name":"ORANGEBURG","state":"SC","country":"US","elevation":60}},{"type":"Feature","id":"OGD","geometry":{"type":"Point","coordinates":[-112.0129,41.1957]},"properties":{"station":"OGD","name":"OGDEN-HINCKLEY MUNI","state":"UT","country":"US","elevation":1362}},{"type":"Feature","id":"OGS","geometry":{"type":"Point","coordinates":[-75.4655,44.6819]},"properties":{"station":"OGS","name":"OGDENSBURG INTL","state":"NY","country":"US","elevation":91}},{"type":"Feature","id":"OIC","geometry":{"type":"Point","coordinates":[-75.5241,42.5666]},"properties":{"station":"OIC","name":"Norwich","state":"NY","country":"US","elevation":306.802}},{"type":"Feature","id":"OIN","geometry":{"type":"Point","coordinates":[-100.5393,39.8339]},"properties":{"station":"OIN","name":"OBERLIN","state":"KS","country":"US","elevation":824}},{"type":"Feature","id":"OJA","geometry":{"type":"Point","coordinates":[-98.6685,35.5448]},"properties":{"station":"OJA","name":"Weatherford","state":"OK","country":"US","elevation":489.2}},{"type":"Feature","id":"OJC","geometry":{"type":"Point","coordinates":[-94.7392,38.85]},"properties":{"station":"OJC","name":"OLATHE (OJC)","state":"KS","country":"US","elevation":334}},{"type":"Feature","id":"OKB","geometry":{"type":"Point","coordinates":[-117.35,33.22]},"properties":{"station":"OKB","name":"OCEANSIDE MUNICIPAL (WAS L32)","state":"CA","country":"US","elevation":9}},{"type":"Feature","id":"OKC","geometry":{"type":"Point","coordinates":[-97.6006,35.3889]},"properties":{"station":"OKC","name":"Oklahoma City","state":"OK","country":"US","elevation":397}},{"type":"Feature","id":"OKH","geometry":{"type":"Point","coordinates":[-122.6737,48.2515]},"properties":{"station":"OKH","name":"Oak Harbor","state":"WA","country":"US","elevation":58.8}},{"type":"Feature","id":"OKK","geometry":{"type":"Point","coordinates":[-86.059,40.5282]},"properties":{"station":"OKK","name":"KOKOMO","state":"IN","country":"US","elevation":253}},{"type":"Feature","id":"OKM","geometry":{"type":"Point","coordinates":[-95.95,35.67]},"properties":{"station":"OKM","name":"OKMULGEE MUNI AIRPORT","state":"OK","country":"US","elevation":220}},{"type":"Feature","id":"OKV","geometry":{"type":"Point","coordinates":[-78.1444,39.1435]},"properties":{"station":"OKV","name":"WINCHESTER RGNL","state":"VA","country":"US","elevation":222}},{"type":"Feature","id":"OLE","geometry":{"type":"Point","coordinates":[-78.3714,42.2413]},"properties":{"station":"OLE","name":"Olean","state":"NY","country":"US","elevation":649.31976}},{"type":"Feature","id":"OLF","geometry":{"type":"Point","coordinates":[-105.5751,48.0945]},"properties":{"station":"OLF","name":"WOLF POINT INTL","state":"MT","country":"US","elevation":605}},{"type":"Feature","id":"OLG","geometry":{"type":"Point","coordinates":[-91.8159,46.3174]},"properties":{"station":"OLG","name":"Solon Springs","state":"WI","country":"US","elevation":335}},{"type":"Feature","id":"OLM","geometry":{"type":"Point","coordinates":[-122.9033,46.9733]},"properties":{"station":"OLM","name":"OLYMPIA","state":"WA","country":"US","elevation":61}},{"type":"Feature","id":"OLS","geometry":{"type":"Point","coordinates":[-110.8458,31.4208]},"properties":{"station":"OLS","name":"NOGALES INTL AIRPORT","state":"AZ","country":"US","elevation":1206}},{"type":"Feature","id":"OLU","geometry":{"type":"Point","coordinates":[-97.3426,41.448]},"properties":{"station":"OLU","name":"COLUMBUS MUNI","state":"NE","country":"US","elevation":438.3929}},{"type":"Feature","id":"OLV","geometry":{"type":"Point","coordinates":[-89.7869,34.9787]},"properties":{"station":"OLV","name":"Olive Branch","state":"MS","country":"US","elevation":122.5}},{"type":"Feature","id":"OLY","geometry":{"type":"Point","coordinates":[-88.1764,38.7218]},"properties":{"station":"OLY","name":"OLNEY-NOBLE","state":"IL","country":"US","elevation":147}},{"type":"Feature","id":"OLZ","geometry":{"type":"Point","coordinates":[-91.976,42.6831]},"properties":{"station":"OLZ","name":"OELWEIN","state":"IA","country":"US","elevation":328}},{"type":"Feature","id":"OMA","geometry":{"type":"Point","coordinates":[-95.8992,41.3103]},"properties":{"station":"OMA","name":"OMAHA/EPPLEY","state":"NE","country":"US","elevation":295.66733}},{"type":"Feature","id":"OMH","geometry":{"type":"Point","coordinates":[-78.0456,38.2472]},"properties":{"station":"OMH","name":"ORANGE/ORANGE CO","state":"VA","country":"US","elevation":142}},{"type":"Feature","id":"OMK","geometry":{"type":"Point","coordinates":[-119.5181,48.4644]},"properties":{"station":"OMK","name":"OMAK AIRPORT","state":"WA","country":"US","elevation":396}},{"type":"Feature","id":"OMN","geometry":{"type":"Point","coordinates":[-81.1136,29.3006]},"properties":{"station":"OMN","name":"ORMOND BEACH MUNI","state":"FL","country":"US","elevation":9}},{"type":"Feature","id":"ONA","geometry":{"type":"Point","coordinates":[-91.7083,44.0772]},"properties":{"station":"ONA","name":"WINONA MUNI","state":"MN","country":"US","elevation":200}},{"type":"Feature","id":"ONL","geometry":{"type":"Point","coordinates":[-98.6881,42.4697]},"properties":{"station":"ONL","name":"O NEILL","state":"NE","country":"US","elevation":616.82635}},{"type":"Feature","id":"ONM","geometry":{"type":"Point","coordinates":[-106.9031,34.0225]},"properties":{"station":"ONM","name":"Socorro","state":"NM","country":"US","elevation":1485.9}},{"type":"Feature","id":"ONO","geometry":{"type":"Point","coordinates":[-117.0128,44.0206]},"properties":{"station":"ONO","name":"ONTARIO MUNICIPAL","state":"OR","country":"US","elevation":668}},{"type":"Feature","id":"ONP","geometry":{"type":"Point","coordinates":[-124.0579,44.5804]},"properties":{"station":"ONP","name":"NEWPORT MUNICIP","state":"OR","country":"US","elevation":48}},{"type":"Feature","id":"ONT","geometry":{"type":"Point","coordinates":[-117.6012,34.056]},"properties":{"station":"ONT","name":"ONTARIO INTL ARPT","state":"CA","country":"US","elevation":287}},{"type":"Feature","id":"ONX","geometry":{"type":"Point","coordinates":[-76.0154,36.3999]},"properties":{"station":"ONX","name":"Currituck","state":"NC","country":"US","elevation":5.5}},{"type":"Feature","id":"ONZ","geometry":{"type":"Point","coordinates":[-83.1615,42.0991]},"properties":{"station":"ONZ","name":"DETROIT/GROSSE I","state":"MI","country":"US","elevation":180}},{"type":"Feature","id":"OOA","geometry":{"type":"Point","coordinates":[-92.4919,41.2273]},"properties":{"station":"OOA","name":"Oskaloosa","state":"IA","country":"US","elevation":256}},{"type":"Feature","id":"OPF","geometry":{"type":"Point","coordinates":[-80.2828,25.9102]},"properties":{"station":"OPF","name":"MIAMI/OPA LOCKA","state":"FL","country":"US","elevation":3}},{"type":"Feature","id":"OPL","geometry":{"type":"Point","coordinates":[-92.0994,30.5584]},"properties":{"station":"OPL","name":"Opelousas","state":"LA","country":"US","elevation":23.447739}},{"type":"Feature","id":"OPN","geometry":{"type":"Point","coordinates":[-84.2594,32.9539]},"properties":{"station":"OPN","name":"THOMASTON","state":"GA","country":"US","elevation":243}},{"type":"Feature","id":"OQN","geometry":{"type":"Point","coordinates":[-75.5803,39.9889]},"properties":{"station":"OQN","name":"West Chester","state":"PA","country":"US","elevation":139.3616}},{"type":"Feature","id":"OQT","geometry":{"type":"Point","coordinates":[-84.2336,36.023]},"properties":{"station":"OQT","name":"OAK RIDGE","state":"TN","country":"US","elevation":277}},{"type":"Feature","id":"OQU","geometry":{"type":"Point","coordinates":[-71.4121,41.5971]},"properties":{"station":"OQU","name":"N. KINGSTON/QUONSET","state":"RI","country":"US","elevation":6}},{"type":"Feature","id":"ORB","geometry":{"type":"Point","coordinates":[-92.856,48.0159]},"properties":{"station":"ORB","name":"ORR","state":"MN","country":"US","elevation":397}},{"type":"Feature","id":"ORD","geometry":{"type":"Point","coordinates":[-87.9316,41.9602]},"properties":{"station":"ORD","name":"Chicago OHare","state":"IL","country":"US","elevation":205}},{"type":"Feature","id":"ORE","geometry":{"type":"Point","coordinates":[-72.2886,42.5701]},"properties":{"station":"ORE","name":"ORANGE (ASOS)","state":"MA","country":"US","elevation":164}},{"type":"Feature","id":"ORF","geometry":{"type":"Point","coordinates":[-76.1922,36.9033]},"properties":{"station":"ORF","name":"NORFOLK INTL ARPT","state":"VA","country":"US","elevation":9}},{"type":"Feature","id":"ORG","geometry":{"type":"Point","coordinates":[-93.8036,30.0692]},"properties":{"station":"ORG","name":"Orange","state":"TX","country":"US","elevation":4}},{"type":"Feature","id":"ORH","geometry":{"type":"Point","coordinates":[-71.8757,42.2673]},"properties":{"station":"ORH","name":"Worcester","state":"MA","country":"US","elevation":308}},{"type":"Feature","id":"ORK","geometry":{"type":"Point","coordinates":[-92.2541,34.8331]},"properties":{"station":"ORK","name":"North Little Rock","state":"AR","country":"US","elevation":162.32234}},{"type":"Feature","id":"ORL","geometry":{"type":"Point","coordinates":[-81.3329,28.5455]},"properties":{"station":"ORL","name":"ORLANDO/HERNDON","state":"FL","country":"US","elevation":34}},{"type":"Feature","id":"ORS","geometry":{"type":"Point","coordinates":[-122.91,48.71]},"properties":{"station":"ORS","name":"EASTSOUND/ORCAS ISLAND AIRPORT","state":"WA","country":"US","elevation":8}},{"type":"Feature","id":"OSA","geometry":{"type":"Point","coordinates":[-94.9614,33.0956]},"properties":{"station":"OSA","name":"MOUNT PLEASANT AIRPORT","state":"TX","country":"US","elevation":111}},{"type":"Feature","id":"OSC","geometry":{"type":"Point","coordinates":[-83.3942,44.4515]},"properties":{"station":"OSC","name":"OSCODA/WURTSMITH","state":"MI","country":"US","elevation":193}},{"type":"Feature","id":"OSH","geometry":{"type":"Point","coordinates":[-88.557,43.9843]},"properties":{"station":"OSH","name":"OSHKOSH","state":"WI","country":"US","elevation":248}},{"type":"Feature","id":"OSU","geometry":{"type":"Point","coordinates":[-83.08,40.08]},"properties":{"station":"OSU","name":"COLUMBUS/ST UNIV","state":"OH","country":"US","elevation":280}},{"type":"Feature","id":"OTG","geometry":{"type":"Point","coordinates":[-95.5792,43.6551]},"properties":{"station":"OTG","name":"WORTHINGTON","state":"MN","country":"US","elevation":480}},{"type":"Feature","id":"OTH","geometry":{"type":"Point","coordinates":[-124.2437,43.4195]},"properties":{"station":"OTH","name":"North Bend","state":"OR","country":"US","elevation":2.1607084}},{"type":"Feature","id":"OTM","geometry":{"type":"Point","coordinates":[-92.4446,41.1008]},"properties":{"station":"OTM","name":"OTTUMWA","state":"IA","country":"US","elevation":258}},{"type":"Feature","id":"OUN","geometry":{"type":"Point","coordinates":[-97.4708,35.2435]},"properties":{"station":"OUN","name":"NORMAN/WESTHEIMER","state":"OK","country":"US","elevation":357}},{"type":"Feature","id":"OVE","geometry":{"type":"Point","coordinates":[-121.62,39.49]},"properties":{"station":"OVE","name":"OROVILLE","state":"CA","country":"US","elevation":58}},{"type":"Feature","id":"OVL","geometry":{"type":"Point","coordinates":[-95.0328,44.7786]},"properties":{"station":"OVL","name":"OLIVIA","state":"MN","country":"US","elevation":328}},{"type":"Feature","id":"OVS","geometry":{"type":"Point","coordinates":[-90.6775,43.1561]},"properties":{"station":"OVS","name":"BOSCOBEL","state":"WI","country":"US","elevation":202}},{"type":"Feature","id":"OWA","geometry":{"type":"Point","coordinates":[-93.2606,44.1233]},"properties":{"station":"OWA","name":"OWATONNA","state":"MN","country":"US","elevation":350}},{"type":"Feature","id":"OWB","geometry":{"type":"Point","coordinates":[-87.1668,37.7388]},"properties":{"station":"OWB","name":"OWENSBORO/DAVIESS","state":"KY","country":"US","elevation":124}},{"type":"Feature","id":"OWD","geometry":{"type":"Point","coordinates":[-71.1733,42.1912]},"properties":{"station":"OWD","name":"NORWOOD MEMORIAL","state":"MA","country":"US","elevation":15}},{"type":"Feature","id":"OWI","geometry":{"type":"Point","coordinates":[-95.2542,38.5409]},"properties":{"station":"OWI","name":"Ottawa","state":"KS","country":"US","elevation":292.66013}},{"type":"Feature","id":"OWP","geometry":{"type":"Point","coordinates":[-96.1518,36.1753]},"properties":{"station":"OWP","name":"Sand Springs","state":"OK","country":"US","elevation":270.6337}},{"type":"Feature","id":"OWX","geometry":{"type":"Point","coordinates":[-83.982,41.0356]},"properties":{"station":"OWX","name":"Ottawa","state":"OH","country":"US","elevation":229.34503}},{"type":"Feature","id":"OXB","geometry":{"type":"Point","coordinates":[-75.1239,38.3083]},"properties":{"station":"OXB","name":"OCEAN CITY MUNI","state":"MD","country":"US","elevation":4}},{"type":"Feature","id":"OXC","geometry":{"type":"Point","coordinates":[-73.1354,41.4741]},"properties":{"station":"OXC","name":"OXFORD (AWOS)","state":"CT","country":"US","elevation":222}},{"type":"Feature","id":"OXD","geometry":{"type":"Point","coordinates":[-84.7844,39.5022]},"properties":{"station":"OXD","name":"Oxford","state":"OH","country":"US","elevation":315.96912}},{"type":"Feature","id":"OXI","geometry":{"type":"Point","coordinates":[-86.6648,41.3302]},"properties":{"station":"OXI","name":"Knox","state":"IN","country":"US","elevation":208.8}},{"type":"Feature","id":"OXR","geometry":{"type":"Point","coordinates":[-119.2072,34.2008]},"properties":{"station":"OXR","name":"OXNARD","state":"CA","country":"US","elevation":13}},{"type":"Feature","id":"OXV","geometry":{"type":"Point","coordinates":[-93.1114,41.2984]},"properties":{"station":"OXV","name":"Knoxville","state":"IA","country":"US","elevation":281.9}},{"type":"Feature","id":"OYE","geometry":{"type":"Point","coordinates":[-90.49,28.87]},"properties":{"station":"OYE","name":"South Timbalier 52B ","state":"LA","country":"US","elevation":-18}},{"type":"Feature","id":"OYM","geometry":{"type":"Point","coordinates":[-78.5026,41.4125]},"properties":{"station":"OYM","name":"St Marys","state":"PA","country":"US","elevation":579.1905}},{"type":"Feature","id":"OZA","geometry":{"type":"Point","coordinates":[-101.203,30.7353]},"properties":{"station":"OZA","name":"Ozona","state":"TX","country":"US","elevation":725.7}},{"type":"Feature","id":"OZR","geometry":{"type":"Point","coordinates":[-85.7134,31.2758]},"properties":{"station":"OZR","name":"CAIRNS AAF/OZARK","state":"AL","country":"US","elevation":91}},{"type":"Feature","id":"OZS","geometry":{"type":"Point","coordinates":[-92.6912,37.974]},"properties":{"station":"OZS","name":"Camdenton","state":"MO","country":"US","elevation":324.93677}},{"type":"Feature","id":"OZW","geometry":{"type":"Point","coordinates":[-83.9822,42.6294]},"properties":{"station":"OZW","name":"HOWELL","state":"MI","country":"US","elevation":293}},{"type":"Feature","id":"P08","geometry":{"type":"Point","coordinates":[-111.4265,32.936]},"properties":{"station":"P08","name":"Coolidge","state":"AZ","country":"US","elevation":473.33243}},{"type":"Feature","id":"P28","geometry":{"type":"Point","coordinates":[-98.5528,37.2839]},"properties":{"station":"P28","name":"MEDICINE_LODGE","state":"KS","country":"US","elevation":468}},{"type":"Feature","id":"P33","geometry":{"type":"Point","coordinates":[-109.8946,32.2454]},"properties":{"station":"P33","name":"Wilcox","state":"AZ","country":"US","elevation":1276}},{"type":"Feature","id":"P52","geometry":{"type":"Point","coordinates":[-112.0351,34.7301]},"properties":{"station":"P52","name":"Cottonwood","state":"AZ","country":"US","elevation":1079}},{"type":"Feature","id":"P53","geometry":{"type":"Point","coordinates":[-86.6508,46.4119]},"properties":{"station":"P53","name":"Munising","state":"MI","country":"US","elevation":182.38113}},{"type":"Feature","id":"P58","geometry":{"type":"Point","coordinates":[-82.7931,44.0219]},"properties":{"station":"P58","name":"PORT HOPE","state":"MI","country":"US","elevation":179}},{"type":"Feature","id":"P59","geometry":{"type":"Point","coordinates":[-87.8751,47.4674]},"properties":{"station":"P59","name":"Copper Harbor","state":"MI","country":"US","elevation":185}},{"type":"Feature","id":"P60","geometry":{"type":"Point","coordinates":[-110.4211,44.5444]},"properties":{"station":"P60","name":"YELLOWSTONE (RAMOS)","state":"WY","country":"US","elevation":2368}},{"type":"Feature","id":"P68","geometry":{"type":"Point","coordinates":[-116.0056,39.6014]},"properties":{"station":"P68","name":"EUREKA (RAMOS)","state":"NV","country":"US","elevation":1993}},{"type":"Feature","id":"P69","geometry":{"type":"Point","coordinates":[-115.5971,46.1445]},"properties":{"station":"P69","name":"Elk City (RAMOS)","state":"ID","country":"US","elevation":445}},{"type":"Feature","id":"PAAD","geometry":{"type":"Point","coordinates":[-146.2901,70.136]},"properties":{"station":"PAAD","name":"Point Thomson Airstrip","state":"AK","country":"US","elevation":5}},{"type":"Feature","id":"PAAK","geometry":{"type":"Point","coordinates":[-174.2062,52.2206]},"properties":{"station":"PAAK","name":"ATKA AIRPORT","state":"AK","country":"US","elevation":17}},{"type":"Feature","id":"PAAQ","geometry":{"type":"Point","coordinates":[-149.0887,61.5949]},"properties":{"station":"PAAQ","name":"PALMER MUNICIPAL (ASOS)","state":"AK","country":"US","elevation":71}},{"type":"Feature","id":"PABA","geometry":{"type":"Point","coordinates":[-143.5819,70.134]},"properties":{"station":"PABA","name":"BARTER ISLAND(AWOS)","state":"AK","country":"US","elevation":2}},{"type":"Feature","id":"PABE","geometry":{"type":"Point","coordinates":[-161.8264,60.7858]},"properties":{"station":"PABE","name":"BETHEL AIRPORT (ASOS)","state":"AK","country":"US","elevation":46}},{"type":"Feature","id":"PABI","geometry":{"type":"Point","coordinates":[-145.7183,63.995]},"properties":{"station":"PABI","name":"FT.GREELY/ALLEN AAF (ASOS)","state":"AK","country":"US","elevation":398}},{"type":"Feature","id":"PABL","geometry":{"type":"Point","coordinates":[-161.1491,65.9816]},"properties":{"station":"PABL","name":"BUCKLAND","state":"AK","country":"US","elevation":13.125138}},{"type":"Feature","id":"PABR","geometry":{"type":"Point","coordinates":[-156.7922,71.2826]},"properties":{"station":"PABR","name":"BARROW/POST-ROGERS (ASOS)","state":"AK","country":"US","elevation":4}},{"type":"Feature","id":"PABT","geometry":{"type":"Point","coordinates":[-151.5189,66.9165]},"properties":{"station":"PABT","name":"Bettles Field","state":"AK","country":"US","elevation":199}},{"type":"Feature","id":"PABV","geometry":{"type":"Point","coordinates":[-149.5072,61.4164]},"properties":{"station":"PABV","name":"BIRCHWOOD","state":"AK","country":"US","elevation":29}},{"type":"Feature","id":"PACD","geometry":{"type":"Point","coordinates":[-162.7323,55.2207]},"properties":{"station":"PACD","name":"Cold Bay","state":"AK","country":"US","elevation":24.05756}},{"type":"Feature","id":"PACM","geometry":{"type":"Point","coordinates":[-165.5737,61.8445]},"properties":{"station":"PACM","name":"SCAMMON BAY","state":"AK","country":"US","elevation":4}},{"type":"Feature","id":"PACV","geometry":{"type":"Point","coordinates":[-145.4511,60.4889]},"properties":{"station":"PACV","name":"CORDOVA/MILE 13","state":"AK","country":"US","elevation":13}},{"type":"Feature","id":"PACX","geometry":{"type":"Point","coordinates":[-150.2039,67.2522]},"properties":{"station":"PACX","name":"Coldfoot","state":"AK","country":"US","elevation":310}},{"type":"Feature","id":"PACZ","geometry":{"type":"Point","coordinates":[-166.0387,61.7803]},"properties":{"station":"PACZ","name":"CAPE ROMANZOFF AWOS","state":"AK","country":"US","elevation":146}},{"type":"Feature","id":"PADE","geometry":{"type":"Point","coordinates":[-162.7664,66.0696]},"properties":{"station":"PADE","name":"DEERING AIRPORT (ASOS)","state":"AK","country":"US","elevation":4}},{"type":"Feature","id":"PADG","geometry":{"type":"Point","coordinates":[-162.8992,68.0321]},"properties":{"station":"PADG","name":"Red Dog","state":"AK","country":"US","elevation":295.4}},{"type":"Feature","id":"PADK","geometry":{"type":"Point","coordinates":[-176.646,51.878]},"properties":{"station":"PADK","name":"ADAK NAS/MITCHELL","state":"AK","country":"US","elevation":4}},{"type":"Feature","id":"PADL","geometry":{"type":"Point","coordinates":[-158.5055,59.0447]},"properties":{"station":"PADL","name":"Dillingham","state":"AK","country":"US","elevation":29}},{"type":"Feature","id":"PADM","geometry":{"type":"Point","coordinates":[-162.0261,61.8643]},"properties":{"station":"PADM","name":"MARSHALL","state":"AK","country":"US","elevation":31}},{"type":"Feature","id":"PADQ","geometry":{"type":"Point","coordinates":[-152.4939,57.75]},"properties":{"station":"PADQ","name":"KODIAK (ASOS)","state":"AK","country":"US","elevation":34}},{"type":"Feature","id":"PADU","geometry":{"type":"Point","coordinates":[-166.5435,53.9001]},"properties":{"station":"PADU","name":"DUTCH HARBOR","state":"AK","country":"US","elevation":4}},{"type":"Feature","id":"PAE","geometry":{"type":"Point","coordinates":[-122.2816,47.907]},"properties":{"station":"PAE","name":"Everett - Paine Field","state":"WA","country":"US","elevation":185}},{"type":"Feature","id":"PAED","geometry":{"type":"Point","coordinates":[-149.8065,61.2514]},"properties":{"station":"PAED","name":"ELMENDORF AFB","state":"AK","country":"US","elevation":65}},{"type":"Feature","id":"PAEG","geometry":{"type":"Point","coordinates":[-141.1496,64.7781]},"properties":{"station":"PAEG","name":"EAGLE AIRPORT (ASOS)","state":"AK","country":"US","elevation":77}},{"type":"Feature","id":"PAEH","geometry":{"type":"Point","coordinates":[-162.0628,58.6464]},"properties":{"station":"PAEH","name":"CAPE NEWENHAM(AWOS)","state":"AK","country":"US","elevation":165}},{"type":"Feature","id":"PAEI","geometry":{"type":"Point","coordinates":[-147.1015,64.6657]},"properties":{"station":"PAEI","name":"EIELSON AFB","state":"AK","country":"US","elevation":167}},{"type":"Feature","id":"PAEL","geometry":{"type":"Point","coordinates":[-136.3474,58.1952]},"properties":{"station":"PAEL","name":"ELFIN COVE SEAPLANE","state":"AK","country":"US","elevation":9.02062}},{"type":"Feature","id":"PAEN","geometry":{"type":"Point","coordinates":[-151.2391,60.5797]},"properties":{"station":"PAEN","name":"KENAI MUNICIPAL (ASOS)","state":"AK","country":"US","elevation":29}},{"type":"Feature","id":"PAFA","geometry":{"type":"Point","coordinates":[-147.8761,64.8039]},"properties":{"station":"PAFA","name":"FAIRBANKS INTL ARPT (ASOS)","state":"AK","country":"US","elevation":138}},{"type":"Feature","id":"PAFB","geometry":{"type":"Point","coordinates":[-147.6144,64.8375]},"properties":{"station":"PAFB","name":"WAINWRIGHT AAF","state":"AK","country":"US","elevation":137}},{"type":"Feature","id":"PAFE","geometry":{"type":"Point","coordinates":[-133.9103,56.9614]},"properties":{"station":"PAFE","name":"KAKE SEAPLANE BASE","state":"AK","country":"US","elevation":42.077408}},{"type":"Feature","id":"PAFM","geometry":{"type":"Point","coordinates":[-157.8575,67.1063]},"properties":{"station":"PAFM","name":"AMBLER","state":"AK","country":"US","elevation":88}},{"type":"Feature","id":"PAFR","geometry":{"type":"Point","coordinates":[-149.6531,61.2664]},"properties":{"station":"PAFR","name":"Ft. Richardson","state":"AK","country":"US","elevation":121}},{"type":"Feature","id":"PAFS","geometry":{"type":"Point","coordinates":[-154.36,63.02]},"properties":{"station":"PAFS","name":"NIKOLAI","state":"AK","country":"US","elevation":126}},{"type":"Feature","id":"PAGA","geometry":{"type":"Point","coordinates":[-156.9374,64.7362]},"properties":{"station":"PAGA","name":"GALENA AIRPORT","state":"AK","country":"US","elevation":46}},{"type":"Feature","id":"PAGB","geometry":{"type":"Point","coordinates":[-149.4899,68.4797]},"properties":{"station":"PAGB","name":"GALBRAITH LAKE","state":"AK","country":"US","elevation":814}},{"type":"Feature","id":"PAGH","geometry":{"type":"Point","coordinates":[-157.1624,66.8881]},"properties":{"station":"PAGH","name":"Shungnak","state":"AK","country":"US","elevation":60}},{"type":"Feature","id":"PAGK","geometry":{"type":"Point","coordinates":[-145.457,62.1602]},"properties":{"station":"PAGK","name":"GULKANA ARPT (ASOS)","state":"AK","country":"US","elevation":481}},{"type":"Feature","id":"PAGL","geometry":{"type":"Point","coordinates":[-163.0394,64.5433]},"properties":{"station":"PAGL","name":"GOLOVIN","state":"AK","country":"US","elevation":8}},{"type":"Feature","id":"PAGM","geometry":{"type":"Point","coordinates":[-171.7328,63.7668]},"properties":{"station":"PAGM","name":"GAMBELL (AWOS)","state":"AK","country":"US","elevation":8}},{"type":"Feature","id":"PAGN","geometry":{"type":"Point","coordinates":[-134.5851,57.5036]},"properties":{"station":"PAGN","name":"ANGOON","state":"AK","country":"US","elevation":6.9889026}},{"type":"Feature","id":"PAGS","geometry":{"type":"Point","coordinates":[-135.7074,58.4253]},"properties":{"station":"PAGS","name":"GUSTAVUS","state":"AK","country":"US","elevation":9}},{"type":"Feature","id":"PAGY","geometry":{"type":"Point","coordinates":[-135.3277,59.4538]},"properties":{"station":"PAGY","name":"Skagway","state":"AK","country":"US","elevation":11}},{"type":"Feature","id":"PAH","geometry":{"type":"Point","coordinates":[-88.7744,37.0563]},"properties":{"station":"PAH","name":"PADUCAH/BARKLEY","state":"KY","country":"US","elevation":120}},{"type":"Feature","id":"PAHC","geometry":{"type":"Point","coordinates":[-159.7749,62.1883]},"properties":{"station":"PAHC","name":"HOLY CROSS","state":"AK","country":"US","elevation":21}},{"type":"Feature","id":"PAHL","geometry":{"type":"Point","coordinates":[-156.3514,65.6979]},"properties":{"station":"PAHL","name":"Huslia","state":"AK","country":"US","elevation":67}},{"type":"Feature","id":"PAHN","geometry":{"type":"Point","coordinates":[-135.5117,59.2429]},"properties":{"station":"PAHN","name":"Haines","state":"AK","country":"US","elevation":7}},{"type":"Feature","id":"PAHO","geometry":{"type":"Point","coordinates":[-151.4766,59.6456]},"properties":{"station":"PAHO","name":"HOMER MUNICIPAL (ASOS)","state":"AK","country":"US","elevation":22}},{"type":"Feature","id":"PAHP","geometry":{"type":"Point","coordinates":[-166.1466,61.5239]},"properties":{"station":"PAHP","name":"HOOPER BAY (AWOS)","state":"AK","country":"US","elevation":5}},{"type":"Feature","id":"PAHX","geometry":{"type":"Point","coordinates":[-159.5692,62.6923]},"properties":{"station":"PAHX","name":"Shageluk","state":"AK","country":"US","elevation":17}},{"type":"Feature","id":"PAHY","geometry":{"type":"Point","coordinates":[-132.8281,55.2061]},"properties":{"station":"PAHY","name":"Hydaburg Seaplane Base","state":"AK","country":"US","elevation":0.14087102}},{"type":"Feature","id":"PAIG","geometry":{"type":"Point","coordinates":[-155.9018,59.324]},"properties":{"station":"PAIG","name":"IGIUGIG","state":"AK","country":"US","elevation":29}},{"type":"Feature","id":"PAII","geometry":{"type":"Point","coordinates":[-157.3856,58.1853]},"properties":{"station":"PAII","name":"EGEGIK(AWOS)","state":"AK","country":"US","elevation":119}},{"type":"Feature","id":"PAIK","geometry":{"type":"Point","coordinates":[-160.4365,66.9759]},"properties":{"station":"PAIK","name":"Kiana","state":"AK","country":"US","elevation":51}},{"type":"Feature","id":"PAIL","geometry":{"type":"Point","coordinates":[-154.9092,59.7492]},"properties":{"station":"PAIL","name":"ILIAMNA ARPT (ASOS)","state":"AK","country":"US","elevation":49}},{"type":"Feature","id":"PAIM","geometry":{"type":"Point","coordinates":[-153.7038,65.9928]},"properties":{"station":"PAIM","name":"INDIAN MTN AFS AWOS","state":"AK","country":"US","elevation":389}},{"type":"Feature","id":"PAIN","geometry":{"type":"Point","coordinates":[-148.9106,63.7326]},"properties":{"station":"PAIN","name":"MCKINLEY PARK","state":"AK","country":"US","elevation":524}},{"type":"Feature","id":"PAIW","geometry":{"type":"Point","coordinates":[-168.0949,65.6226]},"properties":{"station":"PAIW","name":"Wales","state":"AK","country":"US","elevation":6.7}},{"type":"Feature","id":"PAJC","geometry":{"type":"Point","coordinates":[-158.3732,56.3115]},"properties":{"station":"PAJC","name":"CHIGNIK","state":"AK","country":"US","elevation":20}},{"type":"Feature","id":"PAJN","geometry":{"type":"Point","coordinates":[-134.5763,58.355]},"properties":{"station":"PAJN","name":"JUNEAU INTL AIRPORT (ASOS)","state":"AK","country":"US","elevation":7}},{"type":"Feature","id":"PAJZ","geometry":{"type":"Point","coordinates":[-157.2595,59.7266]},"properties":{"station":"PAJZ","name":"KOLIGANEK","state":"AK","country":"US","elevation":82}},{"type":"Feature","id":"PAKF","geometry":{"type":"Point","coordinates":[-163.4103,54.8474]},"properties":{"station":"PAKF","name":"False Pass Airport","state":"AK","country":"US","elevation":6}},{"type":"Feature","id":"PAKH","geometry":{"type":"Point","coordinates":[-154.18,56.94]},"properties":{"station":"PAKH","name":"AKHIOK","state":"AK","country":"US","elevation":13}},{"type":"Feature","id":"PAKI","geometry":{"type":"Point","coordinates":[-164.03,59.93]},"properties":{"station":"PAKI","name":"KIPNUK","state":"AK","country":"US","elevation":3}},{"type":"Feature","id":"PAKK","geometry":{"type":"Point","coordinates":[-161.1543,64.9395]},"properties":{"station":"PAKK","name":"KOYUK","state":"AK","country":"US","elevation":40}},{"type":"Feature","id":"PAKN","geometry":{"type":"Point","coordinates":[-156.6539,58.6836]},"properties":{"station":"PAKN","name":"KING SALMON (ASOS)","state":"AK","country":"US","elevation":15}},{"type":"Feature","id":"PAKP","geometry":{"type":"Point","coordinates":[-151.7433,68.1336]},"properties":{"station":"PAKP","name":"ANAKTUVUK PASS","state":"AK","country":"US","elevation":643}},{"type":"Feature","id":"PAKT","geometry":{"type":"Point","coordinates":[-131.7117,55.3567]},"properties":{"station":"PAKT","name":"KETCHIKAN INTL ARPT (ASOS)","state":"AK","country":"US","elevation":29}},{"type":"Feature","id":"PAKU","geometry":{"type":"Point","coordinates":[-149.5975,70.3308]},"properties":{"station":"PAKU","name":"KUPARUK AIRPORT","state":"AK","country":"US","elevation":20}},{"type":"Feature","id":"PAKV","geometry":{"type":"Point","coordinates":[-158.7413,64.319]},"properties":{"station":"PAKV","name":"KALTAG AIRPORT (ASOS)","state":"AK","country":"US","elevation":60}},{"type":"Feature","id":"PAKW","geometry":{"type":"Point","coordinates":[-133.076,55.5792]},"properties":{"station":"PAKW","name":"KLAWOCK (ASOS)","state":"AK","country":"US","elevation":15}},{"type":"Feature","id":"PAKX","geometry":{"type":"Point","coordinates":[-154.323,60.198]},"properties":{"station":"PAKX","name":"Wilder/Natwick","state":"AK","country":"US","elevation":93}},{"type":"Feature","id":"PALG","geometry":{"type":"Point","coordinates":[-160.3413,61.5363]},"properties":{"station":"PALG","name":"KALSKAG","state":"AK","country":"US","elevation":17}},{"type":"Feature","id":"PALH","geometry":{"type":"Point","coordinates":[-149.9651,61.1786]},"properties":{"station":"PALH","name":"Lake Hood Seaplane","state":"AK","country":"US","elevation":22}},{"type":"Feature","id":"PALP","geometry":{"type":"Point","coordinates":[-150.9447,70.3443]},"properties":{"station":"PALP","name":"Alpine","state":"AK","country":"US","elevation":7.998743}},{"type":"Feature","id":"PALU","geometry":{"type":"Point","coordinates":[-166.1333,68.8833]},"properties":{"station":"PALU","name":"CAPE LISBURNE(AWOS)","state":"AK","country":"US","elevation":3}},{"type":"Feature","id":"PAM","geometry":{"type":"Point","coordinates":[-85.5754,30.0696]},"properties":{"station":"PAM","name":"TYNDALL AFB","state":"FL","country":"US","elevation":5}},{"type":"Feature","id":"PAMB","geometry":{"type":"Point","coordinates":[-159.05,58.9833]},"properties":{"station":"PAMB","name":"MANOKOTAK","state":"AK","country":"US","elevation":16}},{"type":"Feature","id":"PAMC","geometry":{"type":"Point","coordinates":[-155.607,62.9528]},"properties":{"station":"PAMC","name":"MCGRATH (ASOS)","state":"AK","country":"US","elevation":103}},{"type":"Feature","id":"PAMD","geometry":{"type":"Point","coordinates":[-146.338,59.432]},"properties":{"station":"PAMD","name":"MIDDLETON ISL. AMOS","state":"AK","country":"US","elevation":14}},{"type":"Feature","id":"PAMH","geometry":{"type":"Point","coordinates":[-152.3019,63.886]},"properties":{"station":"PAMH","name":"MINCHUMINA","state":"AK","country":"US","elevation":214}},{"type":"Feature","id":"PAMK","geometry":{"type":"Point","coordinates":[-162.11,63.49]},"properties":{"station":"PAMK","name":"ST MICHAEL","state":"AK","country":"US","elevation":28}},{"type":"Feature","id":"PAMM","geometry":{"type":"Point","coordinates":[-131.5885,55.1288]},"properties":{"station":"PAMM","name":"Metlakatla Seaplane Base","state":"AK","country":"US","elevation":4}},{"type":"Feature","id":"PAMO","geometry":{"type":"Point","coordinates":[-163.6819,62.0953]},"properties":{"station":"PAMO","name":"MOUNTAIN VILLAGE","state":"AK","country":"US","elevation":102}},{"type":"Feature","id":"PAMR","geometry":{"type":"Point","coordinates":[-149.8573,61.2163]},"properties":{"station":"PAMR","name":"Merrill Field","state":"AK","country":"US","elevation":30}},{"type":"Feature","id":"PAMY","geometry":{"type":"Point","coordinates":[-166.27,60.37]},"properties":{"station":"PAMY","name":"MEKORYUK","state":"AK","country":"US","elevation":15}},{"type":"Feature","id":"PAN","geometry":{"type":"Point","coordinates":[-111.3393,34.2568]},"properties":{"station":"PAN","name":"Payson","state":"AZ","country":"US","elevation":1571.9}},{"type":"Feature","id":"PANA","geometry":{"type":"Point","coordinates":[-161.9785,60.6903]},"properties":{"station":"PANA","name":"Napakiak","state":"AK","country":"US","elevation":1}},{"type":"Feature","id":"PANC","geometry":{"type":"Point","coordinates":[-150.0261,61.1697]},"properties":{"station":"PANC","name":"ANCHORAGE INTL ARPT (ASOS)","state":"AK","country":"US","elevation":40}},{"type":"Feature","id":"PANI","geometry":{"type":"Point","coordinates":[-159.543,61.5816]},"properties":{"station":"PANI","name":"ANIAK (AWOS)","state":"AK","country":"US","elevation":26}},{"type":"Feature","id":"PANN","geometry":{"type":"Point","coordinates":[-149.074,64.5473]},"properties":{"station":"PANN","name":"NENANA/MUN. (ASOS)","state":"AK","country":"US","elevation":110}},{"type":"Feature","id":"PANU","geometry":{"type":"Point","coordinates":[-158.0742,64.7294]},"properties":{"station":"PANU","name":"Nulato","state":"AK","country":"US","elevation":118}},{"type":"Feature","id":"PANV","geometry":{"type":"Point","coordinates":[-160.1901,62.6473]},"properties":{"station":"PANV","name":"ANVIK AIRPORT","state":"AK","country":"US","elevation":99}},{"type":"Feature","id":"PANW","geometry":{"type":"Point","coordinates":[-157.33,59.45]},"properties":{"station":"PANW","name":"NEW STUYAHOK","state":"AK","country":"US","elevation":92}},{"type":"Feature","id":"PAO","geometry":{"type":"Point","coordinates":[-122.1151,37.4611]},"properties":{"station":"PAO","name":"PALO ALTO AIRPORT","state":"CA","country":"US","elevation":2}},{"type":"Feature","id":"PAOH","geometry":{"type":"Point","coordinates":[-135.4519,58.1122]},"properties":{"station":"PAOH","name":"HOONAH SEAPLANE","state":"AK","country":"US","elevation":0}},{"type":"Feature","id":"PAOM","geometry":{"type":"Point","coordinates":[-165.4452,64.5122]},"properties":{"station":"PAOM","name":"NOME (ASOS)","state":"AK","country":"US","elevation":7}},{"type":"Feature","id":"PAOO","geometry":{"type":"Point","coordinates":[-165.0872,60.5413]},"properties":{"station":"PAOO","name":"TOOKSOK BAY","state":"AK","country":"US","elevation":18}},{"type":"Feature","id":"PAOR","geometry":{"type":"Point","coordinates":[-141.9292,62.9614]},"properties":{"station":"PAOR","name":"NORTHWAY (ASOS)","state":"AK","country":"US","elevation":525}},{"type":"Feature","id":"PAOT","geometry":{"type":"Point","coordinates":[-162.6068,66.8857]},"properties":{"station":"PAOT","name":"Kotzebue / Wien","state":"AK","country":"US","elevation":1}},{"type":"Feature","id":"PAOU","geometry":{"type":"Point","coordinates":[-161.16,56.01]},"properties":{"station":"PAOU","name":"NELSON LAGOON","state":"AK","country":"US","elevation":4}},{"type":"Feature","id":"PAPB","geometry":{"type":"Point","coordinates":[-169.6631,56.5769]},"properties":{"station":"PAPB","name":"ST GEORGE ISLAND (ASOS)","state":"AK","country":"US","elevation":35}},{"type":"Feature","id":"PAPE","geometry":{"type":"Point","coordinates":[-159.1608,55.9067]},"properties":{"station":"PAPE","name":"Perryville","state":"AK","country":"US","elevation":6}},{"type":"Feature","id":"PAPG","geometry":{"type":"Point","coordinates":[-132.9501,56.7999]},"properties":{"station":"PAPG","name":"Petersburg","state":"AK","country":"US","elevation":26.476944}},{"type":"Feature","id":"PAPH","geometry":{"type":"Point","coordinates":[-158.6334,56.9591]},"properties":{"station":"PAPH","name":"Port Heiden","state":"AK","country":"US","elevation":29}},{"type":"Feature","id":"PAPM","geometry":{"type":"Point","coordinates":[-161.82,59.01]},"properties":{"station":"PAPM","name":"PLATINUM","state":"AK","country":"US","elevation":5}},{"type":"Feature","id":"PAPN","geometry":{"type":"Point","coordinates":[-157.57,57.58]},"properties":{"station":"PAPN","name":"PILOT POINT","state":"AK","country":"US","elevation":17}},{"type":"Feature","id":"PAPO","geometry":{"type":"Point","coordinates":[-166.8,68.35]},"properties":{"station":"PAPO","name":"POINT HOPE (AWOS)","state":"AK","country":"US","elevation":4}},{"type":"Feature","id":"PAPR","geometry":{"type":"Point","coordinates":[-150.6436,66.8141]},"properties":{"station":"PAPR","name":"PROSPECT CREEK","state":"AK","country":"US","elevation":335}},{"type":"Feature","id":"PAPT","geometry":{"type":"Point","coordinates":[-152.75,62.1]},"properties":{"station":"PAPT","name":"PUNTILLA (LAKE)","state":"AK","country":"US","elevation":560}},{"type":"Feature","id":"PAQH","geometry":{"type":"Point","coordinates":[-161.8454,59.7551]},"properties":{"station":"PAQH","name":"Quinhagak","state":"AK","country":"US","elevation":12}},{"type":"Feature","id":"PAQT","geometry":{"type":"Point","coordinates":[-151.0056,70.21]},"properties":{"station":"PAQT","name":"NUIQSUT (ASOS)","state":"AK","country":"US","elevation":17}},{"type":"Feature","id":"PARC","geometry":{"type":"Point","coordinates":[-145.5794,68.1147]},"properties":{"station":"PARC","name":"ARCTIC VILLAGE","state":"AK","country":"US","elevation":636}},{"type":"Feature","id":"PARS","geometry":{"type":"Point","coordinates":[-161.3194,61.7749]},"properties":{"station":"PARS","name":"RUSSIAN MISSION","state":"AK","country":"US","elevation":16}},{"type":"Feature","id":"PARY","geometry":{"type":"Point","coordinates":[-155.47,64.73]},"properties":{"station":"PARY","name":"RUBY","state":"AK","country":"US","elevation":199}},{"type":"Feature","id":"PASA","geometry":{"type":"Point","coordinates":[-170.4926,63.6864]},"properties":{"station":"PASA","name":"SAVOONGA AIRPORT","state":"AK","country":"US","elevation":16}},{"type":"Feature","id":"PASC","geometry":{"type":"Point","coordinates":[-148.4652,70.1947]},"properties":{"station":"PASC","name":"DEADHORSE (ASOS)","state":"AK","country":"US","elevation":17}},{"type":"Feature","id":"PASD","geometry":{"type":"Point","coordinates":[-160.5214,55.3137]},"properties":{"station":"PASD","name":"SAND POINT","state":"AK","country":"US","elevation":7}},{"type":"Feature","id":"PASH","geometry":{"type":"Point","coordinates":[-166.0893,66.2496]},"properties":{"station":"PASH","name":"SHISHMAREF (AWOS)","state":"AK","country":"US","elevation":2}},{"type":"Feature","id":"PASI","geometry":{"type":"Point","coordinates":[-135.3616,57.0471]},"properties":{"station":"PASI","name":"SITKA/JAPONSKI ARPT (ASOS)","state":"AK","country":"US","elevation":20}},{"type":"Feature","id":"PASK","geometry":{"type":"Point","coordinates":[-159.9857,66.6001]},"properties":{"station":"PASK","name":"SELAWIK","state":"AK","country":"US","elevation":8}},{"type":"Feature","id":"PASL","geometry":{"type":"Point","coordinates":[-157.15,61.7167]},"properties":{"station":"PASL","name":"SLEETMUTE","state":"AK","country":"US","elevation":54}},{"type":"Feature","id":"PASM","geometry":{"type":"Point","coordinates":[-163.3018,62.0608]},"properties":{"station":"PASM","name":"SAINT MARY S (AWOS)","state":"AK","country":"US","elevation":95}},{"type":"Feature","id":"PASN","geometry":{"type":"Point","coordinates":[-170.2222,57.1553]},"properties":{"station":"PASN","name":"SAINT PAUL ISLAND (ASOS)","state":"AK","country":"US","elevation":9}},{"type":"Feature","id":"PASO","geometry":{"type":"Point","coordinates":[-151.704,59.4424]},"properties":{"station":"PASO","name":"SELDOVIA (ASOS)","state":"AK","country":"US","elevation":10}},{"type":"Feature","id":"PASV","geometry":{"type":"Point","coordinates":[-155.5748,61.0972]},"properties":{"station":"PASV","name":"SPARREVOHN (AWOS)","state":"AK","country":"US","elevation":484}},{"type":"Feature","id":"PASX","geometry":{"type":"Point","coordinates":[-151.0342,60.4758]},"properties":{"station":"PASX","name":"SOLDOTNA","state":"AK","country":"US","elevation":33}},{"type":"Feature","id":"PASY","geometry":{"type":"Point","coordinates":[174.1169,52.7141]},"properties":{"station":"PASY","name":"SHEMYA AFB","state":"AK","country":"US","elevation":30}},{"type":"Feature","id":"PATA","geometry":{"type":"Point","coordinates":[-152.106,65.173]},"properties":{"station":"PATA","name":"Tanana - Calhoun Memorial","state":"AK","country":"US","elevation":68}},{"type":"Feature","id":"PATC","geometry":{"type":"Point","coordinates":[-167.9225,65.564]},"properties":{"station":"PATC","name":"TIN CITY AFS (AWOS)","state":"AK","country":"US","elevation":83}},{"type":"Feature","id":"PATE","geometry":{"type":"Point","coordinates":[-166.3393,65.2404]},"properties":{"station":"PATE","name":"Teller","state":"AK","country":"US","elevation":90}},{"type":"Feature","id":"PATG","geometry":{"type":"Point","coordinates":[-160.3969,59.0536]},"properties":{"station":"PATG","name":"TOGIAC VILLAGE AWOS","state":"AK","country":"US","elevation":6}},{"type":"Feature","id":"PATK","geometry":{"type":"Point","coordinates":[-150.095,62.32]},"properties":{"station":"PATK","name":"TALKEETNA (ASOS)","state":"AK","country":"US","elevation":109}},{"type":"Feature","id":"PATL","geometry":{"type":"Point","coordinates":[-155.9765,62.8944]},"properties":{"station":"PATL","name":"TATALINA (AWOS)","state":"AK","country":"US","elevation":294}},{"type":"Feature","id":"PATO","geometry":{"type":"Point","coordinates":[-148.8389,60.785]},"properties":{"station":"PATO","name":"PORTAGE GLACIER CENTER (ASOS)","state":"AK","country":"US","elevation":29}},{"type":"Feature","id":"PATQ","geometry":{"type":"Point","coordinates":[-157.4357,70.4673]},"properties":{"station":"PATQ","name":"ATQASUK","state":"AK","country":"US","elevation":29}},{"type":"Feature","id":"PAUN","geometry":{"type":"Point","coordinates":[-160.7991,63.8885]},"properties":{"station":"PAUN","name":"UNALAKLEET (AWOS)","state":"AK","country":"US","elevation":6}},{"type":"Feature","id":"PAVA","geometry":{"type":"Point","coordinates":[-165.6009,61.5408]},"properties":{"station":"PAVA","name":"Chevak","state":"AK","country":"US","elevation":23}},{"type":"Feature","id":"PAVC","geometry":{"type":"Point","coordinates":[-162.2662,55.1163]},"properties":{"station":"PAVC","name":"KING COVE","state":"AK","country":"US","elevation":47}},{"type":"Feature","id":"PAVD","geometry":{"type":"Point","coordinates":[-146.248,61.134]},"properties":{"station":"PAVD","name":"VALDEZ","state":"AK","country":"US","elevation":37}},{"type":"Feature","id":"PAVL","geometry":{"type":"Point","coordinates":[-164.5483,67.7317]},"properties":{"station":"PAVL","name":"KIVALINA AIRPORT (ASOS)","state":"AK","country":"US","elevation":3}},{"type":"Feature","id":"PAWD","geometry":{"type":"Point","coordinates":[-149.4186,60.1269]},"properties":{"station":"PAWD","name":"SEWARD (ASOS)","state":"AK","country":"US","elevation":18}},{"type":"Feature","id":"PAWG","geometry":{"type":"Point","coordinates":[-132.3698,56.4843]},"properties":{"station":"PAWG","name":"WRANGELL","state":"AK","country":"US","elevation":13}},{"type":"Feature","id":"PAWI","geometry":{"type":"Point","coordinates":[-159.9948,70.638]},"properties":{"station":"PAWI","name":"WAINWRIGHT AIRPORT (ASOS)","state":"AK","country":"US","elevation":27}},{"type":"Feature","id":"PAWM","geometry":{"type":"Point","coordinates":[-163.4128,64.6892]},"properties":{"station":"PAWM","name":"White Mountain","state":"AK","country":"US","elevation":81}},{"type":"Feature","id":"PAWN","geometry":{"type":"Point","coordinates":[-162.975,67.5661]},"properties":{"station":"PAWN","name":"NOATAK","state":"AK","country":"US","elevation":30}},{"type":"Feature","id":"PAWS","geometry":{"type":"Point","coordinates":[-149.5406,61.5719]},"properties":{"station":"PAWS","name":"WASILLA NEW ARPT","state":"AK","country":"US","elevation":113}},{"type":"Feature","id":"PAYA","geometry":{"type":"Point","coordinates":[-139.671,59.5121]},"properties":{"station":"PAYA","name":"Yakutat","state":"AK","country":"US","elevation":14.729266}},{"type":"Feature","id":"PAZK","geometry":{"type":"Point","coordinates":[-147.169,61.937]},"properties":{"station":"PAZK","name":"EUREKA","state":"AK","country":"US","elevation":1002}},{"type":"Feature","id":"PBF","geometry":{"type":"Point","coordinates":[-91.9347,34.175]},"properties":{"station":"PBF","name":"PINE BLUFF/GRIDER","state":"AR","country":"US","elevation":63}},{"type":"Feature","id":"PBG","geometry":{"type":"Point","coordinates":[-73.4624,44.6382]},"properties":{"station":"PBG","name":"Plattsburgh AFB","state":"NY","country":"US","elevation":46.954082}},{"type":"Feature","id":"PBH","geometry":{"type":"Point","coordinates":[-90.4025,45.7089]},"properties":{"station":"PBH","name":"PHILLIPS/PRICE","state":"WI","country":"US","elevation":451}},{"type":"Feature","id":"PBI","geometry":{"type":"Point","coordinates":[-80.0994,26.6847]},"properties":{"station":"PBI","name":"PBI","state":"FL","country":"","elevation":0}},{"type":"Feature","id":"PBM","geometry":{"type":"Point","coordinates":[-89.49,28.37]},"properties":{"station":"PBM","name":"Powerball Murphy","state":"LA","country":"US","elevation":0}},{"type":"Feature","id":"PBX","geometry":{"type":"Point","coordinates":[-82.5674,37.5587]},"properties":{"station":"PBX","name":"Pikeville","state":"KY","country":"US","elevation":445.9922}},{"type":"Feature","id":"PCD","geometry":{"type":"Point","coordinates":[-89.8651,37.8667]},"properties":{"station":"PCD","name":"Perryville","state":"MO","country":"US","elevation":110.893}},{"type":"Feature","id":"PCM","geometry":{"type":"Point","coordinates":[-82.1642,28.0002]},"properties":{"station":"PCM","name":"Plant City","state":"FL","country":"US","elevation":46.9}},{"type":"Feature","id":"PCW","geometry":{"type":"Point","coordinates":[-82.8687,41.5163]},"properties":{"station":"PCW","name":"Port Clinton","state":"OH","country":"US","elevation":173.9386}},{"type":"Feature","id":"PCZ","geometry":{"type":"Point","coordinates":[-89.0198,44.3333]},"properties":{"station":"PCZ","name":"Waupaca","state":"WI","country":"US","elevation":251.8}},{"type":"Feature","id":"PDC","geometry":{"type":"Point","coordinates":[-91.1237,43.0193]},"properties":{"station":"PDC","name":"PRAIRIE DU CHIEN","state":"WI","country":"US","elevation":201}},{"type":"Feature","id":"PDK","geometry":{"type":"Point","coordinates":[-84.302,33.8756]},"properties":{"station":"PDK","name":"ATLANTA/DEKALB","state":"GA","country":"US","elevation":305}},{"type":"Feature","id":"PDT","geometry":{"type":"Point","coordinates":[-118.8414,45.6951]},"properties":{"station":"PDT","name":"PENDLETON MUNICIPAL","state":"OR","country":"US","elevation":456}},{"type":"Feature","id":"PDX","geometry":{"type":"Point","coordinates":[-122.6003,45.5908]},"properties":{"station":"PDX","name":"PORTLAND INTL ARPT","state":"OR","country":"US","elevation":12}},{"type":"Feature","id":"PEA","geometry":{"type":"Point","coordinates":[-92.9431,41.3989]},"properties":{"station":"PEA","name":"PELLA","state":"IA","country":"US","elevation":265}},{"type":"Feature","id":"PEO","geometry":{"type":"Point","coordinates":[-77.0529,42.6441]},"properties":{"station":"PEO","name":"Penn Yan","state":"NY","country":"US","elevation":267}},{"type":"Feature","id":"PEQ","geometry":{"type":"Point","coordinates":[-103.51,31.38]},"properties":{"station":"PEQ","name":"PECOS","state":"TX","country":"US","elevation":796}},{"type":"Feature","id":"PEX","geometry":{"type":"Point","coordinates":[-94.7466,45.3723]},"properties":{"station":"PEX","name":"Paynesville","state":"MN","country":"US","elevation":360}},{"type":"Feature","id":"PEZ","geometry":{"type":"Point","coordinates":[-98.52,28.9542]},"properties":{"station":"PEZ","name":"Pleasanton","state":"TX","country":"US","elevation":131.1}},{"type":"Feature","id":"PFCB","geometry":{"type":"Point","coordinates":[-147.9947,60.0786]},"properties":{"station":"PFCB","name":"Chenega Bay","state":"AK","country":"US","elevation":17}},{"type":"Feature","id":"PFCL","geometry":{"type":"Point","coordinates":[-158.5294,58.8337]},"properties":{"station":"PFCL","name":"Clarks Point","state":"AK","country":"US","elevation":14.840466}},{"type":"Feature","id":"PFEL","geometry":{"type":"Point","coordinates":[-162.2705,64.615]},"properties":{"station":"PFEL","name":"Elim","state":"AK","country":"US","elevation":1}},{"type":"Feature","id":"PFKO","geometry":{"type":"Point","coordinates":[-163.533,63.031]},"properties":{"station":"PFKO","name":"Kotlik","state":"AK","country":"US","elevation":1}},{"type":"Feature","id":"PFKT","geometry":{"type":"Point","coordinates":[-166.4657,65.3313]},"properties":{"station":"PFKT","name":"Brevig Mission","state":"AK","country":"US","elevation":1}},{"type":"Feature","id":"PFKW","geometry":{"type":"Point","coordinates":[-161.4437,60.7903]},"properties":{"station":"PFKW","name":"Kwethluk","state":"AK","country":"US","elevation":6}},{"type":"Feature","id":"PFNO","geometry":{"type":"Point","coordinates":[-161.0223,66.8175]},"properties":{"station":"PFNO","name":"Noorvik","state":"AK","country":"US","elevation":16.8}},{"type":"Feature","id":"PFSH","geometry":{"type":"Point","coordinates":[-161.224,64.3711]},"properties":{"station":"PFSH","name":"Shaktoolik","state":"AK","country":"US","elevation":7}},{"type":"Feature","id":"PFTO","geometry":{"type":"Point","coordinates":[-142.9537,63.3295]},"properties":{"station":"PFTO","name":"Tok Junction","state":"AK","country":"US","elevation":501}},{"type":"Feature","id":"PFWS","geometry":{"type":"Point","coordinates":[-157.0026,58.7021]},"properties":{"station":"PFWS","name":"South Naknek","state":"AK","country":"US","elevation":46.595665}},{"type":"Feature","id":"PFYU","geometry":{"type":"Point","coordinates":[-145.2667,66.5667]},"properties":{"station":"PFYU","name":"FORT YUKON (AWOS)","state":"AK","country":"US","elevation":131}},{"type":"Feature","id":"PFZK","geometry":{"type":"Point","coordinates":[-161.4933,60.9138]},"properties":{"station":"PFZK","name":"Akiachak","state":"AK","country":"US","elevation":4}},{"type":"Feature","id":"PGA","geometry":{"type":"Point","coordinates":[-111.4484,36.9261]},"properties":{"station":"PGA","name":"Page","state":"AZ","country":"US","elevation":1304}},{"type":"Feature","id":"PGD","geometry":{"type":"Point","coordinates":[-81.9914,26.9172]},"properties":{"station":"PGD","name":"PUNTA GORDA","state":"FL","country":"US","elevation":8}},{"type":"Feature","id":"PGV","geometry":{"type":"Point","coordinates":[-77.3853,35.6352]},"properties":{"station":"PGV","name":"PITT-GREENVILLE_APRT","state":"NC","country":"US","elevation":8}},{"type":"Feature","id":"PHBK","geometry":{"type":"Point","coordinates":[-159.7851,22.0228]},"properties":{"station":"PHBK","name":"KEKAHA","state":"HI","country":"US","elevation":4}},{"type":"Feature","id":"PHD","geometry":{"type":"Point","coordinates":[-81.4236,40.4719]},"properties":{"station":"PHD","name":"NEW PHILADELPHIA","state":"OH","country":"US","elevation":272}},{"type":"Feature","id":"PHF","geometry":{"type":"Point","coordinates":[-76.493,37.1319]},"properties":{"station":"PHF","name":"NEWPORT NEWS","state":"VA","country":"US","elevation":13}},{"type":"Feature","id":"PHG","geometry":{"type":"Point","coordinates":[-99.3171,39.7358]},"properties":{"station":"PHG","name":"PHILLIPSBURG","state":"KS","country":"US","elevation":581}},{"type":"Feature","id":"PHHI","geometry":{"type":"Point","coordinates":[-158.0443,21.4776]},"properties":{"station":"PHHI","name":"WHEELER_AFB/OAHU","state":"HI","country":"US","elevation":255}},{"type":"Feature","id":"PHJR","geometry":{"type":"Point","coordinates":[-158.0703,21.3073]},"properties":{"station":"PHJR","name":"KALAELOA_AIRPORT","state":"HI","country":"US","elevation":10}},{"type":"Feature","id":"PHKO","geometry":{"type":"Point","coordinates":[-156.0456,19.7388]},"properties":{"station":"PHKO","name":"KEAHOLE_POINT/KONA_(ASOS)","state":"HI","country":"US","elevation":13}},{"type":"Feature","id":"PHL","geometry":{"type":"Point","coordinates":[-75.2266,39.8734]},"properties":{"station":"PHL","name":"Philadelphia Intl","state":"PA","country":"US","elevation":2}},{"type":"Feature","id":"PHLI","geometry":{"type":"Point","coordinates":[-159.3394,21.9785]},"properties":{"station":"PHLI","name":"Lihue","state":"HI","country":"US","elevation":36.204414}},{"type":"Feature","id":"PHMK","geometry":{"type":"Point","coordinates":[-157.0963,21.1529]},"properties":{"station":"PHMK","name":"MOLOKAI_(ASOS)","state":"HI","country":"US","elevation":137}},{"type":"Feature","id":"PHN","geometry":{"type":"Point","coordinates":[-82.5289,42.911]},"properties":{"station":"PHN","name":"PORT HURON","state":"MI","country":"US","elevation":198}},{"type":"Feature","id":"PHNG","geometry":{"type":"Point","coordinates":[-157.7629,21.4509]},"properties":{"station":"PHNG","name":"KANEOHE_MCAS/OAHU","state":"HI","country":"US","elevation":3}},{"type":"Feature","id":"PHNL","geometry":{"type":"Point","coordinates":[-157.9224,21.3187]},"properties":{"station":"PHNL","name":"Honolulu","state":"HI","country":"US","elevation":2}},{"type":"Feature","id":"PHNY","geometry":{"type":"Point","coordinates":[-156.9514,20.7856]},"properties":{"station":"PHNY","name":"LANAI_CITY_AIRPORT","state":"HI","country":"US","elevation":399}},{"type":"Feature","id":"PHOG","geometry":{"type":"Point","coordinates":[-156.4344,20.8889]},"properties":{"station":"PHOG","name":"Kahului","state":"HI","country":"US","elevation":14}},{"type":"Feature","id":"PHP","geometry":{"type":"Point","coordinates":[-101.6,44.05]},"properties":{"station":"PHP","name":"PHILIP","state":"SD","country":"US","elevation":671.74414}},{"type":"Feature","id":"PHSF","geometry":{"type":"Point","coordinates":[-155.5538,19.76]},"properties":{"station":"PHSF","name":"BRADSHAW_AAF/HAWAII","state":"HI","country":"US","elevation":1887}},{"type":"Feature","id":"PHT","geometry":{"type":"Point","coordinates":[-88.3844,36.3359]},"properties":{"station":"PHT","name":"Paris","state":"TN","country":"US","elevation":173.78418}},{"type":"Feature","id":"PHTO","geometry":{"type":"Point","coordinates":[-155.0485,19.7203]},"properties":{"station":"PHTO","name":"HILO/LYMAN_FIELD_(ASOS)","state":"HI","country":"US","elevation":11}},{"type":"Feature","id":"PHX","geometry":{"type":"Point","coordinates":[-112.0116,33.4343]},"properties":{"station":"PHX","name":"PHOENIX/SKY HARBOR","state":"AZ","country":"US","elevation":337}},{"type":"Feature","id":"PIA","geometry":{"type":"Point","coordinates":[-89.6839,40.6675]},"properties":{"station":"PIA","name":"PEORIA","state":"IL","country":"US","elevation":205}},{"type":"Feature","id":"PIB","geometry":{"type":"Point","coordinates":[-89.3371,31.4671]},"properties":{"station":"PIB","name":"PINE BELT RGNL AWOS","state":"MS","country":"US","elevation":91}},{"type":"Feature","id":"PIE","geometry":{"type":"Point","coordinates":[-82.6874,27.91]},"properties":{"station":"PIE","name":"SAINT PETERSBURG","state":"FL","country":"US","elevation":3}},{"type":"Feature","id":"PIH","geometry":{"type":"Point","coordinates":[-112.5959,42.9098]},"properties":{"station":"PIH","name":"POCATELLO MUNICIPAL","state":"ID","country":"US","elevation":1365}},{"type":"Feature","id":"PIL","geometry":{"type":"Point","coordinates":[-97.3378,26.1597]},"properties":{"station":"PIL","name":"PORT ISABEL-CAMERON COUNTY APT","state":"TX","country":"US","elevation":6}},{"type":"Feature","id":"PIM","geometry":{"type":"Point","coordinates":[-84.8824,32.8407]},"properties":{"station":"PIM","name":"Pine Mountain","state":"GA","country":"US","elevation":272.0958}},{"type":"Feature","id":"PIR","geometry":{"type":"Point","coordinates":[-100.286,44.3827]},"properties":{"station":"PIR","name":"PIERRE","state":"SD","country":"US","elevation":522.0275}},{"type":"Feature","id":"PIT","geometry":{"type":"Point","coordinates":[-80.2329,40.4915]},"properties":{"station":"PIT","name":"PITTSBURGH INTL","state":"PA","country":"US","elevation":373}},{"type":"Feature","id":"PJC","geometry":{"type":"Point","coordinates":[-80.1624,40.8009]},"properties":{"station":"PJC","name":"Zelienople","state":"PA","country":"US","elevation":272.68625}},{"type":"Feature","id":"PKB","geometry":{"type":"Point","coordinates":[-81.4438,39.3395]},"properties":{"station":"PKB","name":"Parkersburg","state":"WV","country":"US","elevation":245}},{"type":"Feature","id":"PKD","geometry":{"type":"Point","coordinates":[-95.07,46.9]},"properties":{"station":"PKD","name":"PARK RAPIDS","state":"MN","country":"US","elevation":442}},{"type":"Feature","id":"PKV","geometry":{"type":"Point","coordinates":[-96.681,28.654]},"properties":{"station":"PKV","name":"PORT_LAVACA","state":"TX","country":"US","elevation":9}},{"type":"Feature","id":"PLD","geometry":{"type":"Point","coordinates":[-84.9901,40.4508]},"properties":{"station":"PLD","name":"Portland","state":"IN","country":"US","elevation":278.68958}},{"type":"Feature","id":"PLN","geometry":{"type":"Point","coordinates":[-84.7967,45.5709]},"properties":{"station":"PLN","name":"PELLSTON","state":"MI","country":"US","elevation":217}},{"type":"Feature","id":"PLR","geometry":{"type":"Point","coordinates":[-86.2491,33.5588]},"properties":{"station":"PLR","name":"Pell City","state":"AL","country":"US","elevation":144.6858}},{"type":"Feature","id":"PLU","geometry":{"type":"Point","coordinates":[-122.2872,47.1039]},"properties":{"station":"PLU","name":"Puyallup","state":"WA","country":"US","elevation":164}},{"type":"Feature","id":"PMD","geometry":{"type":"Point","coordinates":[-118.0845,34.6294]},"properties":{"station":"PMD","name":"Palmdate","state":"CA","country":"US","elevation":774}},{"type":"Feature","id":"PMDY","geometry":{"type":"Point","coordinates":[-177.3756,28.2082]},"properties":{"station":"PMDY","name":"Sand Island","state":"HI","country":"US","elevation":7.6866455}},{"type":"Feature","id":"PMH","geometry":{"type":"Point","coordinates":[-82.8473,38.8405]},"properties":{"station":"PMH","name":"Portsmouth","state":"OH","country":"US","elevation":199.98329}},{"type":"Feature","id":"PMP","geometry":{"type":"Point","coordinates":[-80.111,26.2464]},"properties":{"station":"PMP","name":"POMPANO BEACH","state":"FL","country":"US","elevation":7}},{"type":"Feature","id":"PMU","geometry":{"type":"Point","coordinates":[-89.8929,34.3635]},"properties":{"station":"PMU","name":"Batesville","state":"MS","country":"US","elevation":65.71205}},{"type":"Feature","id":"PMV","geometry":{"type":"Point","coordinates":[-95.9179,40.9502]},"properties":{"station":"PMV","name":"Plattsmouth","state":"NE","country":"US","elevation":365.22882}},{"type":"Feature","id":"PNA","geometry":{"type":"Point","coordinates":[-109.8071,42.7955]},"properties":{"station":"PNA","name":"PINEDALE/RALPH WENZ FIELD","state":"WY","country":"US","elevation":2160}},{"type":"Feature","id":"PNC","geometry":{"type":"Point","coordinates":[-97.1,36.73]},"properties":{"station":"PNC","name":"PONCA CITY MUNI","state":"OK","country":"US","elevation":307}},{"type":"Feature","id":"PNE","geometry":{"type":"Point","coordinates":[-75.0134,40.0789]},"properties":{"station":"PNE","name":"PHILADELPHIA NE","state":"PA","country":"US","elevation":37}},{"type":"Feature","id":"PNM","geometry":{"type":"Point","coordinates":[-93.6082,45.5599]},"properties":{"station":"PNM","name":"PRINCETON MUNI","state":"MN","country":"US","elevation":298}},{"type":"Feature","id":"PNS","geometry":{"type":"Point","coordinates":[-87.1869,30.4781]},"properties":{"station":"PNS","name":"PENSACOLA REGIONAL","state":"FL","country":"US","elevation":37}},{"type":"Feature","id":"PNT","geometry":{"type":"Point","coordinates":[-88.6239,40.9244]},"properties":{"station":"PNT","name":"PONTIAC","state":"IL","country":"US","elevation":201}},{"type":"Feature","id":"PO1","geometry":{"type":"Point","coordinates":[-105.1621,48.1344]},"properties":{"station":"PO1","name":"Poplar","state":"MT","country":"US","elevation":617}},{"type":"Feature","id":"POB","geometry":{"type":"Point","coordinates":[-79.0145,35.1709]},"properties":{"station":"POB","name":"POPE_AFB","state":"NC","country":"US","elevation":66}},{"type":"Feature","id":"POC","geometry":{"type":"Point","coordinates":[-117.7818,34.0917]},"properties":{"station":"POC","name":"LA VERNE/BRACKETT","state":"CA","country":"US","elevation":308}},{"type":"Feature","id":"POE","geometry":{"type":"Point","coordinates":[-93.1916,31.0448]},"properties":{"station":"POE","name":"FORT POLK (ARMY)","state":"LA","country":"US","elevation":100}},{"type":"Feature","id":"POF","geometry":{"type":"Point","coordinates":[-90.3249,36.7739]},"properties":{"station":"POF","name":"POPULAR BLUFF","state":"MO","country":"US","elevation":99}},{"type":"Feature","id":"POKA","geometry":{"type":"Point","coordinates":[-165.2463,60.5695]},"properties":{"station":"POKA","name":"Tununak","state":"AK","country":"US","elevation":15}},{"type":"Feature","id":"POU","geometry":{"type":"Point","coordinates":[-73.8842,41.6266]},"properties":{"station":"POU","name":"POUGHKEEPSIE","state":"NY","country":"US","elevation":51}},{"type":"Feature","id":"POV","geometry":{"type":"Point","coordinates":[-81.2516,41.2102]},"properties":{"station":"POV","name":"Ravenna","state":"OH","country":"US","elevation":365}},{"type":"Feature","id":"POY","geometry":{"type":"Point","coordinates":[-108.7934,44.8672]},"properties":{"station":"POY","name":"Powell","state":"WY","country":"US","elevation":1538.4971}},{"type":"Feature","id":"PPA","geometry":{"type":"Point","coordinates":[-100.9963,35.613]},"properties":{"station":"PPA","name":"PAMPA","state":"TX","country":"US","elevation":1050}},{"type":"Feature","id":"PPF","geometry":{"type":"Point","coordinates":[-95.5042,37.3278]},"properties":{"station":"PPF","name":"PARSONS","state":"KS","country":"US","elevation":274}},{"type":"Feature","id":"PPIZ","geometry":{"type":"Point","coordinates":[-163.0053,69.7329]},"properties":{"station":"PPIZ","name":"POINT LAY(DEW/AWOS)","state":"AK","country":"US","elevation":6}},{"type":"Feature","id":"PPO","geometry":{"type":"Point","coordinates":[-86.7345,41.5725]},"properties":{"station":"PPO","name":"La Porte","state":"IN","country":"US","elevation":241.0487}},{"type":"Feature","id":"PPQ","geometry":{"type":"Point","coordinates":[-90.7784,39.6389]},"properties":{"station":"PPQ","name":"PITTSFIELD","state":"IL","country":"US","elevation":216}},{"type":"Feature","id":"PQI","geometry":{"type":"Point","coordinates":[-68.0448,46.689]},"properties":{"station":"PQI","name":"PRESQUE ISLE (AWOS)","state":"ME","country":"US","elevation":146}},{"type":"Feature","id":"PQL","geometry":{"type":"Point","coordinates":[-88.5319,30.4636]},"properties":{"station":"PQL","name":"PASCAGOULA","state":"MS","country":"US","elevation":5}},{"type":"Feature","id":"PQN","geometry":{"type":"Point","coordinates":[-96.3004,43.9821]},"properties":{"station":"PQN","name":"PIPESTONE","state":"MN","country":"US","elevation":529}},{"type":"Feature","id":"PRB","geometry":{"type":"Point","coordinates":[-120.6291,35.6694]},"properties":{"station":"PRB","name":"Paso Robles","state":"CA","country":"US","elevation":251.18954}},{"type":"Feature","id":"PRC","geometry":{"type":"Point","coordinates":[-112.42,34.65]},"properties":{"station":"PRC","name":"PRESCOTT/LOVE FLD","state":"AZ","country":"US","elevation":1537}},{"type":"Feature","id":"PRG","geometry":{"type":"Point","coordinates":[-87.67,39.7]},"properties":{"station":"PRG","name":"PARIS","state":"IL","country":"US","elevation":199}},{"type":"Feature","id":"PRN","geometry":{"type":"Point","coordinates":[-86.6107,31.8457]},"properties":{"station":"PRN","name":"Greenville","state":"AL","country":"US","elevation":137.5}},{"type":"Feature","id":"PRO","geometry":{"type":"Point","coordinates":[-94.1637,41.8278]},"properties":{"station":"PRO","name":"Perry","state":"IA","country":"US","elevation":309}},{"type":"Feature","id":"PRS","geometry":{"type":"Point","coordinates":[-104.3615,29.6342]},"properties":{"station":"PRS","name":"Presidio Lely","state":"TX","country":"US","elevation":888.8645}},{"type":"Feature","id":"PRX","geometry":{"type":"Point","coordinates":[-95.4507,33.6366]},"properties":{"station":"PRX","name":"PARIS/COX FIELD","state":"TX","country":"US","elevation":167}},{"type":"Feature","id":"PSC","geometry":{"type":"Point","coordinates":[-119.119,46.2647]},"properties":{"station":"PSC","name":"PASCO/TRI-CITIES","state":"WA","country":"US","elevation":124}},{"type":"Feature","id":"PSF","geometry":{"type":"Point","coordinates":[-73.2892,42.4272]},"properties":{"station":"PSF","name":"PITTSFIELD MUNI","state":"MA","country":"US","elevation":364}},{"type":"Feature","id":"PSK","geometry":{"type":"Point","coordinates":[-80.6785,37.1373]},"properties":{"station":"PSK","name":"DUBLIN/NEW RIV VLLY","state":"VA","country":"US","elevation":642}},{"type":"Feature","id":"PSM","geometry":{"type":"Point","coordinates":[-70.8233,43.0779]},"properties":{"station":"PSM","name":"PEASE AFB/PORTSMOUT","state":"NH","country":"US","elevation":31}},{"type":"Feature","id":"PSN","geometry":{"type":"Point","coordinates":[-95.7063,31.7797]},"properties":{"station":"PSN","name":"PALESTINE","state":"TX","country":"US","elevation":129}},{"type":"Feature","id":"PSO","geometry":{"type":"Point","coordinates":[-107.056,37.2863]},"properties":{"station":"PSO","name":"Pagosa Springs","state":"CO","country":"US","elevation":2336}},{"type":"Feature","id":"PSP","geometry":{"type":"Point","coordinates":[-116.5067,33.8297]},"properties":{"station":"PSP","name":"PALM SPRINGS RGNL","state":"CA","country":"US","elevation":141}},{"type":"Feature","id":"PSX","geometry":{"type":"Point","coordinates":[-96.25,28.73]},"properties":{"station":"PSX","name":"PALACIOS MUNICIPAL","state":"TX","country":"US","elevation":5}},{"type":"Feature","id":"PTB","geometry":{"type":"Point","coordinates":[-77.5074,37.1838]},"properties":{"station":"PTB","name":"PETERSBURG (AWOS)","state":"VA","country":"US","elevation":59}},{"type":"Feature","id":"PTD","geometry":{"type":"Point","coordinates":[-74.9469,44.6757]},"properties":{"station":"PTD","name":"Potsdam","state":"NY","country":"US","elevation":140.47034}},{"type":"Feature","id":"PTK","geometry":{"type":"Point","coordinates":[-83.4201,42.6655]},"properties":{"station":"PTK","name":"PONTIAC","state":"MI","country":"US","elevation":299}},{"type":"Feature","id":"PTN","geometry":{"type":"Point","coordinates":[-91.339,29.7096]},"properties":{"station":"PTN","name":"PATTERSON MEMORIAL","state":"LA","country":"US","elevation":3}},{"type":"Feature","id":"PTS","geometry":{"type":"Point","coordinates":[-94.7311,37.4495]},"properties":{"station":"PTS","name":"Pittsburg","state":"KS","country":"US","elevation":289.6}},{"type":"Feature","id":"PTT","geometry":{"type":"Point","coordinates":[-98.7469,37.7016]},"properties":{"station":"PTT","name":"Pratt","state":"KS","country":"US","elevation":595}},{"type":"Feature","id":"PTV","geometry":{"type":"Point","coordinates":[-119.0629,36.0273]},"properties":{"station":"PTV","name":"Porterville","state":"CA","country":"US","elevation":133}},{"type":"Feature","id":"PTW","geometry":{"type":"Point","coordinates":[-75.5572,40.2383]},"properties":{"station":"PTW","name":"POTTSTOWN LIMERICK AIRPORT","state":"PA","country":"US","elevation":94}},{"type":"Feature","id":"PUB","geometry":{"type":"Point","coordinates":[-104.4983,38.29]},"properties":{"station":"PUB","name":"PUEBLO MEMORIAL(AW)","state":"CO","country":"US","elevation":1439}},{"type":"Feature","id":"PUC","geometry":{"type":"Point","coordinates":[-110.7547,39.6092]},"properties":{"station":"PUC","name":"PRICE/CARBON(RAMOS)","state":"UT","country":"US","elevation":1799}},{"type":"Feature","id":"PUJ","geometry":{"type":"Point","coordinates":[-84.9406,33.912]},"properties":{"station":"PUJ","name":"Dallas","state":"GA","country":"US","elevation":393}},{"type":"Feature","id":"PUW","geometry":{"type":"Point","coordinates":[-117.1096,46.7439]},"properties":{"station":"PUW","name":"PULLMAN/MOSCOW RGNL","state":"WA","country":"US","elevation":778}},{"type":"Feature","id":"PVB","geometry":{"type":"Point","coordinates":[-90.4444,42.6894]},"properties":{"station":"PVB","name":"Platteville","state":"WI","country":"US","elevation":312}},{"type":"Feature","id":"PVC","geometry":{"type":"Point","coordinates":[-70.22,42.07]},"properties":{"station":"PVC","name":"PROVINCETOWN (AWOS)","state":"MA","country":"US","elevation":2}},{"type":"Feature","id":"PVD","geometry":{"type":"Point","coordinates":[-71.4325,41.7219]},"properties":{"station":"PVD","name":"PROVIDENCE/GREEN","state":"RI","country":"US","elevation":19}},{"type":"Feature","id":"PVE","geometry":{"type":"Point","coordinates":[-88.1954,35.6564]},"properties":{"station":"PVE","name":"Levington - Parson Beech River","state":"TN","country":"US","elevation":153.90102}},{"type":"Feature","id":"PVF","geometry":{"type":"Point","coordinates":[-120.7533,38.7242]},"properties":{"station":"PVF","name":"Placerville","state":"CA","country":"US","elevation":788}},{"type":"Feature","id":"PVG","geometry":{"type":"Point","coordinates":[-76.4488,36.7801]},"properties":{"station":"PVG","name":"Norfolk/Hampton Roads","state":"VA","country":"US","elevation":7}},{"type":"Feature","id":"PVJ","geometry":{"type":"Point","coordinates":[-97.2231,34.7108]},"properties":{"station":"PVJ","name":"PAULS VALLEY MUNI AIRPORT","state":"OK","country":"US","elevation":295}},{"type":"Feature","id":"PVU","geometry":{"type":"Point","coordinates":[-111.7234,40.2192]},"properties":{"station":"PVU","name":"PROVO MUNI (AWOS)","state":"UT","country":"US","elevation":1369}},{"type":"Feature","id":"PVW","geometry":{"type":"Point","coordinates":[-101.7173,34.1681]},"properties":{"station":"PVW","name":"PLAINVIEW","state":"TX","country":"US","elevation":1028}},{"type":"Feature","id":"PWA","geometry":{"type":"Point","coordinates":[-97.6471,35.5342]},"properties":{"station":"PWA","name":"OKLAHOMA CITY/WILEY","state":"OK","country":"US","elevation":396}},{"type":"Feature","id":"PWC","geometry":{"type":"Point","coordinates":[-94.3817,46.7248]},"properties":{"station":"PWC","name":"PINE RIVER REGIO","state":"MN","country":"US","elevation":395}},{"type":"Feature","id":"PWD","geometry":{"type":"Point","coordinates":[-104.5232,48.7886]},"properties":{"station":"PWD","name":"Plentywood Sher-Wood","state":"MT","country":"US","elevation":680.1436}},{"type":"Feature","id":"PWG","geometry":{"type":"Point","coordinates":[-97.3165,31.4849]},"properties":{"station":"PWG","name":"Waco - McGregor Exec","state":"TX","country":"US","elevation":180}},{"type":"Feature","id":"PWK","geometry":{"type":"Point","coordinates":[-87.9047,42.1208]},"properties":{"station":"PWK","name":"PALWAUKEE","state":"IL","country":"US","elevation":203}},{"type":"Feature","id":"PWM","geometry":{"type":"Point","coordinates":[-70.3044,43.6424]},"properties":{"station":"PWM","name":"PORTLAND INTL JET","state":"ME","country":"US","elevation":19}},{"type":"Feature","id":"PWT","geometry":{"type":"Point","coordinates":[-122.7648,47.4903]},"properties":{"station":"PWT","name":"BREMERTON NTNL AWOS","state":"WA","country":"US","elevation":147}},{"type":"Feature","id":"PXE","geometry":{"type":"Point","coordinates":[-83.7673,32.5106]},"properties":{"station":"PXE","name":"Perry","state":"GA","country":"US","elevation":125.39239}},{"type":"Feature","id":"PYM","geometry":{"type":"Point","coordinates":[-70.7288,41.909]},"properties":{"station":"PYM","name":"PLYMOUTH MUNICIPAL","state":"MA","country":"US","elevation":45}},{"type":"Feature","id":"PYX","geometry":{"type":"Point","coordinates":[-100.75,36.414]},"properties":{"station":"PYX","name":"PERRYTON/OCHILTREE COUNTY APT","state":"TX","country":"US","elevation":889}},{"type":"Feature","id":"PZQ","geometry":{"type":"Point","coordinates":[-83.8129,45.4071]},"properties":{"station":"PZQ","name":"Rogers City","state":"MI","country":"US","elevation":204}},{"type":"Feature","id":"QEI","geometry":{"type":"Point","coordinates":[128.0667,37.95]},"properties":{"station":"QEI","name":"SINNAM TMQ-53P","state":"KR","country":"KR","elevation":231}},{"type":"Feature","id":"QEJ","geometry":{"type":"Point","coordinates":[127.95,38.2]},"properties":{"station":"QEJ","name":"BANGSAN TMQ-53P","state":"KR","country":"KR","elevation":221}},{"type":"Feature","id":"QEN","geometry":{"type":"Point","coordinates":[128.75,37.6667]},"properties":{"station":"QEN","name":"DAEGWALLYEOG","state":"KR","country":"KR","elevation":842}},{"type":"Feature","id":"QEP","geometry":{"type":"Point","coordinates":[127.2667,37.4]},"properties":{"station":"QEP","name":"GWANGJUUP","state":"KR","country":"KR","elevation":74}},{"type":"Feature","id":"QEQ","geometry":{"type":"Point","coordinates":[127.55,37.85]},"properties":{"station":"QEQ","name":"MUNSAN TMQ-53P","state":"KR","country":"KR","elevation":35}},{"type":"Feature","id":"QEW","geometry":{"type":"Point","coordinates":[128.15,36.4]},"properties":{"station":"QEW","name":"SANGJU TMQ-53P","state":"KR","country":"KR","elevation":92}},{"type":"Feature","id":"QEX","geometry":{"type":"Point","coordinates":[128.3,36.1]},"properties":{"station":"QEX","name":"GUMI   TMQ-53P","state":"KR","country":"KR","elevation":43}},{"type":"Feature","id":"QFB","geometry":{"type":"Point","coordinates":[128.7167,35.65]},"properties":{"station":"QFB","name":"CHEONGDO TMQ-53P","state":"KR","country":"KR","elevation":111}},{"type":"Feature","id":"QFT","geometry":{"type":"Point","coordinates":[127.35,37.6]},"properties":{"station":"QFT","name":"YANGSU-RI","state":"KR","country":"KR","elevation":34}},{"type":"Feature","id":"QFU","geometry":{"type":"Point","coordinates":[126.9667,37.8]},"properties":{"station":"QFU","name":"KWANGJEOK","state":"KR","country":"KR","elevation":116}},{"type":"Feature","id":"QFV","geometry":{"type":"Point","coordinates":[127.5,38.05]},"properties":{"station":"QFV","name":"SACHANG-RI","state":"KR","country":"KR","elevation":287}},{"type":"Feature","id":"QFW","geometry":{"type":"Point","coordinates":[127.8833,37.6667]},"properties":{"station":"QFW","name":"HONGCHON","state":"KR","country":"KR","elevation":147}},{"type":"Feature","id":"RAC","geometry":{"type":"Point","coordinates":[-87.8136,42.7611]},"properties":{"station":"RAC","name":"RACINE","state":"WI","country":"US","elevation":203}},{"type":"Feature","id":"RAL","geometry":{"type":"Point","coordinates":[-117.4451,33.9519]},"properties":{"station":"RAL","name":"RIVERSIDE MUNICIPAL","state":"CA","country":"US","elevation":249}},{"type":"Feature","id":"RAP","geometry":{"type":"Point","coordinates":[-103.0574,44.0453]},"properties":{"station":"RAP","name":"RAPID CITY","state":"SD","country":"US","elevation":964.70654}},{"type":"Feature","id":"RAS","geometry":{"type":"Point","coordinates":[-97.09,27.81]},"properties":{"station":"RAS","name":"PORT ARANSAS/MUSTANG BEACH ARPT","state":"TX","country":"US","elevation":2}},{"type":"Feature","id":"RAW","geometry":{"type":"Point","coordinates":[-93.3454,38.3469]},"properties":{"station":"RAW","name":"Warsaw","state":"MO","country":"US","elevation":285.56042}},{"type":"Feature","id":"RBD","geometry":{"type":"Point","coordinates":[-96.87,32.68]},"properties":{"station":"RBD","name":"DALLAS/REDBIRD ARPT","state":"TX","country":"US","elevation":201}},{"type":"Feature","id":"RBG","geometry":{"type":"Point","coordinates":[-123.3559,43.2388]},"properties":{"station":"RBG","name":"ROSEBURG MUNICIPAL","state":"OR","country":"US","elevation":160}},{"type":"Feature","id":"RBL","geometry":{"type":"Point","coordinates":[-122.2536,40.1519]},"properties":{"station":"RBL","name":"RED BLUFF MUNICIPAL","state":"CA","country":"US","elevation":108}},{"type":"Feature","id":"RBO","geometry":{"type":"Point","coordinates":[-97.6905,27.7785]},"properties":{"station":"RBO","name":"ROBSTOWN","state":"TX","country":"US","elevation":24}},{"type":"Feature","id":"RBW","geometry":{"type":"Point","coordinates":[-80.6406,32.921]},"properties":{"station":"RBW","name":"Walterboro","state":"SC","country":"US","elevation":30.8}},{"type":"Feature","id":"RCA","geometry":{"type":"Point","coordinates":[-103.1036,44.1451]},"properties":{"station":"RCA","name":"ELLSWORTH AFB","state":"SD","country":"US","elevation":977.4339}},{"type":"Feature","id":"RCE","geometry":{"type":"Point","coordinates":[-97.8236,35.4881]},"properties":{"station":"RCE","name":"OKC - Yukon","state":"OK","country":"US","elevation":412.7}},{"type":"Feature","id":"RCM","geometry":{"type":"Point","coordinates":[-93.8029,38.7842]},"properties":{"station":"RCM","name":"Warrensburg","state":"MO","country":"US","elevation":243}},{"type":"Feature","id":"RCR","geometry":{"type":"Point","coordinates":[-86.1817,41.0655]},"properties":{"station":"RCR","name":"Rochester","state":"IN","country":"US","elevation":240.8}},{"type":"Feature","id":"RCV","geometry":{"type":"Point","coordinates":[-106.352,37.7138]},"properties":{"station":"RCV","name":"Del Norte","state":"CO","country":"US","elevation":2411.7869}},{"type":"Feature","id":"RCX","geometry":{"type":"Point","coordinates":[-91.0005,45.4968]},"properties":{"station":"RCX","name":"Ladysmith","state":"WI","country":"US","elevation":377.3}},{"type":"Feature","id":"RCZ","geometry":{"type":"Point","coordinates":[-79.76,34.89]},"properties":{"station":"RCZ","name":"ROCKINGHAM","state":"NC","country":"US","elevation":109}},{"type":"Feature","id":"RDD","geometry":{"type":"Point","coordinates":[-122.2934,40.509]},"properties":{"station":"RDD","name":"REDDING MUNICIPAL","state":"CA","country":"US","elevation":153}},{"type":"Feature","id":"RDG","geometry":{"type":"Point","coordinates":[-75.9652,40.3785]},"properties":{"station":"RDG","name":"READING/SPAATZ FLD","state":"PA","country":"US","elevation":105}},{"type":"Feature","id":"RDK","geometry":{"type":"Point","coordinates":[-95.2624,41.0106]},"properties":{"station":"RDK","name":"RED OAK","state":"IA","country":"US","elevation":317}},{"type":"Feature","id":"RDM","geometry":{"type":"Point","coordinates":[-121.15,44.2539]},"properties":{"station":"RDM","name":"REDMOND (AWOS)","state":"OR","country":"US","elevation":938}},{"type":"Feature","id":"RDR","geometry":{"type":"Point","coordinates":[-97.4012,47.9611]},"properties":{"station":"RDR","name":"GRAND_FORKS_AFB","state":"ND","country":"US","elevation":278}},{"type":"Feature","id":"RDU","geometry":{"type":"Point","coordinates":[-78.7819,35.8922]},"properties":{"station":"RDU","name":"Raleigh / Durham","state":"NC","country":"US","elevation":117.95659}},{"type":"Feature","id":"REG","geometry":{"type":"Point","coordinates":[-90.9333,30.1667]},"properties":{"station":"REG","name":"Gonzale","state":"LA","country":"US","elevation":7.9862785}},{"type":"Feature","id":"REO","geometry":{"type":"Point","coordinates":[-117.8644,42.5906]},"properties":{"station":"REO","name":"ROME","state":"OR","country":"US","elevation":1235}},{"type":"Feature","id":"RFD","geometry":{"type":"Point","coordinates":[-89.0876,42.1915]},"properties":{"station":"RFD","name":"Rockford","state":"IL","country":"US","elevation":220}},{"type":"Feature","id":"RFI","geometry":{"type":"Point","coordinates":[-94.8517,32.1417]},"properties":{"station":"RFI","name":"Henderson","state":"TX","country":"US","elevation":134.7}},{"type":"Feature","id":"RGA","geometry":{"type":"Point","coordinates":[-84.3324,37.6315]},"properties":{"station":"RGA","name":"Richmond","state":"KY","country":"US","elevation":295.15964}},{"type":"Feature","id":"RGK","geometry":{"type":"Point","coordinates":[-92.4868,44.5915]},"properties":{"station":"RGK","name":"RED WING","state":"MN","country":"US","elevation":239}},{"type":"Feature","id":"RHI","geometry":{"type":"Point","coordinates":[-89.4675,45.6312]},"properties":{"station":"RHI","name":"RHINELANDER","state":"WI","country":"US","elevation":485}},{"type":"Feature","id":"RHP","geometry":{"type":"Point","coordinates":[-83.863,35.1952]},"properties":{"station":"RHP","name":"ANDREWS-MURPHY_AIRPORT","state":"NC","country":"US","elevation":518}},{"type":"Feature","id":"RHV","geometry":{"type":"Point","coordinates":[-121.82,37.33]},"properties":{"station":"RHV","name":"SAN JOSE/REID/HILLV","state":"CA","country":"US","elevation":41}},{"type":"Feature","id":"RIC","geometry":{"type":"Point","coordinates":[-77.3234,37.5115]},"properties":{"station":"RIC","name":"RICHMOND/BYRD FIELD","state":"VA","country":"US","elevation":54}},{"type":"Feature","id":"RID","geometry":{"type":"Point","coordinates":[-84.8428,39.7572]},"properties":{"station":"RID","name":"Richmond","state":"IN","country":"US","elevation":345.13165}},{"type":"Feature","id":"RIF","geometry":{"type":"Point","coordinates":[-112.1,38.7341]},"properties":{"station":"RIF","name":"Richfield","state":"UT","country":"US","elevation":1611}},{"type":"Feature","id":"RIL","geometry":{"type":"Point","coordinates":[-107.7269,39.5263]},"properties":{"station":"RIL","name":"RIFLE/GARFIELD RGNL","state":"CO","country":"US","elevation":1691}},{"type":"Feature","id":"RIV","geometry":{"type":"Point","coordinates":[-117.25,33.9]},"properties":{"station":"RIV","name":"MARCH AFB/RIVERSIDE","state":"CA","country":"US","elevation":469}},{"type":"Feature","id":"RIW","geometry":{"type":"Point","coordinates":[-108.4598,43.0642]},"properties":{"station":"RIW","name":"RIVERTON","state":"WY","country":"US","elevation":1688}},{"type":"Feature","id":"RJAA","geometry":{"type":"Point","coordinates":[140.3856,35.7653]},"properties":{"station":"RJAA","name":"Tokyo","state":"JP","country":"JP","elevation":44}},{"type":"Feature","id":"RJAF","geometry":{"type":"Point","coordinates":[137.9228,36.1667]},"properties":{"station":"RJAF","name":"Matsumoto","state":"JP","country":"JP","elevation":660}},{"type":"Feature","id":"RJAH","geometry":{"type":"Point","coordinates":[140.4147,36.1817]},"properties":{"station":"RJAH","name":"Ibaraki","state":"JP","country":"JP","elevation":35}},{"type":"Feature","id":"RJAI","geometry":{"type":"Point","coordinates":[139.9167,35.7333]},"properties":{"station":"RJAI","name":"ICHIGAYA","state":"JP","country":"JP","elevation":31}},{"type":"Feature","id":"RJAO","geometry":{"type":"Point","coordinates":[142.19,27.0917]},"properties":{"station":"RJAO","name":"CHICHIJIMA ISLAND","state":"JP","country":"JP","elevation":8}},{"type":"Feature","id":"RJAT","geometry":{"type":"Point","coordinates":[138.8764,35.315]},"properties":{"station":"RJAT","name":"FUJI (JASDF)","state":"JP","country":"JP","elevation":683}},{"type":"Feature","id":"RJAW","geometry":{"type":"Point","coordinates":[141.3227,24.784]},"properties":{"station":"RJAW","name":"Iwojima","state":"JP","country":"JP","elevation":116}},{"type":"Feature","id":"RJBB","geometry":{"type":"Point","coordinates":[135.2328,34.4342]},"properties":{"station":"RJBB","name":"Osaka","state":"JP","country":"JP","elevation":8}},{"type":"Feature","id":"RJBD","geometry":{"type":"Point","coordinates":[135.3644,33.6622]},"properties":{"station":"RJBD","name":"Nanki-shirahama","state":"JP","country":"JP","elevation":108}},{"type":"Feature","id":"RJBE","geometry":{"type":"Point","coordinates":[135.2239,34.6328]},"properties":{"station":"RJBE","name":"Kobe","state":"JP","country":"JP","elevation":5}},{"type":"Feature","id":"RJBT","geometry":{"type":"Point","coordinates":[134.7869,35.5128]},"properties":{"station":"RJBT","name":"Toyooka","state":"JP","country":"JP","elevation":210}},{"type":"Feature","id":"RJCA","geometry":{"type":"Point","coordinates":[142.365,43.7944]},"properties":{"station":"RJCA","name":"ASAHIKAWA","state":"JP","country":"JP","elevation":118}},{"type":"Feature","id":"RJCB","geometry":{"type":"Point","coordinates":[143.2172,42.7333]},"properties":{"station":"RJCB","name":"Obihiro","state":"JP","country":"JP","elevation":152}},{"type":"Feature","id":"RJCC","geometry":{"type":"Point","coordinates":[141.6926,42.7742]},"properties":{"station":"RJCC","name":"Sapporo","state":"JP","country":"JP","elevation":30}},{"type":"Feature","id":"RJCH","geometry":{"type":"Point","coordinates":[140.8219,41.77]},"properties":{"station":"RJCH","name":"Hakodate","state":"JP","country":"JP","elevation":36}},{"type":"Feature","id":"RJCK","geometry":{"type":"Point","coordinates":[144.1931,43.0408]},"properties":{"station":"RJCK","name":"Kushiro","state":"JP","country":"JP","elevation":98}},{"type":"Feature","id":"RJCM","geometry":{"type":"Point","coordinates":[144.1642,43.8806]},"properties":{"station":"RJCM","name":"Memanbetsu","state":"JP","country":"JP","elevation":36}},{"type":"Feature","id":"RJCN","geometry":{"type":"Point","coordinates":[144.96,43.5775]},"properties":{"station":"RJCN","name":"Nakashibetsu","state":"JP","country":"JP","elevation":70}},{"type":"Feature","id":"RJCO","geometry":{"type":"Point","coordinates":[141.3814,43.1175]},"properties":{"station":"RJCO","name":"Sapporo","state":"JP","country":"JP","elevation":11}},{"type":"Feature","id":"RJCT","geometry":{"type":"Point","coordinates":[143.1585,42.8905]},"properties":{"station":"RJCT","name":"Tokachi","state":"JP","country":"JP","elevation":84}},{"type":"Feature","id":"RJCW","geometry":{"type":"Point","coordinates":[141.8022,45.4044]},"properties":{"station":"RJCW","name":"Wakkanai","state":"JP","country":"JP","elevation":11}},{"type":"Feature","id":"RJDB","geometry":{"type":"Point","coordinates":[129.785,33.749]},"properties":{"station":"RJDB","name":"Iki","state":"JP","country":"JP","elevation":9}},{"type":"Feature","id":"RJDC","geometry":{"type":"Point","coordinates":[131.2786,33.93]},"properties":{"station":"RJDC","name":"Yamaguchi","state":"JP","country":"JP","elevation":8}},{"type":"Feature","id":"RJDM","geometry":{"type":"Point","coordinates":[130.4136,33.3253]},"properties":{"station":"RJDM","name":"METABARU (JASDF)","state":"JP","country":"JP","elevation":19}},{"type":"Feature","id":"RJDT","geometry":{"type":"Point","coordinates":[129.3306,34.285]},"properties":{"station":"RJDT","name":"Tsushima","state":"JP","country":"JP","elevation":66}},{"type":"Feature","id":"RJEB","geometry":{"type":"Point","coordinates":[143.404,44.3039]},"properties":{"station":"RJEB","name":"Monbetsu","state":"JP","country":"JP","elevation":25}},{"type":"Feature","id":"RJEC","geometry":{"type":"Point","coordinates":[142.4475,43.6708]},"properties":{"station":"RJEC","name":"Asahikawa","state":"JP","country":"JP","elevation":211}},{"type":"Feature","id":"RJFC","geometry":{"type":"Point","coordinates":[130.66,30.3855]},"properties":{"station":"RJFC","name":"Yakushina","state":"JP","country":"JP","elevation":35}},{"type":"Feature","id":"RJFE","geometry":{"type":"Point","coordinates":[128.8328,32.6664]},"properties":{"station":"RJFE","name":"Fukue","state":"JP","country":"JP","elevation":80}},{"type":"Feature","id":"RJFF","geometry":{"type":"Point","coordinates":[130.4517,33.5844]},"properties":{"station":"RJFF","name":"Fukuoka","state":"JP","country":"JP","elevation":12}},{"type":"Feature","id":"RJFG","geometry":{"type":"Point","coordinates":[130.9917,30.605]},"properties":{"station":"RJFG","name":"Tanegashima","state":"JP","country":"JP","elevation":95}},{"type":"Feature","id":"RJFK","geometry":{"type":"Point","coordinates":[130.7194,31.8033]},"properties":{"station":"RJFK","name":"Kagoshima","state":"JP","country":"JP","elevation":275}},{"type":"Feature","id":"RJFM","geometry":{"type":"Point","coordinates":[131.4486,31.8772]},"properties":{"station":"RJFM","name":"Miyazaki","state":"JP","country":"JP","elevation":9}},{"type":"Feature","id":"RJFO","geometry":{"type":"Point","coordinates":[131.7372,33.4794]},"properties":{"station":"RJFO","name":"Oita","state":"JP","country":"JP","elevation":8}},{"type":"Feature","id":"RJFR","geometry":{"type":"Point","coordinates":[131.035,33.8456]},"properties":{"station":"RJFR","name":"Kitakyushu","state":"JP","country":"JP","elevation":6}},{"type":"Feature","id":"RJFS","geometry":{"type":"Point","coordinates":[130.3,33.15]},"properties":{"station":"RJFS","name":"Saga","state":"JP","country":"JP","elevation":5}},{"type":"Feature","id":"RJFT","geometry":{"type":"Point","coordinates":[130.8553,32.8372]},"properties":{"station":"RJFT","name":"Kumamoto","state":"JP","country":"JP","elevation":196}},{"type":"Feature","id":"RJFU","geometry":{"type":"Point","coordinates":[129.9136,32.9169]},"properties":{"station":"RJFU","name":"Nagasaki","state":"JP","country":"JP","elevation":5}},{"type":"Feature","id":"RJFY","geometry":{"type":"Point","coordinates":[130.8381,31.3681]},"properties":{"station":"RJFY","name":"Kanoya","state":"JP","country":"JP","elevation":68}},{"type":"Feature","id":"RJGG","geometry":{"type":"Point","coordinates":[136.8054,34.8584]},"properties":{"station":"RJGG","name":"Nagoya","state":"JP","country":"JP","elevation":5}},{"type":"Feature","id":"RJKA","geometry":{"type":"Point","coordinates":[129.7125,28.4308]},"properties":{"station":"RJKA","name":"Amami","state":"JP","country":"JP","elevation":7}},{"type":"Feature","id":"RJKB","geometry":{"type":"Point","coordinates":[128.71,27.43]},"properties":{"station":"RJKB","name":"Okierabu","state":"JP","country":"JP","elevation":3}},{"type":"Feature","id":"RJKI","geometry":{"type":"Point","coordinates":[129.9281,28.3213]},"properties":{"station":"RJKI","name":"Kikai","state":"JP","country":"JP","elevation":6}},{"type":"Feature","id":"RJKN","geometry":{"type":"Point","coordinates":[128.8813,27.8364]},"properties":{"station":"RJKN","name":"Tokunoshima","state":"JP","country":"JP","elevation":3}},{"type":"Feature","id":"RJNG","geometry":{"type":"Point","coordinates":[136.8694,35.3944]},"properties":{"station":"RJNG","name":"Gifu","state":"JP","country":"JP","elevation":42}},{"type":"Feature","id":"RJNK","geometry":{"type":"Point","coordinates":[136.4075,36.3939]},"properties":{"station":"RJNK","name":"Kanazawa","state":"JP","country":"JP","elevation":9}},{"type":"Feature","id":"RJNS","geometry":{"type":"Point","coordinates":[138.1894,34.7961]},"properties":{"station":"RJNS","name":"Shizuoka Airport","state":"JP","country":"JP","elevation":135}},{"type":"Feature","id":"RJNT","geometry":{"type":"Point","coordinates":[137.1875,36.6483]},"properties":{"station":"RJNT","name":"Toyama","state":"JP","country":"JP","elevation":27}},{"type":"Feature","id":"RJNW","geometry":{"type":"Point","coordinates":[136.9618,37.2931]},"properties":{"station":"RJNW","name":"Wajima","state":"JP","country":"JP","elevation":219}},{"type":"Feature","id":"RJNY","geometry":{"type":"Point","coordinates":[138.2981,34.8128]},"properties":{"station":"RJNY","name":"Yaizu","state":"JP","country":"JP","elevation":10}},{"type":"Feature","id":"RJOA","geometry":{"type":"Point","coordinates":[132.9194,34.4361]},"properties":{"station":"RJOA","name":"Hiroshima","state":"JP","country":"JP","elevation":6}},{"type":"Feature","id":"RJOB","geometry":{"type":"Point","coordinates":[133.8553,34.7569]},"properties":{"station":"RJOB","name":"Okayama","state":"JP","country":"JP","elevation":242}},{"type":"Feature","id":"RJOC","geometry":{"type":"Point","coordinates":[132.89,35.4136]},"properties":{"station":"RJOC","name":"Izumo","state":"JP","country":"JP","elevation":5}},{"type":"Feature","id":"RJOE","geometry":{"type":"Point","coordinates":[136.6722,34.5333]},"properties":{"station":"RJOE","name":"Akeno","state":"JP","country":"JP","elevation":9}},{"type":"Feature","id":"RJOF","geometry":{"type":"Point","coordinates":[131.5464,34.0344]},"properties":{"station":"RJOF","name":"Hofu","state":"JP","country":"JP","elevation":5}},{"type":"Feature","id":"RJOH","geometry":{"type":"Point","coordinates":[133.2392,35.4933]},"properties":{"station":"RJOH","name":"Miho","state":"JP","country":"JP","elevation":9}},{"type":"Feature","id":"RJOI","geometry":{"type":"Point","coordinates":[132.2357,34.1439]},"properties":{"station":"RJOI","name":"Iwakuni","state":"JP","country":"JP","elevation":2}},{"type":"Feature","id":"RJOK","geometry":{"type":"Point","coordinates":[133.6694,33.5461]},"properties":{"station":"RJOK","name":"Kochi","state":"JP","country":"JP","elevation":10}},{"type":"Feature","id":"RJOM","geometry":{"type":"Point","coordinates":[132.6997,33.8272]},"properties":{"station":"RJOM","name":"Matsuyama","state":"JP","country":"JP","elevation":7}},{"type":"Feature","id":"RJOO","geometry":{"type":"Point","coordinates":[135.4392,34.7844]},"properties":{"station":"RJOO","name":"Osaka","state":"JP","country":"JP","elevation":15}},{"type":"Feature","id":"RJOP","geometry":{"type":"Point","coordinates":[134.6264,34.0053]},"properties":{"station":"RJOP","name":"KOMATSUJIMA (JASDF)","state":"JP","country":"JP","elevation":6}},{"type":"Feature","id":"RJOR","geometry":{"type":"Point","coordinates":[134.165,35.53]},"properties":{"station":"RJOR","name":"Tottori","state":"JP","country":"JP","elevation":18}},{"type":"Feature","id":"RJOS","geometry":{"type":"Point","coordinates":[134.6092,34.1322]},"properties":{"station":"RJOS","name":"Tokushima","state":"JP","country":"JP","elevation":11}},{"type":"Feature","id":"RJOT","geometry":{"type":"Point","coordinates":[134.0167,34.2167]},"properties":{"station":"RJOT","name":"Takamatsu","state":"JP","country":"JP","elevation":188}},{"type":"Feature","id":"RJOW","geometry":{"type":"Point","coordinates":[131.7903,34.6764]},"properties":{"station":"RJOW","name":"Iwami","state":"JP","country":"JP","elevation":54}},{"type":"Feature","id":"RJOY","geometry":{"type":"Point","coordinates":[135.6006,34.5967]},"properties":{"station":"RJOY","name":"Osaka","state":"JP","country":"JP","elevation":13}},{"type":"Feature","id":"RJOZ","geometry":{"type":"Point","coordinates":[131.0522,34.0469]},"properties":{"station":"RJOZ","name":"Ozuki","state":"JP","country":"JP","elevation":7}},{"type":"Feature","id":"RJSA","geometry":{"type":"Point","coordinates":[140.6886,40.7333]},"properties":{"station":"RJSA","name":"Aomori","state":"JP","country":"JP","elevation":201}},{"type":"Feature","id":"RJSC","geometry":{"type":"Point","coordinates":[140.3711,38.4119]},"properties":{"station":"RJSC","name":"Yamagata","state":"JP","country":"JP","elevation":108}},{"type":"Feature","id":"RJSF","geometry":{"type":"Point","coordinates":[140.4281,37.2275]},"properties":{"station":"RJSF","name":"Fukushima","state":"JP","country":"JP","elevation":375}},{"type":"Feature","id":"RJSH","geometry":{"type":"Point","coordinates":[141.4672,40.5519]},"properties":{"station":"RJSH","name":"Hachinoe","state":"JP","country":"JP","elevation":49}},{"type":"Feature","id":"RJSI","geometry":{"type":"Point","coordinates":[141.1353,39.4286]},"properties":{"station":"RJSI","name":"Hanamaki","state":"JP","country":"JP","elevation":93}},{"type":"Feature","id":"RJSK","geometry":{"type":"Point","coordinates":[140.2167,39.6167]},"properties":{"station":"RJSK","name":"Akita","state":"JP","country":"JP","elevation":96}},{"type":"Feature","id":"RJSM","geometry":{"type":"Point","coordinates":[141.3684,40.7032]},"properties":{"station":"RJSM","name":"Misawa","state":"JP","country":"JP","elevation":36}},{"type":"Feature","id":"RJSN","geometry":{"type":"Point","coordinates":[139.1117,37.9558]},"properties":{"station":"RJSN","name":"Niigata","state":"JP","country":"JP","elevation":4}},{"type":"Feature","id":"RJSO","geometry":{"type":"Point","coordinates":[141.1322,41.2328]},"properties":{"station":"RJSO","name":"OMINATO (JASDF)","state":"JP","country":"JP","elevation":10}},{"type":"Feature","id":"RJSR","geometry":{"type":"Point","coordinates":[140.3714,40.1919]},"properties":{"station":"RJSR","name":"Odate Noshiro","state":"JP","country":"JP","elevation":87}},{"type":"Feature","id":"RJSS","geometry":{"type":"Point","coordinates":[140.9169,38.1397]},"properties":{"station":"RJSS","name":"Sendai","state":"JP","country":"JP","elevation":5}},{"type":"Feature","id":"RJSU","geometry":{"type":"Point","coordinates":[140.9231,38.2356]},"properties":{"station":"RJSU","name":"KASUMINOME (JASDF)","state":"JP","country":"JP","elevation":10}},{"type":"Feature","id":"RJSY","geometry":{"type":"Point","coordinates":[139.7872,38.8122]},"properties":{"station":"RJSY","name":"Shonai","state":"JP","country":"JP","elevation":22}},{"type":"Feature","id":"RJTC","geometry":{"type":"Point","coordinates":[139.4031,35.7108]},"properties":{"station":"RJTC","name":"TACHIKAWA (JASDF)","state":"JP","country":"JP","elevation":98}},{"type":"Feature","id":"RJTE","geometry":{"type":"Point","coordinates":[139.8319,34.9875]},"properties":{"station":"RJTE","name":"Tateyama","state":"JP","country":"JP","elevation":6}},{"type":"Feature","id":"RJTF","geometry":{"type":"Point","coordinates":[139.5281,35.6717]},"properties":{"station":"RJTF","name":"Tokyo","state":"JP","country":"JP","elevation":44}},{"type":"Feature","id":"RJTI","geometry":{"type":"Point","coordinates":[139.85,35.63]},"properties":{"station":"RJTI","name":"TOKYO HELIPORT","state":"JP","country":"JP","elevation":8}},{"type":"Feature","id":"RJTK","geometry":{"type":"Point","coordinates":[139.9097,35.3983]},"properties":{"station":"RJTK","name":"Kisarazu","state":"JP","country":"JP","elevation":6}},{"type":"Feature","id":"RJTL","geometry":{"type":"Point","coordinates":[140.0122,35.7989]},"properties":{"station":"RJTL","name":"Shimofusa","state":"JP","country":"JP","elevation":33}},{"type":"Feature","id":"RJTO","geometry":{"type":"Point","coordinates":[139.3603,34.7819]},"properties":{"station":"RJTO","name":"Oshima","state":"JP","country":"JP","elevation":41}},{"type":"Feature","id":"RJTR","geometry":{"type":"Point","coordinates":[139.3937,35.5138]},"properties":{"station":"RJTR","name":"Zama","state":"JP","country":"JP","elevation":109}},{"type":"Feature","id":"RJTT","geometry":{"type":"Point","coordinates":[139.7811,35.5533]},"properties":{"station":"RJTT","name":"Tokyo","state":"JP","country":"JP","elevation":8}},{"type":"Feature","id":"RJTU","geometry":{"type":"Point","coordinates":[139.8708,36.5144]},"properties":{"station":"RJTU","name":"UTSUNOMIYA","state":"JP","country":"JP","elevation":105}},{"type":"Feature","id":"RJTY","geometry":{"type":"Point","coordinates":[139.3485,35.7485]},"properties":{"station":"RJTY","name":"Yokota","state":"JP","country":"JP","elevation":139}},{"type":"Feature","id":"RKD","geometry":{"type":"Point","coordinates":[-69.0993,44.0601]},"properties":{"station":"RKD","name":"ROCKLAND/KNOX(AWOS)","state":"ME","country":"US","elevation":17}},{"type":"Feature","id":"RKJB","geometry":{"type":"Point","coordinates":[126.38,34.98]},"properties":{"station":"RKJB","name":"Muan","state":"KR","country":"KR","elevation":2}},{"type":"Feature","id":"RKJJ","geometry":{"type":"Point","coordinates":[126.8089,35.1264]},"properties":{"station":"RKJJ","name":"Kwangju","state":"KR","country":"KR","elevation":13}},{"type":"Feature","id":"RKJK","geometry":{"type":"Point","coordinates":[126.622,35.8994]},"properties":{"station":"RKJK","name":"Kunsan","state":"KR","country":"KR","elevation":9}},{"type":"Feature","id":"RKNF","geometry":{"type":"Point","coordinates":[128.6667,37.75]},"properties":{"station":"RKNF","name":"Whang Ryeong","state":"KR","country":"KR","elevation":1216.9772}},{"type":"Feature","id":"RKNN","geometry":{"type":"Point","coordinates":[128.9436,37.7536]},"properties":{"station":"RKNN","name":"Kangnung","state":"KR","country":"KR","elevation":3.017337}},{"type":"Feature","id":"RKNR","geometry":{"type":"Point","coordinates":[128.9,37.1]},"properties":{"station":"RKNR","name":"Kotar Range","state":"KR","country":"KR","elevation":1155.6082}},{"type":"Feature","id":"RKNW","geometry":{"type":"Point","coordinates":[127.9467,37.3375]},"properties":{"station":"RKNW","name":"Wonju","state":"KR","country":"KR","elevation":147.49242}},{"type":"Feature","id":"RKNY","geometry":{"type":"Point","coordinates":[128.6692,38.0613]},"properties":{"station":"RKNY","name":"Sokcho / Gangneung","state":"KR","country":"KR","elevation":74}},{"type":"Feature","id":"RKP","geometry":{"type":"Point","coordinates":[-97.0464,28.0836]},"properties":{"station":"RKP","name":"ROCKPORT/ARANSAS CO","state":"TX","country":"US","elevation":8}},{"type":"Feature","id":"RKPC","geometry":{"type":"Point","coordinates":[126.493,33.5113]},"properties":{"station":"RKPC","name":"Cheju","state":"KR","country":"KR","elevation":27}},{"type":"Feature","id":"RKPK","geometry":{"type":"Point","coordinates":[128.9382,35.1795]},"properties":{"station":"RKPK","name":"Busan","state":"KR","country":"KR","elevation":15}},{"type":"Feature","id":"RKPM","geometry":{"type":"Point","coordinates":[126.1628,33.2939]},"properties":{"station":"RKPM","name":"Mosulpo Ab","state":"KR","country":"KR","elevation":59.284367}},{"type":"Feature","id":"RKPS","geometry":{"type":"Point","coordinates":[128.0704,35.0885]},"properties":{"station":"RKPS","name":"Sacheon","state":"KR","country":"KR","elevation":8}},{"type":"Feature","id":"RKR","geometry":{"type":"Point","coordinates":[-94.62,35.02]},"properties":{"station":"RKR","name":"ROBERT S KERR AIRPORT/POTEAU","state":"OK","country":"US","elevation":138}},{"type":"Feature","id":"RKS","geometry":{"type":"Point","coordinates":[-109.0652,41.5942]},"properties":{"station":"RKS","name":"ROCK SPRINGS","state":"WY","country":"US","elevation":2060}},{"type":"Feature","id":"RKSD","geometry":{"type":"Point","coordinates":[127.2667,37.35]},"properties":{"station":"RKSD","name":"Maesanri","state":"KR","country":"KR","elevation":135.72069}},{"type":"Feature","id":"RKSF","geometry":{"type":"Point","coordinates":[126.9667,37.5333]},"properties":{"station":"RKSF","name":"Seoul - Yongdungp","state":"KR","country":"KR","elevation":17.56393}},{"type":"Feature","id":"RKSG","geometry":{"type":"Point","coordinates":[127.0311,36.9622]},"properties":{"station":"RKSG","name":"Pyongtaek","state":"KR","country":"KR","elevation":16}},{"type":"Feature","id":"RKSI","geometry":{"type":"Point","coordinates":[126.45,37.4667]},"properties":{"station":"RKSI","name":"Seoul","state":"KR","country":"KR","elevation":7}},{"type":"Feature","id":"RKSM","geometry":{"type":"Point","coordinates":[127.1139,37.4458]},"properties":{"station":"RKSM","name":"Seoul East","state":"KR","country":"KR","elevation":20}},{"type":"Feature","id":"RKSO","geometry":{"type":"Point","coordinates":[127.0296,37.0906]},"properties":{"station":"RKSO","name":"Osan","state":"KR","country":"KR","elevation":12}},{"type":"Feature","id":"RKSP","geometry":{"type":"Point","coordinates":[124.6667,37.9667]},"properties":{"station":"RKSP","name":"Paengnyongdo Ab","state":"KR","country":"KR","elevation":79.28091}},{"type":"Feature","id":"RKSQ","geometry":{"type":"Point","coordinates":[125.6979,37.6641]},"properties":{"station":"RKSQ","name":"Yeonpyeong-Myeon Heliport","state":"KR","country":"KR","elevation":49}},{"type":"Feature","id":"RKSS","geometry":{"type":"Point","coordinates":[126.7906,37.5583]},"properties":{"station":"RKSS","name":"Seoul","state":"KR","country":"KR","elevation":19}},{"type":"Feature","id":"RKSU","geometry":{"type":"Point","coordinates":[127.6329,37.4369]},"properties":{"station":"RKSU","name":"Yeoju Range","state":"KR","country":"KR","elevation":174.50996}},{"type":"Feature","id":"RKSV","geometry":{"type":"Point","coordinates":[126.3817,37.7786]},"properties":{"station":"RKSV","name":"Pyoripsan","state":"KR","country":"KR","elevation":219.12607}},{"type":"Feature","id":"RKSW","geometry":{"type":"Point","coordinates":[127.0071,37.2394]},"properties":{"station":"RKSW","name":"Suwon","state":"KR","country":"KR","elevation":24.957533}},{"type":"Feature","id":"RKTB","geometry":{"type":"Point","coordinates":[126.05,37.0167]},"properties":{"station":"RKTB","name":"Paekado","state":"KR","country":"KR","elevation":-63.367786}},{"type":"Feature","id":"RKTE","geometry":{"type":"Point","coordinates":[127.5001,36.5682]},"properties":{"station":"RKTE","name":"Songmu Ab","state":"KR","country":"KR","elevation":77.489044}},{"type":"Feature","id":"RKTF","geometry":{"type":"Point","coordinates":[127.372,36.372]},"properties":{"station":"RKTF","name":"Taejon","state":"KR","country":"KR","elevation":57.937878}},{"type":"Feature","id":"RKTI","geometry":{"type":"Point","coordinates":[127.8853,37.03]},"properties":{"station":"RKTI","name":"Jung Won Rok-Ab","state":"KR","country":"KR","elevation":12.104}},{"type":"Feature","id":"RKTN","geometry":{"type":"Point","coordinates":[128.6589,35.8941]},"properties":{"station":"RKTN","name":"Taegu","state":"KR","country":"KR","elevation":35}},{"type":"Feature","id":"RKTP","geometry":{"type":"Point","coordinates":[126.4862,36.7041]},"properties":{"station":"RKTP","name":"Seosan","state":"KR","country":"KR","elevation":13.582559}},{"type":"Feature","id":"RKTU","geometry":{"type":"Point","coordinates":[127.4991,36.7166]},"properties":{"station":"RKTU","name":"Chongju","state":"KR","country":"KR","elevation":66}},{"type":"Feature","id":"RKTW","geometry":{"type":"Point","coordinates":[126.55,36.2]},"properties":{"station":"RKTW","name":"Woong Cheon","state":"KR","country":"KR","elevation":108.6827}},{"type":"Feature","id":"RKTY","geometry":{"type":"Point","coordinates":[128.3548,36.6319]},"properties":{"station":"RKTY","name":"Yechon","state":"KR","country":"KR","elevation":107.924644}},{"type":"Feature","id":"RKW","geometry":{"type":"Point","coordinates":[-84.6897,35.9223]},"properties":{"station":"RKW","name":"Rockwood","state":"TN","country":"US","elevation":504}},{"type":"Feature","id":"RLD","geometry":{"type":"Point","coordinates":[-119.3012,46.3015]},"properties":{"station":"RLD","name":"Richland","state":"WA","country":"US","elevation":115.79044}},{"type":"Feature","id":"RME","geometry":{"type":"Point","coordinates":[-75.3953,43.2239]},"properties":{"station":"RME","name":"Griffiss AFB / Rome","state":"NY","country":"US","elevation":143.61661}},{"type":"Feature","id":"RMG","geometry":{"type":"Point","coordinates":[-85.1611,34.3478]},"properties":{"station":"RMG","name":"ROME/RUSSELL(RAMOS)","state":"GA","country":"US","elevation":196}},{"type":"Feature","id":"RMN","geometry":{"type":"Point","coordinates":[-77.4555,38.3981]},"properties":{"station":"RMN","name":"STAFFORD","state":"VA","country":"US","elevation":65}},{"type":"Feature","id":"RMY","geometry":{"type":"Point","coordinates":[-84.9554,42.2512]},"properties":{"station":"RMY","name":"MARSHALL","state":"MI","country":"US","elevation":287}},{"type":"Feature","id":"RNC","geometry":{"type":"Point","coordinates":[-85.8438,35.6987]},"properties":{"station":"RNC","name":"Mc Minnville","state":"TN","country":"US","elevation":309}},{"type":"Feature","id":"RND","geometry":{"type":"Point","coordinates":[-98.28,29.53]},"properties":{"station":"RND","name":"RANDOLPH AFB","state":"TX","country":"US","elevation":232}},{"type":"Feature","id":"RNH","geometry":{"type":"Point","coordinates":[-92.5381,45.1483]},"properties":{"station":"RNH","name":"NEW RICHMOND MUN","state":"WI","country":"US","elevation":304}},{"type":"Feature","id":"RNM","geometry":{"type":"Point","coordinates":[-116.9153,33.0392]},"properties":{"station":"RNM","name":"RAMONA AIRPORT","state":"CA","country":"US","elevation":425}},{"type":"Feature","id":"RNO","geometry":{"type":"Point","coordinates":[-119.7711,39.4839]},"properties":{"station":"RNO","name":"Reno - Tahoe","state":"NV","country":"US","elevation":1345}},{"type":"Feature","id":"RNP","geometry":{"type":"Point","coordinates":[-84.1389,42.9929]},"properties":{"station":"RNP","name":"Owosso","state":"MI","country":"US","elevation":224}},{"type":"Feature","id":"RNT","geometry":{"type":"Point","coordinates":[-122.2157,47.4931]},"properties":{"station":"RNT","name":"RENTON MUNICIPAL","state":"WA","country":"US","elevation":9}},{"type":"Feature","id":"RNV","geometry":{"type":"Point","coordinates":[-90.7579,33.7611]},"properties":{"station":"RNV","name":"Cleveland","state":"MS","country":"US","elevation":41.995564}},{"type":"Feature","id":"ROA","geometry":{"type":"Point","coordinates":[-79.9737,37.3172]},"properties":{"station":"ROA","name":"Roanoke Muni","state":"VA","country":"US","elevation":344.71243}},{"type":"Feature","id":"ROAH","geometry":{"type":"Point","coordinates":[127.6458,26.1958]},"properties":{"station":"ROAH","name":"Okinawa","state":"JP","country":"JP","elevation":8}},{"type":"Feature","id":"ROC","geometry":{"type":"Point","coordinates":[-77.6767,43.1167]},"properties":{"station":"ROC","name":"ROCHESTER/MONROE CO","state":"NY","country":"US","elevation":169}},{"type":"Feature","id":"RODE","geometry":{"type":"Point","coordinates":[127.7833,26.7167]},"properties":{"station":"RODE","name":"Iejima Auxiliary","state":"JP","country":"JP","elevation":62}},{"type":"Feature","id":"RODN","geometry":{"type":"Point","coordinates":[127.7676,26.3556]},"properties":{"station":"RODN","name":"Kadena","state":"JP","country":"JP","elevation":45}},{"type":"Feature","id":"ROG","geometry":{"type":"Point","coordinates":[-94.107,36.3724]},"properties":{"station":"ROG","name":"ROGERS (AWOS)","state":"AR","country":"US","elevation":415}},{"type":"Feature","id":"ROIG","geometry":{"type":"Point","coordinates":[124.1633,24.3367]},"properties":{"station":"ROIG","name":"Ishigaki","state":"JP","country":"JP","elevation":7}},{"type":"Feature","id":"ROKJ","geometry":{"type":"Point","coordinates":[126.7139,26.3636]},"properties":{"station":"ROKJ","name":"Kumejima","state":"JP","country":"JP","elevation":6}},{"type":"Feature","id":"ROMD","geometry":{"type":"Point","coordinates":[131.2286,25.8289]},"properties":{"station":"ROMD","name":"Minami Daito","state":"JP","country":"JP","elevation":14.17692}},{"type":"Feature","id":"ROMY","geometry":{"type":"Point","coordinates":[125.2767,24.7933]},"properties":{"station":"ROMY","name":"Miyako","state":"JP","country":"JP","elevation":41}},{"type":"Feature","id":"RORK","geometry":{"type":"Point","coordinates":[131.3333,25.9167]},"properties":{"station":"RORK","name":"Kitadaito","state":"JP","country":"JP","elevation":-499.14362}},{"type":"Feature","id":"RORS","geometry":{"type":"Point","coordinates":[125.1447,24.8267]},"properties":{"station":"RORS","name":"Shimojishima","state":"JP","country":"JP","elevation":16}},{"type":"Feature","id":"RORT","geometry":{"type":"Point","coordinates":[124.675,24.654]},"properties":{"station":"RORT","name":"Tarama Island","state":"JP","country":"JP","elevation":12}},{"type":"Feature","id":"RORY","geometry":{"type":"Point","coordinates":[128.402,27.044]},"properties":{"station":"RORY","name":"Yoron","state":"JP","country":"JP","elevation":15.9148035}},{"type":"Feature","id":"ROS","geometry":{"type":"Point","coordinates":[-92.953,45.698]},"properties":{"station":"ROS","name":"RUSH CITY","state":"MN","country":"US","elevation":281}},{"type":"Feature","id":"ROTM","geometry":{"type":"Point","coordinates":[127.7565,26.2743]},"properties":{"station":"ROTM","name":"Futema","state":"JP","country":"JP","elevation":75}},{"type":"Feature","id":"ROW","geometry":{"type":"Point","coordinates":[-104.53,33.3]},"properties":{"station":"ROW","name":"ROSWELL/INDUSTRIAL","state":"NM","country":"US","elevation":1118}},{"type":"Feature","id":"ROX","geometry":{"type":"Point","coordinates":[-95.6971,48.856]},"properties":{"station":"ROX","name":"ROSEAU MUNI","state":"MN","country":"US","elevation":323}},{"type":"Feature","id":"ROYN","geometry":{"type":"Point","coordinates":[122.978,24.467]},"properties":{"station":"ROYN","name":"Yonaguni Jima","state":"JP","country":"JP","elevation":18.988604}},{"type":"Feature","id":"RPD","geometry":{"type":"Point","coordinates":[-91.7733,45.4201]},"properties":{"station":"RPD","name":"RICE LAKE","state":"WI","country":"US","elevation":336}},{"type":"Feature","id":"RPH","geometry":{"type":"Point","coordinates":[-98.555,33.11]},"properties":{"station":"RPH","name":"GRAHAM_MUNI_ARPT","state":"TX","country":"US","elevation":344}},{"type":"Feature","id":"RPJ","geometry":{"type":"Point","coordinates":[-89.0783,41.893]},"properties":{"station":"RPJ","name":"Rochelle","state":"IL","country":"US","elevation":238}},{"type":"Feature","id":"RQB","geometry":{"type":"Point","coordinates":[-85.5041,43.7226]},"properties":{"station":"RQB","name":"BIG RAPIDS","state":"MI","country":"US","elevation":302}},{"type":"Feature","id":"RQE","geometry":{"type":"Point","coordinates":[-109.0614,35.6575]},"properties":{"station":"RQE","name":"WINDOW ROCK (WAS P34)","state":"AZ","country":"US","elevation":2054}},{"type":"Feature","id":"RQO","geometry":{"type":"Point","coordinates":[-98.0058,35.4727]},"properties":{"station":"RQO","name":"El Reno","state":"OK","country":"US","elevation":431.9}},{"type":"Feature","id":"RRL","geometry":{"type":"Point","coordinates":[-89.7129,45.1989]},"properties":{"station":"RRL","name":"MERRILL","state":"WI","country":"US","elevation":401}},{"type":"Feature","id":"RRT","geometry":{"type":"Point","coordinates":[-95.3483,48.9414]},"properties":{"station":"RRT","name":"WARROAD","state":"MN","country":"US","elevation":327}},{"type":"Feature","id":"RSL","geometry":{"type":"Point","coordinates":[-98.8118,38.8721]},"properties":{"station":"RSL","name":"RUSSELL","state":"KS","country":"US","elevation":568}},{"type":"Feature","id":"RSN","geometry":{"type":"Point","coordinates":[-92.5883,32.5144]},"properties":{"station":"RSN","name":"Ruston","state":"LA","country":"US","elevation":95}},{"type":"Feature","id":"RSP","geometry":{"type":"Point","coordinates":[-77.468,39.645]},"properties":{"station":"RSP","name":"Camp David","state":"MD","country":"US","elevation":561}},{"type":"Feature","id":"RST","geometry":{"type":"Point","coordinates":[-92.4916,43.9041]},"properties":{"station":"RST","name":"ROCHESTER","state":"MN","country":"US","elevation":403}},{"type":"Feature","id":"RSV","geometry":{"type":"Point","coordinates":[-87.6498,39.016]},"properties":{"station":"RSV","name":"Robinson","state":"IL","country":"US","elevation":141}},{"type":"Feature","id":"RSW","geometry":{"type":"Point","coordinates":[-81.7567,26.5381]},"properties":{"station":"RSW","name":"FT MYERS/SW FLORIDA","state":"FL","country":"US","elevation":9}},{"type":"Feature","id":"RTN","geometry":{"type":"Point","coordinates":[-104.5022,36.7415]},"properties":{"station":"RTN","name":"RATON/CREWS FLD","state":"NM","country":"US","elevation":1935}},{"type":"Feature","id":"RTS","geometry":{"type":"Point","coordinates":[-119.8764,39.6682]},"properties":{"station":"RTS","name":"Reno","state":"NV","country":"US","elevation":1539}},{"type":"Feature","id":"RUE","geometry":{"type":"Point","coordinates":[-93.0947,35.2578]},"properties":{"station":"RUE","name":"RUSSELLVILLE MUNICIPAL AIRPORT","state":"AR","country":"US","elevation":123}},{"type":"Feature","id":"RUG","geometry":{"type":"Point","coordinates":[-100.0243,48.3904]},"properties":{"station":"RUG","name":"Rugby","state":"ND","country":"US","elevation":471}},{"type":"Feature","id":"RUQ","geometry":{"type":"Point","coordinates":[-80.5203,35.6459]},"properties":{"station":"RUQ","name":"ROWAN_COUNTY_AIRPORT","state":"NC","country":"US","elevation":236}},{"type":"Feature","id":"RUT","geometry":{"type":"Point","coordinates":[-72.95,43.53]},"properties":{"station":"RUT","name":"RUTLAND STATE(AWOS)","state":"VT","country":"US","elevation":240}},{"type":"Feature","id":"RVF","geometry":{"type":"Point","coordinates":[-112.3023,45.5354]},"properties":{"station":"RVF","name":"Twin Bridges","state":"MT","country":"US","elevation":1449.7709}},{"type":"Feature","id":"RVJ","geometry":{"type":"Point","coordinates":[-82.1536,32.0595]},"properties":{"station":"RVJ","name":"Reidsville","state":"GA","country":"US","elevation":57.213497}},{"type":"Feature","id":"RVL","geometry":{"type":"Point","coordinates":[-77.6268,40.6774]},"properties":{"station":"RVL","name":"Reedsville","state":"PA","country":"US","elevation":246.76106}},{"type":"Feature","id":"RVS","geometry":{"type":"Point","coordinates":[-95.9846,36.0396]},"properties":{"station":"RVS","name":"TULSA/LLOYD JONES","state":"OK","country":"US","elevation":193}},{"type":"Feature","id":"RWF","geometry":{"type":"Point","coordinates":[-95.082,44.5469]},"properties":{"station":"RWF","name":"REDWOOD FALL","state":"MN","country":"US","elevation":311}},{"type":"Feature","id":"RWI","geometry":{"type":"Point","coordinates":[-77.8919,35.8563]},"properties":{"station":"RWI","name":"ROCKY_MOUNT-WILSON_(ASOS)","state":"NC","country":"US","elevation":48}},{"type":"Feature","id":"RWL","geometry":{"type":"Point","coordinates":[-107.1999,41.8056]},"properties":{"station":"RWL","name":"RAWLINS MUNICIPAL","state":"WY","country":"US","elevation":2077}},{"type":"Feature","id":"RWV","geometry":{"type":"Point","coordinates":[-96.7041,30.5155]},"properties":{"station":"RWV","name":"Caldwell","state":"TX","country":"US","elevation":119}},{"type":"Feature","id":"RXE","geometry":{"type":"Point","coordinates":[-111.8051,43.8339]},"properties":{"station":"RXE","name":"REXBURG-MADISON COUNTY AIRPORT","state":"ID","country":"US","elevation":1481}},{"type":"Feature","id":"RYM","geometry":{"type":"Point","coordinates":[-94.3575,46.0895]},"properties":{"station":"RYM","name":"Ray Miller Army Field","state":"MN","country":"US","elevation":345.2554}},{"type":"Feature","id":"RYN","geometry":{"type":"Point","coordinates":[-111.1746,32.1422]},"properties":{"station":"RYN","name":"TUCSON/RYAN FLD","state":"AZ","country":"US","elevation":737}},{"type":"Feature","id":"RYV","geometry":{"type":"Point","coordinates":[-88.7232,43.1696]},"properties":{"station":"RYV","name":"WATERTOWN","state":"WI","country":"US","elevation":248}},{"type":"Feature","id":"RYW","geometry":{"type":"Point","coordinates":[-97.9659,30.4967]},"properties":{"station":"RYW","name":"Lago Vista","state":"TX","country":"US","elevation":375.2}},{"type":"Feature","id":"RYY","geometry":{"type":"Point","coordinates":[-84.5986,34.0131]},"properties":{"station":"RYY","name":"MARIETTA","state":"GA","country":"US","elevation":317}},{"type":"Feature","id":"RZL","geometry":{"type":"Point","coordinates":[-87.1826,40.9479]},"properties":{"station":"RZL","name":"Rensselaer","state":"IN","country":"US","elevation":213}},{"type":"Feature","id":"RZN","geometry":{"type":"Point","coordinates":[-92.3725,45.8227]},"properties":{"station":"RZN","name":"SIREN","state":"WI","country":"US","elevation":301}},{"type":"Feature","id":"RZR","geometry":{"type":"Point","coordinates":[-84.7998,35.2115]},"properties":{"station":"RZR","name":"Cleveland","state":"TN","country":"US","elevation":242.88419}},{"type":"Feature","id":"RZT","geometry":{"type":"Point","coordinates":[-83.0231,39.4404]},"properties":{"station":"RZT","name":"Chillicothe","state":"OH","country":"US","elevation":214.95998}},{"type":"Feature","id":"S12","geometry":{"type":"Point","coordinates":[-123.0594,44.6378]},"properties":{"station":"S12","name":"Albany","state":"OR","country":"US","elevation":69}},{"type":"Feature","id":"S21","geometry":{"type":"Point","coordinates":[-121.4531,43.8763]},"properties":{"station":"S21","name":"Sunriver","state":"OR","country":"US","elevation":1267.1844}},{"type":"Feature","id":"S24","geometry":{"type":"Point","coordinates":[-83.0372,41.2957]},"properties":{"station":"S24","name":"Fremont","state":"OH","country":"US","elevation":201}},{"type":"Feature","id":"S25","geometry":{"type":"Point","coordinates":[-103.2552,47.7966]},"properties":{"station":"S25","name":"Watford","state":"ND","country":"US","elevation":642}},{"type":"Feature","id":"S31","geometry":{"type":"Point","coordinates":[-122.9377,48.4839]},"properties":{"station":"S31","name":"Lopez","state":"WA","country":"US","elevation":58}},{"type":"Feature","id":"S32","geometry":{"type":"Point","coordinates":[-98.1059,47.4228]},"properties":{"station":"S32","name":"Rands","state":"ND","country":"US","elevation":434}},{"type":"Feature","id":"S33","geometry":{"type":"Point","coordinates":[-121.1551,44.6702]},"properties":{"station":"S33","name":"Madras City","state":"OR","country":"US","elevation":736.2697}},{"type":"Feature","id":"S34","geometry":{"type":"Point","coordinates":[-114.9071,47.4736]},"properties":{"station":"S34","name":"Plains","state":"MT","country":"US","elevation":748}},{"type":"Feature","id":"S39","geometry":{"type":"Point","coordinates":[-120.9038,44.287]},"properties":{"station":"S39","name":"Prineville","state":"OR","country":"US","elevation":986}},{"type":"Feature","id":"S52","geometry":{"type":"Point","coordinates":[-120.1459,48.4249]},"properties":{"station":"S52","name":"Winthrop","state":"WA","country":"US","elevation":514.62756}},{"type":"Feature","id":"SAA","geometry":{"type":"Point","coordinates":[-106.8275,41.4435]},"properties":{"station":"SAA","name":"Saratoga","state":"WY","country":"US","elevation":2114.2974}},{"type":"Feature","id":"SAC","geometry":{"type":"Point","coordinates":[-121.495,38.5069]},"properties":{"station":"SAC","name":"SACRAMENTO/EXECUTIV","state":"CA","country":"US","elevation":8}},{"type":"Feature","id":"SAD","geometry":{"type":"Point","coordinates":[-109.6353,32.8547]},"properties":{"station":"SAD","name":"SAFFORD MUNICIPAL","state":"AZ","country":"US","elevation":968}},{"type":"Feature","id":"SAF","geometry":{"type":"Point","coordinates":[-106.0894,35.6171]},"properties":{"station":"SAF","name":"SANTA FE CO. MUNI","state":"NM","country":"US","elevation":1934}},{"type":"Feature","id":"SAN","geometry":{"type":"Point","coordinates":[-117.1845,32.7339]},"properties":{"station":"SAN","name":"SAN DIEGO/LINDBERG","state":"CA","country":"US","elevation":9}},{"type":"Feature","id":"SAR","geometry":{"type":"Point","coordinates":[-89.7,38.15]},"properties":{"station":"SAR","name":"SPARTA","state":"IL","country":"US","elevation":164}},{"type":"Feature","id":"SAT","geometry":{"type":"Point","coordinates":[-98.4698,29.5337]},"properties":{"station":"SAT","name":"SAN ANTONIO INTL","state":"TX","country":"US","elevation":242}},{"type":"Feature","id":"SAV","geometry":{"type":"Point","coordinates":[-81.2023,32.1314]},"properties":{"station":"SAV","name":"Savannah - Hilton Head","state":"GA","country":"US","elevation":9}},{"type":"Feature","id":"SAW","geometry":{"type":"Point","coordinates":[-87.3954,46.3536]},"properties":{"station":"SAW","name":"GWINN/SAWYER AFB","state":"MI","country":"US","elevation":372}},{"type":"Feature","id":"SAZ","geometry":{"type":"Point","coordinates":[-94.8066,46.3809]},"properties":{"station":"SAZ","name":"STAPLES","state":"MN","country":"US","elevation":392}},{"type":"Feature","id":"SBA","geometry":{"type":"Point","coordinates":[-119.8436,34.4261]},"properties":{"station":"SBA","name":"SANTA BARBARA MUNI","state":"CA","country":"US","elevation":3}},{"type":"Feature","id":"SBAF","geometry":{"type":"Point","coordinates":[-43.3847,-22.8751]},"properties":{"station":"SBAF","name":"Rio De Janeiro","state":"BR","country":"BR","elevation":34}},{"type":"Feature","id":"SBAN","geometry":{"type":"Point","coordinates":[-48.9643,-16.2292]},"properties":{"station":"SBAN","name":"Anapolis","state":"BR","country":"BR","elevation":1137}},{"type":"Feature","id":"SBAR","geometry":{"type":"Point","coordinates":[-37.0703,-10.984]},"properties":{"station":"SBAR","name":"Aracaju","state":"BR","country":"BR","elevation":9}},{"type":"Feature","id":"SBAT","geometry":{"type":"Point","coordinates":[-56.1062,-9.8661]},"properties":{"station":"SBAT","name":"Alta Floresta","state":"BR","country":"BR","elevation":288}},{"type":"Feature","id":"SBAU","geometry":{"type":"Point","coordinates":[-50.4247,-21.1413]},"properties":{"station":"SBAU","name":"Aracatuba","state":"BR","country":"BR","elevation":415}},{"type":"Feature","id":"SBAX","geometry":{"type":"Point","coordinates":[-46.9604,-19.5632]},"properties":{"station":"SBAX","name":"Araxa","state":"BR","country":"BR","elevation":998}},{"type":"Feature","id":"SBBE","geometry":{"type":"Point","coordinates":[-48.4763,-1.3793]},"properties":{"station":"SBBE","name":"Belem","state":"BR","country":"BR","elevation":16}},{"type":"Feature","id":"SBBG","geometry":{"type":"Point","coordinates":[-54.1167,-31.35]},"properties":{"station":"SBBG","name":"Bage","state":"BR","country":"BR","elevation":180}},{"type":"Feature","id":"SBBH","geometry":{"type":"Point","coordinates":[-43.95,-19.85]},"properties":{"station":"SBBH","name":"Belo Horizonte","state":"BR","country":"BR","elevation":785}},{"type":"Feature","id":"SBBI","geometry":{"type":"Point","coordinates":[-49.2318,-25.4033]},"properties":{"station":"SBBI","name":"Curitiba","state":"BR","country":"BR","elevation":926}},{"type":"Feature","id":"SBBQ","geometry":{"type":"Point","coordinates":[-43.7667,-21.25]},"properties":{"station":"SBBQ","name":"Barbacena","state":"BR","country":"BR","elevation":1171}},{"type":"Feature","id":"SBBR","geometry":{"type":"Point","coordinates":[-47.9333,-15.8667]},"properties":{"station":"SBBR","name":"Brasilia","state":"BR","country":"BR","elevation":1061}},{"type":"Feature","id":"SBBU","geometry":{"type":"Point","coordinates":[-49.0538,-22.345]},"properties":{"station":"SBBU","name":"Bauru","state":"BR","country":"BR","elevation":590}},{"type":"Feature","id":"SBBV","geometry":{"type":"Point","coordinates":[-60.6901,2.8463]},"properties":{"station":"SBBV","name":"Boa Vista","state":"BR","country":"BR","elevation":140}},{"type":"Feature","id":"SBBW","geometry":{"type":"Point","coordinates":[-52.3889,-15.8613]},"properties":{"station":"SBBW","name":"Barra Do Garcas","state":"BR","country":"BR","elevation":350}},{"type":"Feature","id":"SBCA","geometry":{"type":"Point","coordinates":[-53.5,-25]},"properties":{"station":"SBCA","name":"Cascavel","state":"BR","country":"BR","elevation":754}},{"type":"Feature","id":"SBCB","geometry":{"type":"Point","coordinates":[-42.0743,-22.9217]},"properties":{"station":"SBCB","name":"Cabo Frio","state":"BR","country":"BR","elevation":4}},{"type":"Feature","id":"SBCC","geometry":{"type":"Point","coordinates":[-54.9654,-9.3339]},"properties":{"station":"SBCC","name":"Itaituba","state":"BR","country":"BR","elevation":536}},{"type":"Feature","id":"SBCF","geometry":{"type":"Point","coordinates":[-43.9356,-19.9345]},"properties":{"station":"SBCF","name":"Belo Horizonte","state":"BR","country":"BR","elevation":828}},{"type":"Feature","id":"SBCG","geometry":{"type":"Point","coordinates":[-54.6725,-20.4687]},"properties":{"station":"SBCG","name":"Campo Grande","state":"BR","country":"BR","elevation":567}},{"type":"Feature","id":"SBCH","geometry":{"type":"Point","coordinates":[-52.6167,-27.1167]},"properties":{"station":"SBCH","name":"Chapeco","state":"BR","country":"BR","elevation":650}},{"type":"Feature","id":"SBCJ","geometry":{"type":"Point","coordinates":[-50.0035,-6.1178]},"properties":{"station":"SBCJ","name":"Parauapebas","state":"BR","country":"BR","elevation":621}},{"type":"Feature","id":"SBCO","geometry":{"type":"Point","coordinates":[-51.1439,-29.9455]},"properties":{"station":"SBCO","name":"Porto Alegre","state":"BR","country":"BR","elevation":7.2924833}},{"type":"Feature","id":"SBCP","geometry":{"type":"Point","coordinates":[-41.3333,-21.75]},"properties":{"station":"SBCP","name":"Campos","state":"BR","country":"BR","elevation":11}},{"type":"Feature","id":"SBCR","geometry":{"type":"Point","coordinates":[-57.5,-19.0833]},"properties":{"station":"SBCR","name":"Corumba","state":"BR","country":"BR","elevation":141}},{"type":"Feature","id":"SBCT","geometry":{"type":"Point","coordinates":[-49.1758,-25.5285]},"properties":{"station":"SBCT","name":"Curitiba","state":"BR","country":"BR","elevation":908}},{"type":"Feature","id":"SBCX","geometry":{"type":"Point","coordinates":[-51.2,-29.1667]},"properties":{"station":"SBCX","name":"Caxias Do Sul","state":"BR","country":"BR","elevation":754}},{"type":"Feature","id":"SBCY","geometry":{"type":"Point","coordinates":[-56.1,-15.65]},"properties":{"station":"SBCY","name":"Cuiaba","state":"BR","country":"BR","elevation":182}},{"type":"Feature","id":"SBCZ","geometry":{"type":"Point","coordinates":[-72.6667,-7.6333]},"properties":{"station":"SBCZ","name":"Cruzeiro do Sul","state":"BR","country":"BR","elevation":170}},{"type":"Feature","id":"SBD","geometry":{"type":"Point","coordinates":[-117.2349,34.0954]},"properties":{"station":"SBD","name":"San Bernardino","state":"CA","country":"US","elevation":353}},{"type":"Feature","id":"SBDN","geometry":{"type":"Point","coordinates":[-51.3833,-22.1167]},"properties":{"station":"SBDN","name":"President Prudente","state":"BR","country":"BR","elevation":435}},{"type":"Feature","id":"SBEG","geometry":{"type":"Point","coordinates":[-60.0497,-3.0386]},"properties":{"station":"SBEG","name":"Manaus","state":"BR","country":"BR","elevation":2}},{"type":"Feature","id":"SBES","geometry":{"type":"Point","coordinates":[-42.0926,-22.8129]},"properties":{"station":"SBES","name":"Sao Pedro Da Aldeia","state":"BR","country":"BR","elevation":11}},{"type":"Feature","id":"SBFI","geometry":{"type":"Point","coordinates":[-54.5833,-25.5167]},"properties":{"station":"SBFI","name":"Foz Do Iguacu","state":"BR","country":"BR","elevation":243}},{"type":"Feature","id":"SBFL","geometry":{"type":"Point","coordinates":[-48.5472,-27.6705]},"properties":{"station":"SBFL","name":"Florianopolis","state":"BR","country":"BR","elevation":5}},{"type":"Feature","id":"SBFN","geometry":{"type":"Point","coordinates":[-32.4233,-3.8549]},"properties":{"station":"SBFN","name":"Fernando Do Noronha","state":"BR","country":"BR","elevation":56}},{"type":"Feature","id":"SBFS","geometry":{"type":"Point","coordinates":[-41.07,-22.0294]},"properties":{"station":"SBFS","name":"CMP D GOITACAZES","state":"BR","country":"BR","elevation":3}},{"type":"Feature","id":"SBFZ","geometry":{"type":"Point","coordinates":[-38.5326,-3.7763]},"properties":{"station":"SBFZ","name":"Fortaleza","state":"BR","country":"BR","elevation":25}},{"type":"Feature","id":"SBGL","geometry":{"type":"Point","coordinates":[-43.2437,-22.8089]},"properties":{"station":"SBGL","name":"Rio De Janeiro","state":"BR","country":"BR","elevation":6}},{"type":"Feature","id":"SBGM","geometry":{"type":"Point","coordinates":[-65.2848,-10.7864]},"properties":{"station":"SBGM","name":"Guajara-mirim","state":"BR","country":"BR","elevation":146}},{"type":"Feature","id":"SBGO","geometry":{"type":"Point","coordinates":[-49.2207,-16.632]},"properties":{"station":"SBGO","name":"Goiania","state":"BR","country":"BR","elevation":747}},{"type":"Feature","id":"SBGR","geometry":{"type":"Point","coordinates":[-46.4695,-23.4321]},"properties":{"station":"SBGR","name":"Sao Paulo","state":"BR","country":"BR","elevation":750}},{"type":"Feature","id":"SBGW","geometry":{"type":"Point","coordinates":[-45.2048,-22.7916]},"properties":{"station":"SBGW","name":"Guaratingueta","state":"BR","country":"BR","elevation":533}},{"type":"Feature","id":"SBHT","geometry":{"type":"Point","coordinates":[-52.2,-3.2]},"properties":{"station":"SBHT","name":"Altamira","state":"BR","country":"BR","elevation":74}},{"type":"Feature","id":"SBIH","geometry":{"type":"Point","coordinates":[-56.0007,-4.2423]},"properties":{"station":"SBIH","name":"Itaituba","state":"BR","country":"BR","elevation":34}},{"type":"Feature","id":"SBIL","geometry":{"type":"Point","coordinates":[-39.0332,-14.816]},"properties":{"station":"SBIL","name":"Ilheus","state":"BR","country":"BR","elevation":5}},{"type":"Feature","id":"SBIP","geometry":{"type":"Point","coordinates":[-42.4876,-19.4707]},"properties":{"station":"SBIP","name":"Ipatinga","state":"BR","country":"BR","elevation":239}},{"type":"Feature","id":"SBIZ","geometry":{"type":"Point","coordinates":[-47.5,-5.5333]},"properties":{"station":"SBIZ","name":"Imperatriz","state":"BR","country":"BR","elevation":123}},{"type":"Feature","id":"SBJE","geometry":{"type":"Point","coordinates":[-40.3581,-2.9067]},"properties":{"station":"SBJE","name":"Jericoacoara","state":"BR","country":"BR","elevation":25.93841}},{"type":"Feature","id":"SBJP","geometry":{"type":"Point","coordinates":[-34.8667,-7.1]},"properties":{"station":"SBJP","name":"Joao Pessoa","state":"BR","country":"BR","elevation":7}},{"type":"Feature","id":"SBJR","geometry":{"type":"Point","coordinates":[-43.37,-22.9875]},"properties":{"station":"SBJR","name":"Rio de Janeiro","state":"BR","country":"BR","elevation":3}},{"type":"Feature","id":"SBJU","geometry":{"type":"Point","coordinates":[-39.2701,-7.219]},"properties":{"station":"SBJU","name":"Juazeiro Do Norte","state":"BR","country":"BR","elevation":409}},{"type":"Feature","id":"SBJV","geometry":{"type":"Point","coordinates":[-48.7974,-26.2245]},"properties":{"station":"SBJV","name":"Joinville","state":"BR","country":"BR","elevation":4}},{"type":"Feature","id":"SBKG","geometry":{"type":"Point","coordinates":[-35.8833,-7.2167]},"properties":{"station":"SBKG","name":"Campina Grande","state":"BR","country":"BR","elevation":560}},{"type":"Feature","id":"SBKP","geometry":{"type":"Point","coordinates":[-47.1345,-23.0074]},"properties":{"station":"SBKP","name":"Campinas","state":"BR","country":"BR","elevation":661}},{"type":"Feature","id":"SBLB","geometry":{"type":"Point","coordinates":[-39.9169,-22.1094]},"properties":{"station":"SBLB","name":"ALBACORA P25 OIL PLATFORM","state":"BR","country":"BR","elevation":10}},{"type":"Feature","id":"SBLE","geometry":{"type":"Point","coordinates":[-41.277,-12.4823]},"properties":{"station":"SBLE","name":"Lençóis","state":"BR","country":"BR","elevation":511}},{"type":"Feature","id":"SBLO","geometry":{"type":"Point","coordinates":[-51.1333,-23.3333]},"properties":{"station":"SBLO","name":"Londrina","state":"BR","country":"BR","elevation":570.2842}},{"type":"Feature","id":"SBLS","geometry":{"type":"Point","coordinates":[-43.8964,-19.6616]},"properties":{"station":"SBLS","name":"Lagoa Santa","state":"BR","country":"BR","elevation":852}},{"type":"Feature","id":"SBM","geometry":{"type":"Point","coordinates":[-87.8517,43.7698]},"properties":{"station":"SBM","name":"SHEBOYGAN","state":"WI","country":"US","elevation":232}},{"type":"Feature","id":"SBMA","geometry":{"type":"Point","coordinates":[-49.15,-5.35]},"properties":{"station":"SBMA","name":"Maraba","state":"BR","country":"BR","elevation":102}},{"type":"Feature","id":"SBME","geometry":{"type":"Point","coordinates":[-41.8122,-22.3764]},"properties":{"station":"SBME","name":"Macaé","state":"BR","country":"BR","elevation":2}},{"type":"Feature","id":"SBMG","geometry":{"type":"Point","coordinates":[-51.95,-23.4167]},"properties":{"station":"SBMG","name":"Maringa","state":"BR","country":"BR","elevation":542}},{"type":"Feature","id":"SBMK","geometry":{"type":"Point","coordinates":[-43.8667,-16.7167]},"properties":{"station":"SBMK","name":"Montes Claros","state":"BR","country":"BR","elevation":646}},{"type":"Feature","id":"SBML","geometry":{"type":"Point","coordinates":[-49.9264,-22.1969]},"properties":{"station":"SBML","name":"Marília","state":"BR","country":"BR","elevation":647}},{"type":"Feature","id":"SBMN","geometry":{"type":"Point","coordinates":[-59.9863,-3.146]},"properties":{"station":"SBMN","name":"Manaus","state":"BR","country":"BR","elevation":84}},{"type":"Feature","id":"SBMO","geometry":{"type":"Point","coordinates":[-35.7917,-9.5108]},"properties":{"station":"SBMO","name":"Maceio","state":"BR","country":"BR","elevation":115}},{"type":"Feature","id":"SBMQ","geometry":{"type":"Point","coordinates":[-51.05,0.0333]},"properties":{"station":"SBMQ","name":"Macapa","state":"BR","country":"BR","elevation":15}},{"type":"Feature","id":"SBMS","geometry":{"type":"Point","coordinates":[-37.3644,-5.2019]},"properties":{"station":"SBMS","name":"Mocord","state":"BR","country":"BR","elevation":18}},{"type":"Feature","id":"SBMT","geometry":{"type":"Point","coordinates":[-46.6377,-23.5091]},"properties":{"station":"SBMT","name":"Sao Paulo","state":"BR","country":"BR","elevation":722}},{"type":"Feature","id":"SBN","geometry":{"type":"Point","coordinates":[-86.3164,41.7072]},"properties":{"station":"SBN","name":"SOUTH BEND","state":"IN","country":"US","elevation":237}},{"type":"Feature","id":"SBNF","geometry":{"type":"Point","coordinates":[-48.6514,-26.88]},"properties":{"station":"SBNF","name":"Navegantes","state":"BR","country":"BR","elevation":5}},{"type":"Feature","id":"SBNM","geometry":{"type":"Point","coordinates":[-54.1691,-28.2817]},"properties":{"station":"SBNM","name":"Santo Angelo","state":"BR","country":"BR","elevation":322}},{"type":"Feature","id":"SBNT","geometry":{"type":"Point","coordinates":[-35.2477,-5.9114]},"properties":{"station":"SBNT","name":"Natal","state":"BR","country":"BR","elevation":49}},{"type":"Feature","id":"SBO","geometry":{"type":"Point","coordinates":[-82.3699,32.6091]},"properties":{"station":"SBO","name":"Swainsboro","state":"GA","country":"US","elevation":327}},{"type":"Feature","id":"SBOI","geometry":{"type":"Point","coordinates":[-51.8333,3.8333]},"properties":{"station":"SBOI","name":"Oioiapoque","state":"BR","country":"BR","elevation":39}},{"type":"Feature","id":"SBP","geometry":{"type":"Point","coordinates":[-120.6441,35.2381]},"properties":{"station":"SBP","name":"San Luis Obispo","state":"CA","country":"US","elevation":55.602818}},{"type":"Feature","id":"SBPA","geometry":{"type":"Point","coordinates":[-51.1714,-29.9944]},"properties":{"station":"SBPA","name":"Porto Alegre","state":"BR","country":"BR","elevation":3}},{"type":"Feature","id":"SBPB","geometry":{"type":"Point","coordinates":[-41.75,-2.9167]},"properties":{"station":"SBPB","name":"Parnaiba","state":"BR","country":"BR","elevation":5}},{"type":"Feature","id":"SBPF","geometry":{"type":"Point","coordinates":[-52.4,-28.25]},"properties":{"station":"SBPF","name":"Passo Fundo","state":"BR","country":"BR","elevation":684}},{"type":"Feature","id":"SBPG","geometry":{"type":"Point","coordinates":[-48.5167,-25.5167]},"properties":{"station":"SBPG","name":"PARANAGUA","state":"BR","country":"BR","elevation":4}},{"type":"Feature","id":"SBPJ","geometry":{"type":"Point","coordinates":[-48.357,-10.2915]},"properties":{"station":"SBPJ","name":"Palmas","state":"BR","country":"BR","elevation":236}},{"type":"Feature","id":"SBPK","geometry":{"type":"Point","coordinates":[-52.4167,-31.7833]},"properties":{"station":"SBPK","name":"Pelotas","state":"BR","country":"BR","elevation":13}},{"type":"Feature","id":"SBPL","geometry":{"type":"Point","coordinates":[-40.55,-9.35]},"properties":{"station":"SBPL","name":"Petrolina","state":"BR","country":"BR","elevation":375}},{"type":"Feature","id":"SBPP","geometry":{"type":"Point","coordinates":[-55.7,-22.55]},"properties":{"station":"SBPP","name":"Ponta Pora","state":"BR","country":"BR","elevation":660}},{"type":"Feature","id":"SBPS","geometry":{"type":"Point","coordinates":[-39.0809,-16.4386]},"properties":{"station":"SBPS","name":"Porto Seguro","state":"BR","country":"BR","elevation":51}},{"type":"Feature","id":"SBPV","geometry":{"type":"Point","coordinates":[-63.9167,-8.7667]},"properties":{"station":"SBPV","name":"Porto Velho","state":"BR","country":"BR","elevation":88}},{"type":"Feature","id":"SBRB","geometry":{"type":"Point","coordinates":[-67.8,-10]},"properties":{"station":"SBRB","name":"Rio Branco","state":"BR","country":"BR","elevation":143}},{"type":"Feature","id":"SBRF","geometry":{"type":"Point","coordinates":[-34.9233,-8.126]},"properties":{"station":"SBRF","name":"Recife","state":"BR","country":"BR","elevation":14}},{"type":"Feature","id":"SBRJ","geometry":{"type":"Point","coordinates":[-43.1631,-22.9105]},"properties":{"station":"SBRJ","name":"Rio De Janeiro","state":"BR","country":"BR","elevation":3}},{"type":"Feature","id":"SBRP","geometry":{"type":"Point","coordinates":[-47.7742,-21.1342]},"properties":{"station":"SBRP","name":"Ribeirao Preto","state":"BR","country":"BR","elevation":549}},{"type":"Feature","id":"SBS","geometry":{"type":"Point","coordinates":[-106.8663,40.5162]},"properties":{"station":"SBS","name":"STEAMBOAT SPRINGS","state":"CO","country":"US","elevation":2096}},{"type":"Feature","id":"SBSC","geometry":{"type":"Point","coordinates":[-43.7191,-22.9323]},"properties":{"station":"SBSC","name":"Rio De Janeiro","state":"BR","country":"BR","elevation":3}},{"type":"Feature","id":"SBSG","geometry":{"type":"Point","coordinates":[-35.3664,-5.7689]},"properties":{"station":"SBSG","name":"Natal","state":"BR","country":"BR","elevation":85.31218}},{"type":"Feature","id":"SBSJ","geometry":{"type":"Point","coordinates":[-45.8615,-23.2292]},"properties":{"station":"SBSJ","name":"Sao Jose Dos Campos","state":"BR","country":"BR","elevation":646}},{"type":"Feature","id":"SBSL","geometry":{"type":"Point","coordinates":[-44.2341,-2.5854]},"properties":{"station":"SBSL","name":"Sao Luis","state":"BR","country":"BR","elevation":53}},{"type":"Feature","id":"SBSM","geometry":{"type":"Point","coordinates":[-53.6882,-29.7114]},"properties":{"station":"SBSM","name":"Santa Maria","state":"BR","country":"BR","elevation":85}},{"type":"Feature","id":"SBSN","geometry":{"type":"Point","coordinates":[-54.7167,-2.4333]},"properties":{"station":"SBSN","name":"Santarem","state":"BR","country":"BR","elevation":72}},{"type":"Feature","id":"SBSP","geometry":{"type":"Point","coordinates":[-46.6554,-23.6267]},"properties":{"station":"SBSP","name":"Sao Paulo","state":"BR","country":"BR","elevation":803}},{"type":"Feature","id":"SBSR","geometry":{"type":"Point","coordinates":[-49.4065,-20.8166]},"properties":{"station":"SBSR","name":"Sao Jose Do Rio Preto","state":"BR","country":"BR","elevation":543}},{"type":"Feature","id":"SBST","geometry":{"type":"Point","coordinates":[-46.2875,-23.9252]},"properties":{"station":"SBST","name":"Santos","state":"BR","country":"BR","elevation":3}},{"type":"Feature","id":"SBSV","geometry":{"type":"Point","coordinates":[-38.331,-12.911]},"properties":{"station":"SBSV","name":"Salvador","state":"BR","country":"BR","elevation":6}},{"type":"Feature","id":"SBTA","geometry":{"type":"Point","coordinates":[-45.5667,-23.0167]},"properties":{"station":"SBTA","name":"Taubaté","state":"BR","country":"BR","elevation":586}},{"type":"Feature","id":"SBTC","geometry":{"type":"Point","coordinates":[-38.98,-15.35]},"properties":{"station":"SBTC","name":"Una","state":"BR","country":"BR","elevation":6}},{"type":"Feature","id":"SBTD","geometry":{"type":"Point","coordinates":[-53.6964,-24.6853]},"properties":{"station":"SBTD","name":"Toledo","state":"BR","country":"BR","elevation":557}},{"type":"Feature","id":"SBTE","geometry":{"type":"Point","coordinates":[-42.8235,-5.0599]},"properties":{"station":"SBTE","name":"Teresina","state":"BR","country":"BR","elevation":69}},{"type":"Feature","id":"SBTF","geometry":{"type":"Point","coordinates":[-64.7,-3.3667]},"properties":{"station":"SBTF","name":"Tefe","state":"BR","country":"BR","elevation":47}},{"type":"Feature","id":"SBTT","geometry":{"type":"Point","coordinates":[-69.6667,-3.6667]},"properties":{"station":"SBTT","name":"Tabatinga","state":"BR","country":"BR","elevation":85}},{"type":"Feature","id":"SBTU","geometry":{"type":"Point","coordinates":[-49.7167,-3.7167]},"properties":{"station":"SBTU","name":"Tucurui","state":"BR","country":"BR","elevation":40}},{"type":"Feature","id":"SBUA","geometry":{"type":"Point","coordinates":[-67.0833,-0.1333]},"properties":{"station":"SBUA","name":"Sao Gabriel","state":"BR","country":"BR","elevation":79}},{"type":"Feature","id":"SBUF","geometry":{"type":"Point","coordinates":[-38.2167,-9.4]},"properties":{"station":"SBUF","name":"Paulo Alfonso","state":"BR","country":"BR","elevation":252}},{"type":"Feature","id":"SBUL","geometry":{"type":"Point","coordinates":[-48.2256,-18.8828]},"properties":{"station":"SBUL","name":"Uberlandia","state":"BR","country":"BR","elevation":922}},{"type":"Feature","id":"SBUR","geometry":{"type":"Point","coordinates":[-47.9667,-19.7833]},"properties":{"station":"SBUR","name":"Uberaba","state":"BR","country":"BR","elevation":807}},{"type":"Feature","id":"SBUY","geometry":{"type":"Point","coordinates":[-65.3563,-4.8833]},"properties":{"station":"SBUY","name":"Coari","state":"BR","country":"BR","elevation":80.77997}},{"type":"Feature","id":"SBVH","geometry":{"type":"Point","coordinates":[-60.0983,-12.6944]},"properties":{"station":"SBVH","name":"Vilhena","state":"BR","country":"BR","elevation":652}},{"type":"Feature","id":"SBVT","geometry":{"type":"Point","coordinates":[-40.2864,-20.2581]},"properties":{"station":"SBVT","name":"Vitoria","state":"BR","country":"BR","elevation":4}},{"type":"Feature","id":"SBX","geometry":{"type":"Point","coordinates":[-111.8712,48.5407]},"properties":{"station":"SBX","name":"Shelby","state":"MT","country":"US","elevation":1045}},{"type":"Feature","id":"SBY","geometry":{"type":"Point","coordinates":[-75.5103,38.3405]},"properties":{"station":"SBY","name":"SALISBURY REGIONAL","state":"MD","country":"US","elevation":16}},{"type":"Feature","id":"SBYS","geometry":{"type":"Point","coordinates":[-47.3348,-21.9846]},"properties":{"station":"SBYS","name":"Piracununga","state":"BR","country":"BR","elevation":598}},{"type":"Feature","id":"SCD","geometry":{"type":"Point","coordinates":[-86.3055,33.1718]},"properties":{"station":"SCD","name":"Sylacauga","state":"AL","country":"US","elevation":170.50438}},{"type":"Feature","id":"SCH","geometry":{"type":"Point","coordinates":[-73.93,42.85]},"properties":{"station":"SCH","name":"SCHENECTADY AIRPORT","state":"NY","country":"US","elevation":115}},{"type":"Feature","id":"SCK","geometry":{"type":"Point","coordinates":[-121.2383,37.8942]},"properties":{"station":"SCK","name":"STOCKTON METRO","state":"CA","country":"US","elevation":8}},{"type":"Feature","id":"SCR","geometry":{"type":"Point","coordinates":[-79.5043,35.7043]},"properties":{"station":"SCR","name":"Siler City","state":"NC","country":"US","elevation":180.53482}},{"type":"Feature","id":"SCX","geometry":{"type":"Point","coordinates":[-84.5858,36.4557]},"properties":{"station":"SCX","name":"Oneida Scott","state":"TN","country":"US","elevation":462.0712}},{"type":"Feature","id":"SDA","geometry":{"type":"Point","coordinates":[-95.4112,40.7533]},"properties":{"station":"SDA","name":"SHENANDOAH MUNI","state":"IA","country":"US","elevation":296}},{"type":"Feature","id":"SDB","geometry":{"type":"Point","coordinates":[-118.7253,34.7434]},"properties":{"station":"SDB","name":"SANDBURG (AUT)","state":"CA","country":"US","elevation":1379}},{"type":"Feature","id":"SDC","geometry":{"type":"Point","coordinates":[-77.1195,43.2346]},"properties":{"station":"SDC","name":"Williamson","state":"NY","country":"US","elevation":127.86328}},{"type":"Feature","id":"SDF","geometry":{"type":"Point","coordinates":[-85.7308,38.1774]},"properties":{"station":"SDF","name":"Louisville Intl","state":"KY","country":"US","elevation":146}},{"type":"Feature","id":"SDL","geometry":{"type":"Point","coordinates":[-111.9105,33.6229]},"properties":{"station":"SDL","name":"SCOTTSDALE MUNI","state":"AZ","country":"US","elevation":460}},{"type":"Feature","id":"SDM","geometry":{"type":"Point","coordinates":[-116.98,32.57]},"properties":{"station":"SDM","name":"SAN DIEGO/BROWN FLD","state":"CA","country":"US","elevation":160}},{"type":"Feature","id":"SDY","geometry":{"type":"Point","coordinates":[-104.1926,47.7069]},"properties":{"station":"SDY","name":"SIDNEY-RICHLAND","state":"MT","country":"US","elevation":605}},{"type":"Feature","id":"SEA","geometry":{"type":"Point","coordinates":[-122.3144,47.4447]},"properties":{"station":"SEA","name":"SEATTLE-TACOMA INTL","state":"WA","country":"US","elevation":137}},{"type":"Feature","id":"SEE","geometry":{"type":"Point","coordinates":[-116.9724,32.8262]},"properties":{"station":"SEE","name":"SAN DIEGO/GILLESPIE","state":"CA","country":"US","elevation":117}},{"type":"Feature","id":"SEF","geometry":{"type":"Point","coordinates":[-81.3416,27.4547]},"properties":{"station":"SEF","name":"Sebring","state":"FL","country":"US","elevation":17.05809}},{"type":"Feature","id":"SEG","geometry":{"type":"Point","coordinates":[-76.8639,40.8206]},"properties":{"station":"SEG","name":"SELINSGROVE","state":"PA","country":"US","elevation":137}},{"type":"Feature","id":"SEM","geometry":{"type":"Point","coordinates":[-86.9878,32.3439]},"properties":{"station":"SEM","name":"Selma","state":"AL","country":"US","elevation":44.254955}},{"type":"Feature","id":"SEP","geometry":{"type":"Point","coordinates":[-98.1777,32.2153]},"properties":{"station":"SEP","name":"STEPHENVILLE/CLARK","state":"TX","country":"US","elevation":402}},{"type":"Feature","id":"SEQ","geometry":{"type":"Point","coordinates":[-97.9083,29.5658]},"properties":{"station":"SEQ","name":"Seguin Randolph AFB","state":"TX","country":"US","elevation":161.40836}},{"type":"Feature","id":"SET","geometry":{"type":"Point","coordinates":[-90.43,38.93]},"properties":{"station":"SET","name":"ST. CHARLES","state":"MO","country":"US","elevation":134}},{"type":"Feature","id":"SEZ","geometry":{"type":"Point","coordinates":[-111.7884,34.8486]},"properties":{"station":"SEZ","name":"Sedona","state":"AZ","country":"US","elevation":1472}},{"type":"Feature","id":"SFB","geometry":{"type":"Point","coordinates":[-81.2436,28.7797]},"properties":{"station":"SFB","name":"SANFORD/ORLANDO","state":"FL","country":"US","elevation":17}},{"type":"Feature","id":"SFF","geometry":{"type":"Point","coordinates":[-117.3226,47.6828]},"properties":{"station":"SFF","name":"SPOKANE/FELTS FIELD","state":"WA","country":"US","elevation":595}},{"type":"Feature","id":"SFM","geometry":{"type":"Point","coordinates":[-70.708,43.3939]},"properties":{"station":"SFM","name":"SANFORD MUNI (AWOS)","state":"ME","country":"US","elevation":74}},{"type":"Feature","id":"SFO","geometry":{"type":"Point","coordinates":[-122.3749,37.619]},"properties":{"station":"SFO","name":"SAN FRANCISCO INTL","state":"CA","country":"US","elevation":5}},{"type":"Feature","id":"SFQ","geometry":{"type":"Point","coordinates":[-76.6019,36.6823]},"properties":{"station":"SFQ","name":"SUFFOLK","state":"VA","country":"US","elevation":22}},{"type":"Feature","id":"SFY","geometry":{"type":"Point","coordinates":[-90.1079,42.0458]},"properties":{"station":"SFY","name":"Savanna","state":"IL","country":"US","elevation":188}},{"type":"Feature","id":"SFZ","geometry":{"type":"Point","coordinates":[-71.4914,41.9208]},"properties":{"station":"SFZ","name":"PAWTUCKET (AWOS)","state":"RI","country":"US","elevation":134}},{"type":"Feature","id":"SGF","geometry":{"type":"Point","coordinates":[-93.3897,37.2397]},"properties":{"station":"SGF","name":"SPRINGFIELD","state":"MO","country":"US","elevation":390}},{"type":"Feature","id":"SGH","geometry":{"type":"Point","coordinates":[-83.8402,39.8403]},"properties":{"station":"SGH","name":"Springfield","state":"OH","country":"US","elevation":320.3}},{"type":"Feature","id":"SGJ","geometry":{"type":"Point","coordinates":[-81.3397,29.9593]},"properties":{"station":"SGJ","name":"ST AUGUSTINE AIRPT","state":"FL","country":"US","elevation":3}},{"type":"Feature","id":"SGR","geometry":{"type":"Point","coordinates":[-95.6565,29.6223]},"properties":{"station":"SGR","name":"HOUSTON/HULL FIELD","state":"TX","country":"US","elevation":2}},{"type":"Feature","id":"SGS","geometry":{"type":"Point","coordinates":[-93.0329,44.8571]},"properties":{"station":"SGS","name":"SOUTH ST PAUL","state":"MN","country":"US","elevation":250}},{"type":"Feature","id":"SGT","geometry":{"type":"Point","coordinates":[-91.575,34.5995]},"properties":{"station":"SGT","name":"STUTTGART (AWOS)","state":"AR","country":"US","elevation":68}},{"type":"Feature","id":"SGU","geometry":{"type":"Point","coordinates":[-113.5103,37.0364]},"properties":{"station":"SGU","name":"St George","state":"UT","country":"US","elevation":874.7322}},{"type":"Feature","id":"SHD","geometry":{"type":"Point","coordinates":[-78.8964,38.2638]},"properties":{"station":"SHD","name":"STAUNTON/SHENANDOAH","state":"VA","country":"US","elevation":366}},{"type":"Feature","id":"SHL","geometry":{"type":"Point","coordinates":[-95.8353,43.2082]},"properties":{"station":"SHL","name":"SHELDON","state":"IA","country":"US","elevation":432.2}},{"type":"Feature","id":"SHM","geometry":{"type":"Point","coordinates":[-104.5167,38.8]},"properties":{"station":"SHM","name":"Schriever AFB","state":"CO","country":"US","elevation":1896.5726}},{"type":"Feature","id":"SHN","geometry":{"type":"Point","coordinates":[-123.1476,47.2336]},"properties":{"station":"SHN","name":"SHELTON/SANDERSON","state":"WA","country":"US","elevation":85}},{"type":"Feature","id":"SHP","geometry":{"type":"Point","coordinates":[-98.4833,33.9667]},"properties":{"station":"SHP","name":"Sheppard AFB","state":"TX","country":"US","elevation":305.97263}},{"type":"Feature","id":"SHR","geometry":{"type":"Point","coordinates":[-106.97,44.77]},"properties":{"station":"SHR","name":"SHERIDAN CO. ARPT","state":"WY","country":"US","elevation":1209}},{"type":"Feature","id":"SHV","geometry":{"type":"Point","coordinates":[-93.8244,32.4472]},"properties":{"station":"SHV","name":"SHREVEPORT REGIONAL","state":"LA","country":"US","elevation":79}},{"type":"Feature","id":"SIF","geometry":{"type":"Point","coordinates":[-79.851,36.4372]},"properties":{"station":"SIF","name":"Reidsville","state":"NC","country":"US","elevation":211}},{"type":"Feature","id":"SIK","geometry":{"type":"Point","coordinates":[-89.5577,36.9027]},"properties":{"station":"SIK","name":"Sikeston","state":"MO","country":"US","elevation":92.40192}},{"type":"Feature","id":"SIY","geometry":{"type":"Point","coordinates":[-122.4682,41.7737]},"properties":{"station":"SIY","name":"Montague/Siskiyou","state":"CA","country":"US","elevation":804.94635}},{"type":"Feature","id":"SJC","geometry":{"type":"Point","coordinates":[-121.9244,37.3594]},"properties":{"station":"SJC","name":"SAN JOSE INTL A","state":"CA","country":"US","elevation":17}},{"type":"Feature","id":"SJN","geometry":{"type":"Point","coordinates":[-109.38,34.52]},"properties":{"station":"SJN","name":"ST. JOHNS AIR PARK","state":"AZ","country":"US","elevation":1747}},{"type":"Feature","id":"SJS","geometry":{"type":"Point","coordinates":[-82.6367,37.751]},"properties":{"station":"SJS","name":"Big Sandy","state":"KY","country":"US","elevation":363.94977}},{"type":"Feature","id":"SJT","geometry":{"type":"Point","coordinates":[-100.495,31.3517]},"properties":{"station":"SJT","name":"SAN ANGELO/MATHIS","state":"TX","country":"US","elevation":582}},{"type":"Feature","id":"SJX","geometry":{"type":"Point","coordinates":[-85.5666,45.6923]},"properties":{"station":"SJX","name":"BEAVER ISLAND","state":"MI","country":"US","elevation":204}},{"type":"Feature","id":"SKA","geometry":{"type":"Point","coordinates":[-117.6558,47.6151]},"properties":{"station":"SKA","name":"FAIRCHILD AFB","state":"WA","country":"US","elevation":750}},{"type":"Feature","id":"SKF","geometry":{"type":"Point","coordinates":[-98.5811,29.3842]},"properties":{"station":"SKF","name":"KELLY AFB","state":"TX","country":"US","elevation":210}},{"type":"Feature","id":"SLB","geometry":{"type":"Point","coordinates":[-95.2399,42.5972]},"properties":{"station":"SLB","name":"Storm Lake","state":"IA","country":"US","elevation":449.9}},{"type":"Feature","id":"SLC","geometry":{"type":"Point","coordinates":[-111.97,40.78]},"properties":{"station":"SLC","name":"SALT LAKE CITY INTL","state":"UT","country":"US","elevation":1288}},{"type":"Feature","id":"SLE","geometry":{"type":"Point","coordinates":[-123.0025,44.9095]},"properties":{"station":"SLE","name":"SALEM/MCNARY","state":"OR","country":"US","elevation":61}},{"type":"Feature","id":"SLG","geometry":{"type":"Point","coordinates":[-94.49,36.1919]},"properties":{"station":"SLG","name":"SILOAM SPRING(AWOS)","state":"AR","country":"US","elevation":300}},{"type":"Feature","id":"SLH","geometry":{"type":"Point","coordinates":[-84.5193,45.6537]},"properties":{"station":"SLH","name":"CHEBOYGAN","state":"MI","country":"US","elevation":195}},{"type":"Feature","id":"SLI","geometry":{"type":"Point","coordinates":[-118.052,33.79]},"properties":{"station":"SLI","name":"LOS ALAMITOS AAF","state":"CA","country":"US","elevation":11}},{"type":"Feature","id":"SLK","geometry":{"type":"Point","coordinates":[-74.2062,44.3853]},"properties":{"station":"SLK","name":"SARANAC LAKE/ADIRON","state":"NY","country":"US","elevation":507}},{"type":"Feature","id":"SLN","geometry":{"type":"Point","coordinates":[-97.6522,38.791]},"properties":{"station":"SLN","name":"SALINA","state":"KS","country":"US","elevation":388}},{"type":"Feature","id":"SLO","geometry":{"type":"Point","coordinates":[-88.9642,38.6429]},"properties":{"station":"SLO","name":"SALEM/LECKRONE","state":"IL","country":"US","elevation":175}},{"type":"Feature","id":"SLR","geometry":{"type":"Point","coordinates":[-95.62,33.16]},"properties":{"station":"SLR","name":"SULPHUR_SPRINGS","state":"TX","country":"US","elevation":149}},{"type":"Feature","id":"SMD","geometry":{"type":"Point","coordinates":[-85.1492,41.144]},"properties":{"station":"SMD","name":"Fort Wayne - Smith","state":"IN","country":"US","elevation":251}},{"type":"Feature","id":"SME","geometry":{"type":"Point","coordinates":[-84.6156,37.0536]},"properties":{"station":"SME","name":"SOMERSET(AWOS)","state":"KY","country":"US","elevation":283}},{"type":"Feature","id":"SMF","geometry":{"type":"Point","coordinates":[-121.5908,38.6954]},"properties":{"station":"SMF","name":"SACRAMENTO METRO","state":"CA","country":"US","elevation":7}},{"type":"Feature","id":"SMN","geometry":{"type":"Point","coordinates":[-113.8813,45.1238]},"properties":{"station":"SMN","name":"SALMON/LEMHI (AWOS)","state":"ID","country":"US","elevation":1233}},{"type":"Feature","id":"SMO","geometry":{"type":"Point","coordinates":[-118.4471,34.021]},"properties":{"station":"SMO","name":"SANTA MONICA MUNI","state":"CA","country":"US","elevation":53}},{"type":"Feature","id":"SMP","geometry":{"type":"Point","coordinates":[-121.3372,47.2767]},"properties":{"station":"SMP","name":"Stampede Pass","state":"WA","country":"US","elevation":1209}},{"type":"Feature","id":"SMQ","geometry":{"type":"Point","coordinates":[-74.6694,40.6239]},"properties":{"station":"SMQ","name":"Somerville","state":"NJ","country":"US","elevation":32}},{"type":"Feature","id":"SMS","geometry":{"type":"Point","coordinates":[-80.3613,33.995]},"properties":{"station":"SMS","name":"Sumter","state":"SC","country":"US","elevation":55.5}},{"type":"Feature","id":"SMX","geometry":{"type":"Point","coordinates":[-120.45,34.9]},"properties":{"station":"SMX","name":"SANTA MARIA PUBLIC","state":"CA","country":"US","elevation":73}},{"type":"Feature","id":"SNA","geometry":{"type":"Point","coordinates":[-117.8682,33.6757]},"properties":{"station":"SNA","name":"SANTA ANA/JON-WAYNE","state":"CA","country":"US","elevation":16}},{"type":"Feature","id":"SNC","geometry":{"type":"Point","coordinates":[-72.5059,41.3839]},"properties":{"station":"SNC","name":"Chester","state":"CT","country":"US","elevation":126.8}},{"type":"Feature","id":"SNH","geometry":{"type":"Point","coordinates":[-88.2167,35.1703]},"properties":{"station":"SNH","name":"Savannah","state":"TN","country":"US","elevation":141.1841}},{"type":"Feature","id":"SNK","geometry":{"type":"Point","coordinates":[-100.9505,32.6934]},"properties":{"station":"SNK","name":"SNYDER","state":"TX","country":"US","elevation":741}},{"type":"Feature","id":"SNL","geometry":{"type":"Point","coordinates":[-96.9428,35.3573]},"properties":{"station":"SNL","name":"SHAWNEE MUNI AIRPORT","state":"OK","country":"US","elevation":327}},{"type":"Feature","id":"SNS","geometry":{"type":"Point","coordinates":[-121.6093,36.6635]},"properties":{"station":"SNS","name":"Salinas","state":"CA","country":"US","elevation":16.144438}},{"type":"Feature","id":"SNT","geometry":{"type":"Point","coordinates":[-114.9269,44.1708]},"properties":{"station":"SNT","name":"Stanley Ranger Station","state":"ID","country":"US","elevation":1979.9354}},{"type":"Feature","id":"SNY","geometry":{"type":"Point","coordinates":[-102.9847,41.1014]},"properties":{"station":"SNY","name":"SIDNEY","state":"NE","country":"US","elevation":1303.8397}},{"type":"Feature","id":"SOA","geometry":{"type":"Point","coordinates":[-100.6486,30.5857]},"properties":{"station":"SOA","name":"SONORA MUNI","state":"TX","country":"US","elevation":652}},{"type":"Feature","id":"SOP","geometry":{"type":"Point","coordinates":[-79.3911,35.2372]},"properties":{"station":"SOP","name":"SOUTHERN_PINES_AWOS","state":"NC","country":"US","elevation":141}},{"type":"Feature","id":"SOW","geometry":{"type":"Point","coordinates":[-110.0057,34.2655]},"properties":{"station":"SOW","name":"SHOW LOW MUNICIPAL","state":"AZ","country":"US","elevation":1954}},{"type":"Feature","id":"SPA","geometry":{"type":"Point","coordinates":[-81.9565,34.9157]},"properties":{"station":"SPA","name":"Spartanburg","state":"SC","country":"US","elevation":244.1}},{"type":"Feature","id":"SPB","geometry":{"type":"Point","coordinates":[-122.86,45.77]},"properties":{"station":"SPB","name":"SCAPPOOSE INDUSTRIAL APK (1S4)","state":"OR","country":"US","elevation":17}},{"type":"Feature","id":"SPD","geometry":{"type":"Point","coordinates":[-102.6139,37.2833]},"properties":{"station":"SPD","name":"SPRINGFIELD/COMANCHE NATL GRASS","state":"CO","country":"US","elevation":1335}},{"type":"Feature","id":"SPF","geometry":{"type":"Point","coordinates":[-103.783,44.4803]},"properties":{"station":"SPF","name":"Spearfish","state":"SD","country":"US","elevation":1186.1672}},{"type":"Feature","id":"SPG","geometry":{"type":"Point","coordinates":[-82.627,27.7651]},"properties":{"station":"SPG","name":"St Petersburg","state":"FL","country":"US","elevation":1}},{"type":"Feature","id":"SPI","geometry":{"type":"Point","coordinates":[-89.6839,39.8447]},"properties":{"station":"SPI","name":"SPRINGFIELD","state":"IL","country":"US","elevation":181}},{"type":"Feature","id":"SPK","geometry":{"type":"Point","coordinates":[-111.6677,40.145]},"properties":{"station":"SPK","name":"Spanish Fork","state":"UT","country":"US","elevation":1380.7367}},{"type":"Feature","id":"SPR","geometry":{"type":"Point","coordinates":[-91.206,28.599]},"properties":{"station":"SPR","name":"Ship Shoal (GoM)","state":"LA","country":"US","elevation":0}},{"type":"Feature","id":"SPS","geometry":{"type":"Point","coordinates":[-98.4928,33.9786]},"properties":{"station":"SPS","name":"WICHITA FALLS/SHEP","state":"TX","country":"US","elevation":314}},{"type":"Feature","id":"SPW","geometry":{"type":"Point","coordinates":[-95.2101,43.1682]},"properties":{"station":"SPW","name":"SPENCER","state":"IA","country":"US","elevation":403}},{"type":"Feature","id":"SQI","geometry":{"type":"Point","coordinates":[-89.6763,41.7428]},"properties":{"station":"SQI","name":"STERLING ROCKFAL","state":"IL","country":"US","elevation":197}},{"type":"Feature","id":"SQL","geometry":{"type":"Point","coordinates":[-122.2483,37.5119]},"properties":{"station":"SQL","name":"SAN CARLOS AIRPORT","state":"CA","country":"US","elevation":1}},{"type":"Feature","id":"SRB","geometry":{"type":"Point","coordinates":[-85.5307,36.0559]},"properties":{"station":"SRB","name":"Sparta","state":"TN","country":"US","elevation":307.91287}},{"type":"Feature","id":"SRC","geometry":{"type":"Point","coordinates":[-91.74,35.21]},"properties":{"station":"SRC","name":"SEARCY MUNI AIRPORT (M07)","state":"AR","country":"US","elevation":80}},{"type":"Feature","id":"SRE","geometry":{"type":"Point","coordinates":[-96.6752,35.2747]},"properties":{"station":"SRE","name":"Seminole","state":"OK","country":"US","elevation":312}},{"type":"Feature","id":"SRQ","geometry":{"type":"Point","coordinates":[-82.5586,27.4014]},"properties":{"station":"SRQ","name":"SARASOTA-BRADENTON","state":"FL","country":"US","elevation":9}},{"type":"Feature","id":"SRR","geometry":{"type":"Point","coordinates":[-105.5348,33.4629]},"properties":{"station":"SRR","name":"RUIDOSO REGIONAL","state":"NM","country":"US","elevation":2076}},{"type":"Feature","id":"SSC","geometry":{"type":"Point","coordinates":[-80.47,33.97]},"properties":{"station":"SSC","name":"SHAW AFB/SUMTER","state":"SC","country":"US","elevation":74}},{"type":"Feature","id":"SSF","geometry":{"type":"Point","coordinates":[-98.4711,29.337]},"properties":{"station":"SSF","name":"SAN ANTONIO/STINSON","state":"TX","country":"US","elevation":176}},{"type":"Feature","id":"SSI","geometry":{"type":"Point","coordinates":[-81.3908,31.1522]},"properties":{"station":"SSI","name":"BRUNSWICK/MALCOLM","state":"GA","country":"US","elevation":6}},{"type":"Feature","id":"STC","geometry":{"type":"Point","coordinates":[-94.0513,45.5433]},"properties":{"station":"STC","name":"ST. CLOUD","state":"MN","country":"US","elevation":314}},{"type":"Feature","id":"STE","geometry":{"type":"Point","coordinates":[-89.5303,44.5451]},"properties":{"station":"STE","name":"STEVENS POINT","state":"WI","country":"US","elevation":338}},{"type":"Feature","id":"STF","geometry":{"type":"Point","coordinates":[-88.8486,33.4331]},"properties":{"station":"STF","name":"Starkville","state":"MS","country":"US","elevation":97.25019}},{"type":"Feature","id":"STJ","geometry":{"type":"Point","coordinates":[-94.9097,39.7719]},"properties":{"station":"STJ","name":"ST. JOSEPH","state":"MO","country":"US","elevation":247}},{"type":"Feature","id":"STK","geometry":{"type":"Point","coordinates":[-103.2648,40.6153]},"properties":{"station":"STK","name":"Sterling","state":"CO","country":"US","elevation":1230}},{"type":"Feature","id":"STL","geometry":{"type":"Point","coordinates":[-90.3734,38.7525]},"properties":{"station":"STL","name":"ST. LOUIS","state":"MO","country":"US","elevation":171}},{"type":"Feature","id":"STP","geometry":{"type":"Point","coordinates":[-93.06,44.9345]},"properties":{"station":"STP","name":"ST. PAUL","state":"MN","country":"US","elevation":219}},{"type":"Feature","id":"STS","geometry":{"type":"Point","coordinates":[-122.811,38.5037]},"properties":{"station":"STS","name":"Santa Rosa","state":"CA","country":"US","elevation":31.346924}},{"type":"Feature","id":"SUA","geometry":{"type":"Point","coordinates":[-80.22,27.18]},"properties":{"station":"SUA","name":"WITHAM FIELD AIRPORT/STUART","state":"FL","country":"US","elevation":6}},{"type":"Feature","id":"SUE","geometry":{"type":"Point","coordinates":[-87.4216,44.8437]},"properties":{"station":"SUE","name":"STURGEON BAY","state":"WI","country":"US","elevation":221}},{"type":"Feature","id":"SUN","geometry":{"type":"Point","coordinates":[-114.2956,43.5038]},"properties":{"station":"SUN","name":"Hailey - Friedman Memorial","state":"ID","country":"US","elevation":1606}},{"type":"Feature","id":"SUO","geometry":{"type":"Point","coordinates":[-100.8595,43.2585]},"properties":{"station":"SUO","name":"Rosebud","state":"SD","country":"US","elevation":823}},{"type":"Feature","id":"SUS","geometry":{"type":"Point","coordinates":[-90.6558,38.6572]},"properties":{"station":"SUS","name":"ST. LOUIS/SPIRIT","state":"MO","country":"US","elevation":141}},{"type":"Feature","id":"SUT","geometry":{"type":"Point","coordinates":[-78.0747,33.9292]},"properties":{"station":"SUT","name":"SOUTHPORT/BRUNSWICK","state":"NC","country":"US","elevation":8}},{"type":"Feature","id":"SUU","geometry":{"type":"Point","coordinates":[-121.9275,38.2627]},"properties":{"station":"SUU","name":"TRAVIS AFB/FAIRFLD","state":"CA","country":"US","elevation":19}},{"type":"Feature","id":"SUW","geometry":{"type":"Point","coordinates":[-92.0947,46.6897]},"properties":{"station":"SUW","name":"SUPERIOR","state":"WI","country":"US","elevation":206}},{"type":"Feature","id":"SUX","geometry":{"type":"Point","coordinates":[-96.3795,42.3917]},"properties":{"station":"SUX","name":"SIOUX CITY","state":"IA","country":"US","elevation":336}},{"type":"Feature","id":"SUZ","geometry":{"type":"Point","coordinates":[-92.4794,34.5904]},"properties":{"station":"SUZ","name":"Benton","state":"AR","country":"US","elevation":115}},{"type":"Feature","id":"SVC","geometry":{"type":"Point","coordinates":[-108.1564,32.6365]},"properties":{"station":"SVC","name":"SILVER CITY/GRANT","state":"NM","country":"US","elevation":1659}},{"type":"Feature","id":"SVE","geometry":{"type":"Point","coordinates":[-120.5727,40.3757]},"properties":{"station":"SVE","name":"Susanville","state":"CA","country":"US","elevation":1260.8398}},{"type":"Feature","id":"SVH","geometry":{"type":"Point","coordinates":[-80.9539,35.765]},"properties":{"station":"SVH","name":"STATESVILLE","state":"NC","country":"US","elevation":294}},{"type":"Feature","id":"SVN","geometry":{"type":"Point","coordinates":[-81.146,32.01]},"properties":{"station":"SVN","name":"HUNTER (AAF)","state":"GA","country":"US","elevation":13}},{"type":"Feature","id":"SVR","geometry":{"type":"Point","coordinates":[-111.9902,40.6196]},"properties":{"station":"SVR","name":"Salt Lake City Muni No2","state":"UT","country":"US","elevation":1402.7367}},{"type":"Feature","id":"SWF","geometry":{"type":"Point","coordinates":[-74.1048,41.5041]},"properties":{"station":"SWF","name":"NEWBURGH/STEWART","state":"NY","country":"US","elevation":150}},{"type":"Feature","id":"SWO","geometry":{"type":"Point","coordinates":[-97.0857,36.1612]},"properties":{"station":"SWO","name":"STILLWATER MUNI","state":"OK","country":"US","elevation":300}},{"type":"Feature","id":"SWW","geometry":{"type":"Point","coordinates":[-100.4666,32.4674]},"properties":{"station":"SWW","name":"SWEETWATER/AVENGER FIELD AIRPORT","state":"TX","country":"US","elevation":727}},{"type":"Feature","id":"SXK","geometry":{"type":"Point","coordinates":[-96.1614,42.9858]},"properties":{"station":"SXK","name":"Sioux County","state":"IA","country":"US","elevation":427.62628}},{"type":"Feature","id":"SXS","geometry":{"type":"Point","coordinates":[-85.8549,31.3612]},"properties":{"station":"SXS","name":"Shell AHP","state":"AL","country":"US","elevation":122.25867}},{"type":"Feature","id":"SXT","geometry":{"type":"Point","coordinates":[-123.3642,42.6003]},"properties":{"station":"SXT","name":"Sexton Summit","state":"OR","country":"US","elevation":1171}},{"type":"Feature","id":"SXU","geometry":{"type":"Point","coordinates":[-104.6426,34.9357]},"properties":{"station":"SXU","name":"Santa Rosa","state":"NM","country":"US","elevation":1453.134}},{"type":"Feature","id":"SYF","geometry":{"type":"Point","coordinates":[-101.7959,39.7611]},"properties":{"station":"SYF","name":"St Francis","state":"KS","country":"US","elevation":1037.3542}},{"type":"Feature","id":"SYI","geometry":{"type":"Point","coordinates":[-86.4425,35.5594]},"properties":{"station":"SYI","name":"Shelbyville","state":"TN","country":"US","elevation":243}},{"type":"Feature","id":"SYM","geometry":{"type":"Point","coordinates":[-83.5874,38.215]},"properties":{"station":"SYM","name":"Fleming","state":"KY","country":"US","elevation":328.18155}},{"type":"Feature","id":"SYN","geometry":{"type":"Point","coordinates":[-93.0145,44.4736]},"properties":{"station":"SYN","name":"Stanton Airfield","state":"MN","country":"US","elevation":280}},{"type":"Feature","id":"SYR","geometry":{"type":"Point","coordinates":[-76.1063,43.1112]},"properties":{"station":"SYR","name":"SYRACUSE/HANCOCK","state":"NY","country":"US","elevation":124}},{"type":"Feature","id":"SZL","geometry":{"type":"Point","coordinates":[-93.548,38.7303]},"properties":{"station":"SZL","name":"WHITEMAN AFB","state":"MO","country":"US","elevation":265}},{"type":"Feature","id":"SZT","geometry":{"type":"Point","coordinates":[-116.56,48.2994]},"properties":{"station":"SZT","name":"SANDPOINT","state":"ID","country":"US","elevation":648}},{"type":"Feature","id":"SZY","geometry":{"type":"Point","coordinates":[-88.4984,35.2029]},"properties":{"station":"SZY","name":"Sibley","state":"TN","country":"US","elevation":182.92949}},{"type":"Feature","id":"T20","geometry":{"type":"Point","coordinates":[-97.4614,29.528]},"properties":{"station":"T20","name":"Gonzales","state":"TX","country":"US","elevation":108.13235}},{"type":"Feature","id":"T35","geometry":{"type":"Point","coordinates":[-96.9711,30.8794]},"properties":{"station":"T35","name":"Cameron","state":"TX","country":"US","elevation":124.16077}},{"type":"Feature","id":"T41","geometry":{"type":"Point","coordinates":[-95.0641,29.6692]},"properties":{"station":"T41","name":"La Porte","state":"TX","country":"US","elevation":7}},{"type":"Feature","id":"T69","geometry":{"type":"Point","coordinates":[-97.5425,28.0386]},"properties":{"station":"T69","name":"Sinton","state":"TX","country":"US","elevation":17.970034}},{"type":"Feature","id":"T70","geometry":{"type":"Point","coordinates":[-100.481,29.126]},"properties":{"station":"T70","name":"Laughlin AFB","state":"TX","country":"US","elevation":297.54962}},{"type":"Feature","id":"T74","geometry":{"type":"Point","coordinates":[-97.4432,30.5726]},"properties":{"station":"T74","name":"Taylor","state":"TX","country":"US","elevation":174.38675}},{"type":"Feature","id":"T78","geometry":{"type":"Point","coordinates":[-94.6986,30.0778]},"properties":{"station":"T78","name":"Liberty","state":"TX","country":"US","elevation":21.857124}},{"type":"Feature","id":"T82","geometry":{"type":"Point","coordinates":[-98.9092,30.2432]},"properties":{"station":"T82","name":"FREDERICKSBURG/GILLESPIE COUNTY","state":"TX","country":"US","elevation":517}},{"type":"Feature","id":"T89","geometry":{"type":"Point","coordinates":[-98.8509,29.3419]},"properties":{"station":"T89","name":"Castroville","state":"TX","country":"US","elevation":232.19913}},{"type":"Feature","id":"TAD","geometry":{"type":"Point","coordinates":[-104.3407,37.2594]},"properties":{"station":"TAD","name":"TRINIDAD/ANIMAS CO.","state":"CO","country":"US","elevation":1756}},{"type":"Feature","id":"TAH","geometry":{"type":"Point","coordinates":[-90.71,27.33]},"properties":{"station":"TAH","name":"Green Canyon 641","state":"LA","country":"US","elevation":65}},{"type":"Feature","id":"TAN","geometry":{"type":"Point","coordinates":[-71.0211,41.8756]},"properties":{"station":"TAN","name":"TAUNTON MUNI AIRPORT","state":"MA","country":"US","elevation":13}},{"type":"Feature","id":"TAZ","geometry":{"type":"Point","coordinates":[-89.3278,39.5342]},"properties":{"station":"TAZ","name":"TAYLORVILLE","state":"IL","country":"US","elevation":190}},{"type":"Feature","id":"TBN","geometry":{"type":"Point","coordinates":[-92.1407,37.7416]},"properties":{"station":"TBN","name":"FORT LEONARD WOO","state":"MO","country":"US","elevation":353}},{"type":"Feature","id":"TBR","geometry":{"type":"Point","coordinates":[-81.7369,32.4827]},"properties":{"station":"TBR","name":"STATESBORO/BULLOCH CO","state":"GA","country":"US","elevation":57}},{"type":"Feature","id":"TBX","geometry":{"type":"Point","coordinates":[-108.2384,43.4646]},"properties":{"station":"TBX","name":"Boysen Peak","state":"WY","country":"US","elevation":2224}},{"type":"Feature","id":"TCC","geometry":{"type":"Point","coordinates":[-103.6032,35.1828]},"properties":{"station":"TCC","name":"TUCUMCARI MUNICIPAL","state":"NM","country":"US","elevation":1239}},{"type":"Feature","id":"TCL","geometry":{"type":"Point","coordinates":[-87.6161,33.2119]},"properties":{"station":"TCL","name":"TUSCALOOSA MUNI","state":"AL","country":"US","elevation":52}},{"type":"Feature","id":"TCM","geometry":{"type":"Point","coordinates":[-122.4765,47.1377]},"properties":{"station":"TCM","name":"MC CHORD AFB/TACOMA","state":"WA","country":"US","elevation":98}},{"type":"Feature","id":"TCS","geometry":{"type":"Point","coordinates":[-107.2681,33.2367]},"properties":{"station":"TCS","name":"TRUTH OR CONSEQUENC","state":"NM","country":"US","elevation":1481}},{"type":"Feature","id":"TCY","geometry":{"type":"Point","coordinates":[-121.4416,37.6889]},"properties":{"station":"TCY","name":"Tracy","state":"CA","country":"US","elevation":56.52399}},{"type":"Feature","id":"TDF","geometry":{"type":"Point","coordinates":[-78.9842,36.2849]},"properties":{"station":"TDF","name":"ROXBORO","state":"NC","country":"US","elevation":186}},{"type":"Feature","id":"TDR","geometry":{"type":"Point","coordinates":[-85.5765,30.07]},"properties":{"station":"TDR","name":"Panama City Beach - Drone Runway","state":"FL","country":"US","elevation":3.8308954}},{"type":"Feature","id":"TDZ","geometry":{"type":"Point","coordinates":[-83.4764,41.5631]},"properties":{"station":"TDZ","name":"TOLEDO","state":"OH","country":"US","elevation":189}},{"type":"Feature","id":"TEB","geometry":{"type":"Point","coordinates":[-74.0562,40.859]},"properties":{"station":"TEB","name":"TETERBORO AIRPORT","state":"NJ","country":"US","elevation":3}},{"type":"Feature","id":"TEW","geometry":{"type":"Point","coordinates":[-84.4232,42.5658]},"properties":{"station":"TEW","name":"MASON","state":"MI","country":"US","elevation":280}},{"type":"Feature","id":"TEX","geometry":{"type":"Point","coordinates":[-107.9085,37.9538]},"properties":{"station":"TEX","name":"TELLURIDE REGIONAL","state":"CO","country":"US","elevation":2769}},{"type":"Feature","id":"TFP","geometry":{"type":"Point","coordinates":[-97.2115,27.913]},"properties":{"station":"TFP","name":"Ingleside","state":"TX","country":"US","elevation":5}},{"type":"Feature","id":"TGI","geometry":{"type":"Point","coordinates":[-75.9978,37.8251]},"properties":{"station":"TGI","name":"Tangier Island","state":"VA","country":"US","elevation":1.7263619}},{"type":"Feature","id":"THA","geometry":{"type":"Point","coordinates":[-86.2467,35.38]},"properties":{"station":"THA","name":"Tullahoma","state":"TN","country":"US","elevation":330}},{"type":"Feature","id":"THV","geometry":{"type":"Point","coordinates":[-76.873,39.917]},"properties":{"station":"THV","name":"THOMASVILLE/YORK","state":"PA","country":"US","elevation":148}},{"type":"Feature","id":"TIF","geometry":{"type":"Point","coordinates":[-100.569,41.9622]},"properties":{"station":"TIF","name":"Thedford","state":"NE","country":"US","elevation":887.2954}},{"type":"Feature","id":"TIK","geometry":{"type":"Point","coordinates":[-97.3866,35.4147]},"properties":{"station":"TIK","name":"TINKER AFB","state":"OK","country":"US","elevation":394}},{"type":"Feature","id":"TIP","geometry":{"type":"Point","coordinates":[-88.1424,40.2936]},"properties":{"station":"TIP","name":"RANTOUL","state":"IL","country":"US","elevation":225}},{"type":"Feature","id":"TIW","geometry":{"type":"Point","coordinates":[-122.5761,47.2675]},"properties":{"station":"TIW","name":"TACOMA NARROWS","state":"WA","country":"US","elevation":89}},{"type":"Feature","id":"TIX","geometry":{"type":"Point","coordinates":[-80.7992,28.5148]},"properties":{"station":"TIX","name":"TITUSVILLE","state":"FL","country":"US","elevation":11}},{"type":"Feature","id":"TKC","geometry":{"type":"Point","coordinates":[-95.6072,44.2491]},"properties":{"station":"TKC","name":"Tracy","state":"MN","country":"US","elevation":408}},{"type":"Feature","id":"TKI","geometry":{"type":"Point","coordinates":[-96.59,33.18]},"properties":{"station":"TKI","name":"MC KINNEY","state":"TX","country":"US","elevation":179}},{"type":"Feature","id":"TKV","geometry":{"type":"Point","coordinates":[-89.8057,45.469]},"properties":{"station":"TKV","name":"Tomahawk","state":"WI","country":"US","elevation":453}},{"type":"Feature","id":"TKX","geometry":{"type":"Point","coordinates":[-90.0366,36.2259]},"properties":{"station":"TKX","name":"Kennett","state":"MO","country":"US","elevation":78.21002}},{"type":"Feature","id":"TLH","geometry":{"type":"Point","coordinates":[-84.3513,30.3935]},"properties":{"station":"TLH","name":"TALLAHASSEE RGNL","state":"FL","country":"US","elevation":21}},{"type":"Feature","id":"TMA","geometry":{"type":"Point","coordinates":[-83.4885,31.429]},"properties":{"station":"TMA","name":"Tifton","state":"GA","country":"US","elevation":108.2}},{"type":"Feature","id":"TMB","geometry":{"type":"Point","coordinates":[-80.4347,25.6423]},"properties":{"station":"TMB","name":"MIAMI/KENDALL-TAMIA","state":"FL","country":"US","elevation":3}},{"type":"Feature","id":"TME","geometry":{"type":"Point","coordinates":[-95.8979,29.805]},"properties":{"station":"TME","name":"Houston Exec","state":"TX","country":"US","elevation":50.6}},{"type":"Feature","id":"TMK","geometry":{"type":"Point","coordinates":[-123.8144,45.4182]},"properties":{"station":"TMK","name":"Tillamook","state":"OR","country":"US","elevation":11}},{"type":"Feature","id":"TMT","geometry":{"type":"Point","coordinates":[-117.1971,39.4643]},"properties":{"station":"TMT","name":"Austin","state":"NV","country":"US","elevation":1749.3367}},{"type":"Feature","id":"TNB","geometry":{"type":"Point","coordinates":[-81.65,36.2]},"properties":{"station":"TNB","name":"WATAUGA_CNTY_HOSP_HELIP","state":"NC","country":"US","elevation":959}},{"type":"Feature","id":"TNU","geometry":{"type":"Point","coordinates":[-93.019,41.6701]},"properties":{"station":"TNU","name":"NEWTON MUNI","state":"IA","country":"US","elevation":287}},{"type":"Feature","id":"TOA","geometry":{"type":"Point","coordinates":[-118.3396,33.8034]},"properties":{"station":"TOA","name":"TORRANCE MUNICIPAL","state":"CA","country":"US","elevation":31}},{"type":"Feature","id":"TOB","geometry":{"type":"Point","coordinates":[-92.8315,44.018]},"properties":{"station":"TOB","name":"DODGE CENTER","state":"MN","country":"US","elevation":398}},{"type":"Feature","id":"TOC","geometry":{"type":"Point","coordinates":[-83.2964,34.5928]},"properties":{"station":"TOC","name":"Toccoa","state":"GA","country":"US","elevation":295.5283}},{"type":"Feature","id":"TOI","geometry":{"type":"Point","coordinates":[-86.0121,31.8604]},"properties":{"station":"TOI","name":"TROY MUNICIPAL","state":"AL","country":"US","elevation":121}},{"type":"Feature","id":"TOL","geometry":{"type":"Point","coordinates":[-83.8054,41.587]},"properties":{"station":"TOL","name":"Toledo","state":"OH","country":"US","elevation":205}},{"type":"Feature","id":"TOP","geometry":{"type":"Point","coordinates":[-95.62,39.07]},"properties":{"station":"TOP","name":"TOPEKA (TOP)","state":"KS","country":"US","elevation":270}},{"type":"Feature","id":"TOR","geometry":{"type":"Point","coordinates":[-104.1528,42.0647]},"properties":{"station":"TOR","name":"TORRINGTON MUNICIPAL AIRPORT","state":"WY","country":"US","elevation":1282}},{"type":"Feature","id":"TPA","geometry":{"type":"Point","coordinates":[-82.5403,27.9619]},"properties":{"station":"TPA","name":"TAMPA INTL AIRPORT","state":"FL","country":"US","elevation":3}},{"type":"Feature","id":"TPF","geometry":{"type":"Point","coordinates":[-82.4493,27.9156]},"properties":{"station":"TPF","name":"Tampa/Knight","state":"FL","country":"US","elevation":2.4}},{"type":"Feature","id":"TPH","geometry":{"type":"Point","coordinates":[-117.0904,38.0505]},"properties":{"station":"TPH","name":"TONOPAH AIRPORT","state":"NV","country":"US","elevation":1654}},{"type":"Feature","id":"TPL","geometry":{"type":"Point","coordinates":[-97.4078,31.1525]},"properties":{"station":"TPL","name":"TEMPLE/MILLER(AWOS)","state":"TX","country":"US","elevation":208}},{"type":"Feature","id":"TQE","geometry":{"type":"Point","coordinates":[-96.1779,41.7635]},"properties":{"station":"TQE","name":"TEKAMAH","state":"NE","country":"US","elevation":308.65692}},{"type":"Feature","id":"TQH","geometry":{"type":"Point","coordinates":[-95,35.93]},"properties":{"station":"TQH","name":"TAHLEQUAH MUNI","state":"OK","country":"US","elevation":266}},{"type":"Feature","id":"TQK","geometry":{"type":"Point","coordinates":[-100.8822,38.4782]},"properties":{"station":"TQK","name":"Scott City","state":"KS","country":"US","elevation":906.70844}},{"type":"Feature","id":"TQS","geometry":{"type":"Point","coordinates":[-120.6161,34.636]},"properties":{"station":"TQS","name":"Vandenberg Space Force South","state":"CA","country":"US","elevation":92}},{"type":"Feature","id":"TQV","geometry":{"type":"Point","coordinates":[-78.9373,36.007]},"properties":{"station":"TQV","name":"Durham - Duke North Heliport","state":"NC","country":"US","elevation":120}},{"type":"Feature","id":"TRI","geometry":{"type":"Point","coordinates":[-82.4074,36.4752]},"properties":{"station":"TRI","name":"BRISTOL/TRI-CITY","state":"TN","country":"US","elevation":463}},{"type":"Feature","id":"TRK","geometry":{"type":"Point","coordinates":[-120.1396,39.32]},"properties":{"station":"TRK","name":"TRUCKEE-TAHOE","state":"CA","country":"US","elevation":1798}},{"type":"Feature","id":"TRL","geometry":{"type":"Point","coordinates":[-96.27,32.71]},"properties":{"station":"TRL","name":"TERRELL","state":"TX","country":"US","elevation":145}},{"type":"Feature","id":"TRM","geometry":{"type":"Point","coordinates":[-116.1597,33.6267]},"properties":{"station":"TRM","name":"THERMAL AIRPORT","state":"CA","country":"US","elevation":-37}},{"type":"Feature","id":"TSP","geometry":{"type":"Point","coordinates":[-118.4392,35.135]},"properties":{"station":"TSP","name":"Tehachapi","state":"CA","country":"US","elevation":1219.5}},{"type":"Feature","id":"TTA","geometry":{"type":"Point","coordinates":[-79.1034,35.5764]},"properties":{"station":"TTA","name":"Sanford - Lee County","state":"NC","country":"US","elevation":73}},{"type":"Feature","id":"TTD","geometry":{"type":"Point","coordinates":[-122.4098,45.551]},"properties":{"station":"TTD","name":"Portland - Troutdale","state":"OR","country":"US","elevation":-0.15002128}},{"type":"Feature","id":"TTF","geometry":{"type":"Point","coordinates":[-83.4347,41.9399]},"properties":{"station":"TTF","name":"MONROE","state":"MI","country":"US","elevation":188}},{"type":"Feature","id":"TTN","geometry":{"type":"Point","coordinates":[-74.8159,40.2768]},"properties":{"station":"TTN","name":"TRENTON/MERCER CO.","state":"NJ","country":"US","elevation":65}},{"type":"Feature","id":"TTS","geometry":{"type":"Point","coordinates":[-80.6944,28.6149]},"properties":{"station":"TTS","name":"NASA SHUTTLE FCLTY","state":"FL","country":"US","elevation":3}},{"type":"Feature","id":"TUL","geometry":{"type":"Point","coordinates":[-95.8881,36.1984]},"properties":{"station":"TUL","name":"TULSA INTL ARPT(AW)","state":"OK","country":"US","elevation":206}},{"type":"Feature","id":"TUP","geometry":{"type":"Point","coordinates":[-88.7713,34.2622]},"properties":{"station":"TUP","name":"Tupelo","state":"MS","country":"US","elevation":103}},{"type":"Feature","id":"TUS","geometry":{"type":"Point","coordinates":[-110.938,32.1203]},"properties":{"station":"TUS","name":"TUCSON INTL AIRPORT","state":"AZ","country":"US","elevation":779}},{"type":"Feature","id":"TVC","geometry":{"type":"Point","coordinates":[-85.5824,44.7416]},"properties":{"station":"TVC","name":"TRAVERSE CIT","state":"MI","country":"US","elevation":190}},{"type":"Feature","id":"TVF","geometry":{"type":"Point","coordinates":[-96.185,48.0657]},"properties":{"station":"TVF","name":"THIEF RIVER","state":"MN","country":"US","elevation":340}},{"type":"Feature","id":"TVI","geometry":{"type":"Point","coordinates":[-83.8811,30.9018]},"properties":{"station":"TVI","name":"Thomasville","state":"GA","country":"US","elevation":80}},{"type":"Feature","id":"TVK","geometry":{"type":"Point","coordinates":[-92.8983,40.6832]},"properties":{"station":"TVK","name":"Centerville","state":"IA","country":"US","elevation":313}},{"type":"Feature","id":"TVL","geometry":{"type":"Point","coordinates":[-119.9953,38.8939]},"properties":{"station":"TVL","name":"SOUTH LAKE TAHOE","state":"CA","country":"US","elevation":1909}},{"type":"Feature","id":"TVR","geometry":{"type":"Point","coordinates":[-91.0299,32.3481]},"properties":{"station":"TVR","name":"Vicksburg / Tallulah","state":"LA","country":"US","elevation":28.109251}},{"type":"Feature","id":"TVY","geometry":{"type":"Point","coordinates":[-112.3508,40.6126]},"properties":{"station":"TVY","name":"Tooele","state":"UT","country":"US","elevation":1310.5901}},{"type":"Feature","id":"TWF","geometry":{"type":"Point","coordinates":[-114.4878,42.4818]},"properties":{"station":"TWF","name":"TWIN FALLS/JOSLIN","state":"ID","country":"US","elevation":1265}},{"type":"Feature","id":"TWM","geometry":{"type":"Point","coordinates":[-91.745,47.0492]},"properties":{"station":"TWM","name":"TWO HARBORS","state":"MN","country":"US","elevation":328}},{"type":"Feature","id":"TWT","geometry":{"type":"Point","coordinates":[-87.9518,37.5408]},"properties":{"station":"TWT","name":"Sturgis","state":"KY","country":"US","elevation":110.81315}},{"type":"Feature","id":"TXK","geometry":{"type":"Point","coordinates":[-93.991,33.4537]},"properties":{"station":"TXK","name":"TEXARKANA RGNL/WEBB","state":"AR","country":"US","elevation":119}},{"type":"Feature","id":"TXW","geometry":{"type":"Point","coordinates":[-97.9731,26.1775]},"properties":{"station":"TXW","name":"Weslaco","state":"TX","country":"US","elevation":21.301573}},{"type":"Feature","id":"TYL","geometry":{"type":"Point","coordinates":[-110.1118,34.4577]},"properties":{"station":"TYL","name":"Taylor","state":"AZ","country":"US","elevation":1746.0222}},{"type":"Feature","id":"TYQ","geometry":{"type":"Point","coordinates":[-86.2514,40.0306]},"properties":{"station":"TYQ","name":"Indianapolis Exec","state":"IN","country":"US","elevation":281}},{"type":"Feature","id":"TYR","geometry":{"type":"Point","coordinates":[-95.4024,32.3541]},"properties":{"station":"TYR","name":"TYLER/POUNDS FLD","state":"TX","country":"US","elevation":166}},{"type":"Feature","id":"TYS","geometry":{"type":"Point","coordinates":[-83.9858,35.8181]},"properties":{"station":"TYS","name":"KNOXVILLE MUNICIPAL","state":"TN","country":"US","elevation":299}},{"type":"Feature","id":"TZR","geometry":{"type":"Point","coordinates":[-83.1369,39.9012]},"properties":{"station":"TZR","name":"BOLTON FIELD AIR","state":"OH","country":"US","elevation":276}},{"type":"Feature","id":"U14","geometry":{"type":"Point","coordinates":[-111.87,39.7366]},"properties":{"station":"U14","name":"Nephi","state":"UT","country":"US","elevation":1526}},{"type":"Feature","id":"U16","geometry":{"type":"Point","coordinates":[-113.0667,41.05]},"properties":{"station":"U16","name":"Eagle View","state":"UT","country":"US","elevation":1307.7489}},{"type":"Feature","id":"U19","geometry":{"type":"Point","coordinates":[-113.35,40.167]},"properties":{"station":"U19","name":"Granite Peak","state":"UT","country":"US","elevation":1310}},{"type":"Feature","id":"U52","geometry":{"type":"Point","coordinates":[-112.6753,38.2307]},"properties":{"station":"U52","name":"Beaver","state":"UT","country":"US","elevation":1779.804}},{"type":"Feature","id":"U55","geometry":{"type":"Point","coordinates":[-112.3911,37.8511]},"properties":{"station":"U55","name":"Panguitch","state":"UT","country":"US","elevation":2060.384}},{"type":"Feature","id":"U64","geometry":{"type":"Point","coordinates":[-109.3412,37.9324]},"properties":{"station":"U64","name":"Monticello","state":"UT","country":"US","elevation":2119}},{"type":"Feature","id":"U68","geometry":{"type":"Point","coordinates":[-108.4455,44.9117]},"properties":{"station":"U68","name":"Cowley","state":"WY","country":"US","elevation":1243.0966}},{"type":"Feature","id":"U69","geometry":{"type":"Point","coordinates":[-110.381,40.1919]},"properties":{"station":"U69","name":"Duchesne","state":"UT","country":"US","elevation":1770.5417}},{"type":"Feature","id":"U96","geometry":{"type":"Point","coordinates":[-110.5642,37.4353]},"properties":{"station":"U96","name":"Halls Crossing","state":"UT","country":"US","elevation":1334}},{"type":"Feature","id":"UAO","geometry":{"type":"Point","coordinates":[-122.77,45.25]},"properties":{"station":"UAO","name":"AURORA STATE","state":"OR","country":"US","elevation":60}},{"type":"Feature","id":"UASK","geometry":{"type":"Point","coordinates":[82.4942,50.0366]},"properties":{"station":"UASK","name":"Ust Kamenogorsk","state":"RU","country":"RU","elevation":286}},{"type":"Feature","id":"UBE","geometry":{"type":"Point","coordinates":[-91.9811,45.506]},"properties":{"station":"UBE","name":"Cumberland","state":"WI","country":"US","elevation":378}},{"type":"Feature","id":"UCP","geometry":{"type":"Point","coordinates":[-80.4134,41.0253]},"properties":{"station":"UCP","name":"New Castle","state":"PA","country":"US","elevation":326.7}},{"type":"Feature","id":"UCY","geometry":{"type":"Point","coordinates":[-88.9857,36.3797]},"properties":{"station":"UCY","name":"Everett-Stewart","state":"TN","country":"US","elevation":97.541595}},{"type":"Feature","id":"UDG","geometry":{"type":"Point","coordinates":[-79.89,34.45]},"properties":{"station":"UDG","name":"DARLINGTON COUNTY JETPORT","state":"SC","country":"US","elevation":59}},{"type":"Feature","id":"UEEE","geometry":{"type":"Point","coordinates":[129.7167,62.0167]},"properties":{"station":"UEEE","name":"Yakutsk","state":"RU","country":"RU","elevation":103}},{"type":"Feature","id":"UERP","geometry":{"type":"Point","coordinates":[112.0303,66.4004]},"properties":{"station":"UERP","name":"Yakutia","state":"RU","country":"RU","elevation":509}},{"type":"Feature","id":"UERR","geometry":{"type":"Point","coordinates":[113.8667,62.5333]},"properties":{"station":"UERR","name":"Mirnyj","state":"RU","country":"RU","elevation":347}},{"type":"Feature","id":"UES","geometry":{"type":"Point","coordinates":[-88.2371,43.041]},"properties":{"station":"UES","name":"WAUKESHA CNTY","state":"WI","country":"US","elevation":275}},{"type":"Feature","id":"UGN","geometry":{"type":"Point","coordinates":[-87.8679,42.4222]},"properties":{"station":"UGN","name":"Waukegan","state":"IL","country":"US","elevation":216}},{"type":"Feature","id":"UHBB","geometry":{"type":"Point","coordinates":[127.4125,50.4254]},"properties":{"station":"UHBB","name":"Blagoveschensk","state":"RU","country":"RU","elevation":195}},{"type":"Feature","id":"UHHH","geometry":{"type":"Point","coordinates":[135.1667,48.5167]},"properties":{"station":"UHHH","name":"Khabarovsk","state":"RU","country":"RU","elevation":72}},{"type":"Feature","id":"UHMA","geometry":{"type":"Point","coordinates":[177.5667,64.7833]},"properties":{"station":"UHMA","name":"Anadyr","state":"RU","country":"RU","elevation":62}},{"type":"Feature","id":"UHMD","geometry":{"type":"Point","coordinates":[-173.2433,64.3781]},"properties":{"station":"UHMD","name":"Provideniya Bay","state":"RU","country":"RU","elevation":3}},{"type":"Feature","id":"UHMM","geometry":{"type":"Point","coordinates":[150.7204,59.911]},"properties":{"station":"UHMM","name":"Magadan","state":"RU","country":"RU","elevation":118}},{"type":"Feature","id":"UHPP","geometry":{"type":"Point","coordinates":[158.4537,53.1679]},"properties":{"station":"UHPP","name":"Petropavlovsk","state":"RU","country":"RU","elevation":40}},{"type":"Feature","id":"UHSS","geometry":{"type":"Point","coordinates":[142.7167,46.95]},"properties":{"station":"UHSS","name":"Yuzhno-sakhalinsk","state":"RU","country":"RU","elevation":31}},{"type":"Feature","id":"UHWW","geometry":{"type":"Point","coordinates":[132.148,43.399]},"properties":{"station":"UHWW","name":"Vladivostok","state":"RU","country":"RU","elevation":184}},{"type":"Feature","id":"UIAA","geometry":{"type":"Point","coordinates":[113.3056,52.0263]},"properties":{"station":"UIAA","name":"Chita","state":"RU","country":"RU","elevation":685}},{"type":"Feature","id":"UIBB","geometry":{"type":"Point","coordinates":[101.6986,56.3708]},"properties":{"station":"UIBB","name":"Bratsk","state":"RU","country":"RU","elevation":490}},{"type":"Feature","id":"UIII","geometry":{"type":"Point","coordinates":[104.3167,52.2667]},"properties":{"station":"UIII","name":"Irkutsk","state":"RU","country":"RU","elevation":513}},{"type":"Feature","id":"UIL","geometry":{"type":"Point","coordinates":[-124.5626,47.9366]},"properties":{"station":"UIL","name":"QUILLAYUTE STATE","state":"WA","country":"US","elevation":62}},{"type":"Feature","id":"UIN","geometry":{"type":"Point","coordinates":[-91.1946,39.9428]},"properties":{"station":"UIN","name":"QUINCY","state":"IL","country":"US","elevation":234}},{"type":"Feature","id":"UIUU","geometry":{"type":"Point","coordinates":[107.6,51.8333]},"properties":{"station":"UIUU","name":"Ulan-ude","state":"RU","country":"RU","elevation":515}},{"type":"Feature","id":"UKF","geometry":{"type":"Point","coordinates":[-81.0983,36.2228]},"properties":{"station":"UKF","name":"NORTH_WILKESBORO/WILKES_CNTY","state":"NC","country":"US","elevation":396}},{"type":"Feature","id":"UKI","geometry":{"type":"Point","coordinates":[-123.2008,39.1258]},"properties":{"station":"UKI","name":"Ukiah","state":"CA","country":"US","elevation":184.98428}},{"type":"Feature","id":"UKL","geometry":{"type":"Point","coordinates":[-95.725,38.3025]},"properties":{"station":"UKL","name":"Burlington","state":"KS","country":"US","elevation":357.5}},{"type":"Feature","id":"UKT","geometry":{"type":"Point","coordinates":[-75.3819,40.4352]},"properties":{"station":"UKT","name":"QUAKERTOWN_ARPT","state":"PA","country":"US","elevation":160}},{"type":"Feature","id":"ULAA","geometry":{"type":"Point","coordinates":[40.7278,64.5042]},"properties":{"station":"ULAA","name":"Arkhangelsk","state":"RU","country":"RU","elevation":19}},{"type":"Feature","id":"ULLI","geometry":{"type":"Point","coordinates":[30.3,59.9667]},"properties":{"station":"ULLI","name":"St. Petersburg","state":"RU","country":"RU","elevation":4}},{"type":"Feature","id":"ULM","geometry":{"type":"Point","coordinates":[-94.5,44.32]},"properties":{"station":"ULM","name":"NEW ULM MUNI","state":"MN","country":"US","elevation":308}},{"type":"Feature","id":"ULMM","geometry":{"type":"Point","coordinates":[32.75,68.7833]},"properties":{"station":"ULMM","name":"Murmansk","state":"RU","country":"RU","elevation":51}},{"type":"Feature","id":"ULOO","geometry":{"type":"Point","coordinates":[28.3956,57.7839]},"properties":{"station":"ULOO","name":"Pskov","state":"RU","country":"RU","elevation":47}},{"type":"Feature","id":"ULPB","geometry":{"type":"Point","coordinates":[34.2667,61.8167]},"properties":{"station":"ULPB","name":"Petrozavodsk","state":"RU","country":"RU","elevation":46}},{"type":"Feature","id":"ULS","geometry":{"type":"Point","coordinates":[-101.3736,37.604]},"properties":{"station":"ULS","name":"Ulysses","state":"KS","country":"US","elevation":930.42865}},{"type":"Feature","id":"ULWC","geometry":{"type":"Point","coordinates":[38.0189,59.2761]},"properties":{"station":"ULWC","name":"Botovo","state":"RU","country":"RU","elevation":112.30281}},{"type":"Feature","id":"UMKK","geometry":{"type":"Point","coordinates":[20.6167,54.7]},"properties":{"station":"UMKK","name":"Kaliningrad","state":"RU","country":"RU","elevation":21}},{"type":"Feature","id":"UMP","geometry":{"type":"Point","coordinates":[-86.045,39.935]},"properties":{"station":"UMP","name":"Indy Metro","state":"IN","country":"US","elevation":242}},{"type":"Feature","id":"UNAA","geometry":{"type":"Point","coordinates":[91.385,53.74]},"properties":{"station":"UNAA","name":"Abakan","state":"RU","country":"RU","elevation":245}},{"type":"Feature","id":"UNBB","geometry":{"type":"Point","coordinates":[83.5167,53.4333]},"properties":{"station":"UNBB","name":"Barnaul","state":"RU","country":"RU","elevation":255}},{"type":"Feature","id":"UNEE","geometry":{"type":"Point","coordinates":[86.1072,55.2701]},"properties":{"station":"UNEE","name":"Kemorovo","state":"RU","country":"RU","elevation":261}},{"type":"Feature","id":"UNI","geometry":{"type":"Point","coordinates":[-82.2293,39.2119]},"properties":{"station":"UNI","name":"Albany","state":"OH","country":"US","elevation":233.5}},{"type":"Feature","id":"UNKL","geometry":{"type":"Point","coordinates":[92.75,56.0333]},"properties":{"station":"UNKL","name":"Krasnoyarsk","state":"RU","country":"RU","elevation":276}},{"type":"Feature","id":"UNNT","geometry":{"type":"Point","coordinates":[82.6507,55.0126]},"properties":{"station":"UNNT","name":"Novosibirsk","state":"RU","country":"RU","elevation":111}},{"type":"Feature","id":"UNO","geometry":{"type":"Point","coordinates":[-91.9027,36.8784]},"properties":{"station":"UNO","name":"WEST PLAINS","state":"MO","country":"US","elevation":372}},{"type":"Feature","id":"UNOO","geometry":{"type":"Point","coordinates":[73.3105,54.967]},"properties":{"station":"UNOO","name":"Omsk","state":"RU","country":"RU","elevation":95}},{"type":"Feature","id":"UNTT","geometry":{"type":"Point","coordinates":[85.2106,56.3831]},"properties":{"station":"UNTT","name":"Tomsk","state":"RU","country":"RU","elevation":177.83244}},{"type":"Feature","id":"UNU","geometry":{"type":"Point","coordinates":[-88.7038,43.4265]},"properties":{"station":"UNU","name":"JUNEAU","state":"WI","country":"US","elevation":285}},{"type":"Feature","id":"UNV","geometry":{"type":"Point","coordinates":[-77.85,40.85]},"properties":{"station":"UNV","name":"STATE COLLEGE","state":"PA","country":"US","elevation":378}},{"type":"Feature","id":"UNWW","geometry":{"type":"Point","coordinates":[86.8783,53.8108]},"properties":{"station":"UNWW","name":"Novokuznetsk","state":"RU","country":"RU","elevation":308}},{"type":"Feature","id":"UOOO","geometry":{"type":"Point","coordinates":[87.3322,69.3111]},"properties":{"station":"UOOO","name":"Norilsk","state":"RU","country":"RU","elevation":175}},{"type":"Feature","id":"UOX","geometry":{"type":"Point","coordinates":[-89.5368,34.3843]},"properties":{"station":"UOX","name":"Oxford","state":"MS","country":"US","elevation":137.8}},{"type":"Feature","id":"URKA","geometry":{"type":"Point","coordinates":[37.2833,44.8833]},"properties":{"station":"URKA","name":"Anapa","state":"RU","country":"RU","elevation":53}},{"type":"Feature","id":"URKK","geometry":{"type":"Point","coordinates":[39.15,45.0333]},"properties":{"station":"URKK","name":"Krasnodar","state":"RU","country":"RU","elevation":34}},{"type":"Feature","id":"URMG","geometry":{"type":"Point","coordinates":[45.6833,43.35]},"properties":{"station":"URMG","name":"Grozny","state":"RU","country":"RU","elevation":124}},{"type":"Feature","id":"URML","geometry":{"type":"Point","coordinates":[47.65,42.8167]},"properties":{"station":"URML","name":"Makhachkala","state":"RU","country":"RU","elevation":4}},{"type":"Feature","id":"URMM","geometry":{"type":"Point","coordinates":[43.0819,44.2251]},"properties":{"station":"URMM","name":"Mineralnye Vody","state":"RU","country":"RU","elevation":314}},{"type":"Feature","id":"URMN","geometry":{"type":"Point","coordinates":[43.6366,43.5129]},"properties":{"station":"URMN","name":"Nalchik","state":"RU","country":"RU","elevation":445}},{"type":"Feature","id":"URMO","geometry":{"type":"Point","coordinates":[44.6066,43.2051]},"properties":{"station":"URMO","name":"Beslan","state":"RU","country":"RU","elevation":505.16467}},{"type":"Feature","id":"URMT","geometry":{"type":"Point","coordinates":[42.0833,45.1167]},"properties":{"station":"URMT","name":"Stavropol","state":"RU","country":"RU","elevation":453}},{"type":"Feature","id":"URRP","geometry":{"type":"Point","coordinates":[39.9247,47.4939]},"properties":{"station":"URRP","name":"Rostov","state":"RU","country":"RU","elevation":71.35867}},{"type":"Feature","id":"URSS","geometry":{"type":"Point","coordinates":[39.9,43.4333]},"properties":{"station":"URSS","name":"Sochi","state":"RU","country":"RU","elevation":16}},{"type":"Feature","id":"URWA","geometry":{"type":"Point","coordinates":[47.9951,46.2856]},"properties":{"station":"URWA","name":"Astrakhan","state":"RU","country":"RU","elevation":-20}},{"type":"Feature","id":"URWI","geometry":{"type":"Point","coordinates":[44.3309,46.3739]},"properties":{"station":"URWI","name":"Elista","state":"RU","country":"RU","elevation":150}},{"type":"Feature","id":"URWW","geometry":{"type":"Point","coordinates":[44.3361,48.7878]},"properties":{"station":"URWW","name":"Volgograd","state":"RU","country":"RU","elevation":147}},{"type":"Feature","id":"USCC","geometry":{"type":"Point","coordinates":[61.5033,55.3058]},"properties":{"station":"USCC","name":"Chelyabinsk","state":"RU","country":"RU","elevation":234}},{"type":"Feature","id":"USCM","geometry":{"type":"Point","coordinates":[58.7557,53.3931]},"properties":{"station":"USCM","name":"Magnetiogorsk","state":"RU","country":"RU","elevation":435}},{"type":"Feature","id":"USDA","geometry":{"type":"Point","coordinates":[72.05,71.233]},"properties":{"station":"USDA","name":"Sabetta","state":"RU","country":"RU","elevation":3.46135}},{"type":"Feature","id":"USDD","geometry":{"type":"Point","coordinates":[66.611,66.5908]},"properties":{"station":"USDD","name":"Salekhard","state":"RU","country":"RU","elevation":67}},{"type":"Feature","id":"USE","geometry":{"type":"Point","coordinates":[-84.1272,41.6101]},"properties":{"station":"USE","name":"Wauseon","state":"OH","country":"US","elevation":234.91637}},{"type":"Feature","id":"USHH","geometry":{"type":"Point","coordinates":[69.0333,61.0167]},"properties":{"station":"USHH","name":"Khanty-Mansiysk","state":"RU","country":"RU","elevation":23}},{"type":"Feature","id":"USNN","geometry":{"type":"Point","coordinates":[76.4833,60.95]},"properties":{"station":"USNN","name":"Nizhnevartovsk","state":"RU","country":"RU","elevation":54}},{"type":"Feature","id":"USPP","geometry":{"type":"Point","coordinates":[56.0212,57.9145]},"properties":{"station":"USPP","name":"Perm","state":"RU","country":"RU","elevation":170}},{"type":"Feature","id":"USRR","geometry":{"type":"Point","coordinates":[73.5,61.25]},"properties":{"station":"USRR","name":"Surgut","state":"RU","country":"RU","elevation":44}},{"type":"Feature","id":"USSS","geometry":{"type":"Point","coordinates":[60.6333,56.8333]},"properties":{"station":"USSS","name":"Yekaterinburg","state":"RU","country":"RU","elevation":233}},{"type":"Feature","id":"USTR","geometry":{"type":"Point","coordinates":[65.3167,57.1667]},"properties":{"station":"USTR","name":"Tyumen","state":"RU","country":"RU","elevation":115}},{"type":"Feature","id":"UTA","geometry":{"type":"Point","coordinates":[-90.3467,34.6811]},"properties":{"station":"UTA","name":"TUNICA MUNICIPAL AIRPORT","state":"MS","country":"US","elevation":59}},{"type":"Feature","id":"UTS","geometry":{"type":"Point","coordinates":[-95.5872,30.7469]},"properties":{"station":"UTS","name":"HUNTSVILLE MUNICIPAL AIRPORT","state":"TX","country":"US","elevation":112}},{"type":"Feature","id":"UUBC","geometry":{"type":"Point","coordinates":[36.3694,54.5533]},"properties":{"station":"UUBC","name":"Kaluga","state":"RU","country":"RU","elevation":197.88644}},{"type":"Feature","id":"UUBW","geometry":{"type":"Point","coordinates":[38.1497,55.5528]},"properties":{"station":"UUBW","name":"Ramenskoe","state":"RU","country":"RU","elevation":111.27081}},{"type":"Feature","id":"UUDD","geometry":{"type":"Point","coordinates":[37.9063,55.4088]},"properties":{"station":"UUDD","name":"Moscow","state":"RU","country":"RU","elevation":168}},{"type":"Feature","id":"UUDL","geometry":{"type":"Point","coordinates":[40.1574,57.5607]},"properties":{"station":"UUDL","name":"Yaroslavl","state":"RU","country":"RU","elevation":87.390564}},{"type":"Feature","id":"UUEE","geometry":{"type":"Point","coordinates":[37.4146,55.9726]},"properties":{"station":"UUEE","name":"Moscow","state":"RU","country":"RU","elevation":190}},{"type":"Feature","id":"UUOB","geometry":{"type":"Point","coordinates":[36.5901,50.6438]},"properties":{"station":"UUOB","name":"Belgorod","state":"RU","country":"RU","elevation":224}},{"type":"Feature","id":"UUOK","geometry":{"type":"Point","coordinates":[36.2956,51.7506]},"properties":{"station":"UUOK","name":"Kursk","state":"RU","country":"RU","elevation":209}},{"type":"Feature","id":"UUOL","geometry":{"type":"Point","coordinates":[39.5167,52.7]},"properties":{"station":"UUOL","name":"Lipetsk","state":"RU","country":"RU","elevation":176.50179}},{"type":"Feature","id":"UUOO","geometry":{"type":"Point","coordinates":[39.25,51.65]},"properties":{"station":"UUOO","name":"Voronezh","state":"RU","country":"RU","elevation":157}},{"type":"Feature","id":"UUU","geometry":{"type":"Point","coordinates":[-71.2815,41.5324]},"properties":{"station":"UUU","name":"NEWPORT","state":"RI","country":"US","elevation":29}},{"type":"Feature","id":"UUV","geometry":{"type":"Point","coordinates":[-91.1643,38.2335]},"properties":{"station":"UUV","name":"Sullivan Regional","state":"MO","country":"US","elevation":281}},{"type":"Feature","id":"UUWW","geometry":{"type":"Point","coordinates":[37.2615,55.5915]},"properties":{"station":"UUWW","name":"Moscow","state":"RU","country":"RU","elevation":203}},{"type":"Feature","id":"UUYY","geometry":{"type":"Point","coordinates":[50.8451,61.6471]},"properties":{"station":"UUYY","name":"Syktyvkar","state":"RU","country":"RU","elevation":119}},{"type":"Feature","id":"UVA","geometry":{"type":"Point","coordinates":[-99.7436,29.2113]},"properties":{"station":"UVA","name":"UVALDE/GARNER_FIELD_ARPT","state":"TX","country":"US","elevation":287}},{"type":"Feature","id":"UWGG","geometry":{"type":"Point","coordinates":[43.7856,56.2252]},"properties":{"station":"UWGG","name":"Nizhniy Novgorod","state":"RU","country":"RU","elevation":73}},{"type":"Feature","id":"UWKD","geometry":{"type":"Point","coordinates":[49.2,55.7833]},"properties":{"station":"UWKD","name":"Kazan","state":"RU","country":"RU","elevation":126}},{"type":"Feature","id":"UWKE","geometry":{"type":"Point","coordinates":[52.0925,55.5647]},"properties":{"station":"UWKE","name":"Nizhnekamsk","state":"RU","country":"RU","elevation":196}},{"type":"Feature","id":"UWKS","geometry":{"type":"Point","coordinates":[47.3473,56.0903]},"properties":{"station":"UWKS","name":"Cheboksary","state":"RU","country":"RU","elevation":170}},{"type":"Feature","id":"UWL","geometry":{"type":"Point","coordinates":[-85.325,39.8767]},"properties":{"station":"UWL","name":"New Castle","state":"IN","country":"US","elevation":330}},{"type":"Feature","id":"UWLL","geometry":{"type":"Point","coordinates":[48.3333,54.3167]},"properties":{"station":"UWLL","name":"Ulyanovsk","state":"RU","country":"RU","elevation":134}},{"type":"Feature","id":"UWLW","geometry":{"type":"Point","coordinates":[48.7972,54.3976]},"properties":{"station":"UWLW","name":"Ulyanovsk","state":"RU","country":"RU","elevation":66}},{"type":"Feature","id":"UWOO","geometry":{"type":"Point","coordinates":[55.1,51.6833]},"properties":{"station":"UWOO","name":"Orenburg","state":"RU","country":"RU","elevation":109}},{"type":"Feature","id":"UWOR","geometry":{"type":"Point","coordinates":[58.5956,51.0725]},"properties":{"station":"UWOR","name":"Orsk","state":"RU","country":"RU","elevation":277}},{"type":"Feature","id":"UWPS","geometry":{"type":"Point","coordinates":[45.2026,54.1162]},"properties":{"station":"UWPS","name":"Saransk","state":"RU","country":"RU","elevation":211.71532}},{"type":"Feature","id":"UWSG","geometry":{"type":"Point","coordinates":[46.1712,51.7128]},"properties":{"station":"UWSG","name":"Gagarin","state":"RU","country":"RU","elevation":21}},{"type":"Feature","id":"UWUU","geometry":{"type":"Point","coordinates":[55.8744,54.5575]},"properties":{"station":"UWUU","name":"Ufa","state":"RU","country":"RU","elevation":137}},{"type":"Feature","id":"UWWW","geometry":{"type":"Point","coordinates":[50.1643,53.5049]},"properties":{"station":"UWWW","name":"Samara","state":"RU","country":"RU","elevation":146}},{"type":"Feature","id":"UXL","geometry":{"type":"Point","coordinates":[-93.3761,30.1314]},"properties":{"station":"UXL","name":"Sulphur","state":"LA","country":"US","elevation":3}},{"type":"Feature","id":"UYF","geometry":{"type":"Point","coordinates":[-83.462,39.9327]},"properties":{"station":"UYF","name":"London","state":"OH","country":"US","elevation":320.22623}},{"type":"Feature","id":"UZA","geometry":{"type":"Point","coordinates":[-81.0572,34.9878]},"properties":{"station":"UZA","name":"ROCK HILL (WAS 29J)","state":"SC","country":"US","elevation":202}},{"type":"Feature","id":"VAAH","geometry":{"type":"Point","coordinates":[72.6346,23.0772]},"properties":{"station":"VAAH","name":"Ahmedabad","state":"IN","country":"IN","elevation":55}},{"type":"Feature","id":"VAAU","geometry":{"type":"Point","coordinates":[75.3981,19.8627]},"properties":{"station":"VAAU","name":"Aurangabad","state":"IN","country":"IN","elevation":578.3111}},{"type":"Feature","id":"VABB","geometry":{"type":"Point","coordinates":[72.8585,19.1005]},"properties":{"station":"VABB","name":"Mumbai","state":"IN","country":"IN","elevation":8}},{"type":"Feature","id":"VABJ","geometry":{"type":"Point","coordinates":[69.6719,23.2862]},"properties":{"station":"VABJ","name":"Bhuj","state":"IN","country":"IN","elevation":79.05006}},{"type":"Feature","id":"VABO","geometry":{"type":"Point","coordinates":[73.2667,22.3333]},"properties":{"station":"VABO","name":"Baroda","state":"IN","country":"IN","elevation":44.700043}},{"type":"Feature","id":"VABP","geometry":{"type":"Point","coordinates":[77.3374,23.2875]},"properties":{"station":"VABP","name":"Bhopal","state":"IN","country":"IN","elevation":522.6981}},{"type":"Feature","id":"VABV","geometry":{"type":"Point","coordinates":[72.1852,21.7522]},"properties":{"station":"VABV","name":"Bhaunagar","state":"IN","country":"IN","elevation":11.294035}},{"type":"Feature","id":"VAD","geometry":{"type":"Point","coordinates":[-83.193,30.9678]},"properties":{"station":"VAD","name":"MOODY AFB/VALDOSTA","state":"GA","country":"US","elevation":71}},{"type":"Feature","id":"VADU","geometry":{"type":"Point","coordinates":[70.923,20.714]},"properties":{"station":"VADU","name":"Diu","state":"IN","country":"IN","elevation":9}},{"type":"Feature","id":"VAF","geometry":{"type":"Point","coordinates":[-94.6253,27.3536]},"properties":{"station":"VAF","name":"Boomvang","state":"TX","country":"US","elevation":0}},{"type":"Feature","id":"VAGD","geometry":{"type":"Point","coordinates":[80.288,21.524]},"properties":{"station":"VAGD","name":"Gondia","state":"IN","country":"IN","elevation":304}},{"type":"Feature","id":"VAHS","geometry":{"type":"Point","coordinates":[71.0283,22.3881]},"properties":{"station":"VAHS","name":"Rajkot","state":"IN","country":"IN","elevation":187}},{"type":"Feature","id":"VAID","geometry":{"type":"Point","coordinates":[75.8011,22.7218]},"properties":{"station":"VAID","name":"Indore","state":"IN","country":"IN","elevation":563.11017}},{"type":"Feature","id":"VAJB","geometry":{"type":"Point","coordinates":[80.052,23.1778]},"properties":{"station":"VAJB","name":"Jabalpur","state":"IN","country":"IN","elevation":489}},{"type":"Feature","id":"VAJJ","geometry":{"type":"Point","coordinates":[72.8342,19.0981]},"properties":{"station":"VAJJ","name":"Mumbai","state":"IN","country":"IN","elevation":2.4472158}},{"type":"Feature","id":"VAJL","geometry":{"type":"Point","coordinates":[75.6247,20.9613]},"properties":{"station":"VAJL","name":"Jalgaon","state":"IN","country":"IN","elevation":254}},{"type":"Feature","id":"VAJM","geometry":{"type":"Point","coordinates":[70.0833,22.45]},"properties":{"station":"VAJM","name":"Jamnagar AFS","state":"IN","country":"IN","elevation":18}},{"type":"Feature","id":"VAKP","geometry":{"type":"Point","coordinates":[74.23,16.7]},"properties":{"station":"VAKP","name":"Kolhapur","state":"IN","country":"IN","elevation":552.74554}},{"type":"Feature","id":"VAKS","geometry":{"type":"Point","coordinates":[70.2703,21.3169]},"properties":{"station":"VAKS","name":"Keshod","state":"IN","country":"IN","elevation":51}},{"type":"Feature","id":"VAMA","geometry":{"type":"Point","coordinates":[69.7644,22.8342]},"properties":{"station":"VAMA","name":"Mundra","state":"IN","country":"IN","elevation":9}},{"type":"Feature","id":"VANP","geometry":{"type":"Point","coordinates":[79.0472,21.0922]},"properties":{"station":"VANP","name":"Nagpur","state":"IN","country":"IN","elevation":310}},{"type":"Feature","id":"VAOZ","geometry":{"type":"Point","coordinates":[73.914,20.119]},"properties":{"station":"VAOZ","name":"Nasik Ojhar AFS","state":"IN","country":"IN","elevation":597}},{"type":"Feature","id":"VAPO","geometry":{"type":"Point","coordinates":[73.9048,18.5814]},"properties":{"station":"VAPO","name":"Pune","state":"IN","country":"IN","elevation":582.7832}},{"type":"Feature","id":"VAPR","geometry":{"type":"Point","coordinates":[69.6572,21.6487]},"properties":{"station":"VAPR","name":"Porbandar","state":"IN","country":"IN","elevation":7}},{"type":"Feature","id":"VASD","geometry":{"type":"Point","coordinates":[74.3789,19.6886]},"properties":{"station":"VASD","name":"Shirdi","state":"IN","country":"IN","elevation":588.66846}},{"type":"Feature","id":"VASU","geometry":{"type":"Point","coordinates":[72.7418,21.1141]},"properties":{"station":"VASU","name":"Surat","state":"IN","country":"IN","elevation":4.553314}},{"type":"Feature","id":"VAUD","geometry":{"type":"Point","coordinates":[73.8961,24.6177]},"properties":{"station":"VAUD","name":"Udaipur","state":"IN","country":"IN","elevation":508.43094}},{"type":"Feature","id":"VAY","geometry":{"type":"Point","coordinates":[-74.8457,39.9429]},"properties":{"station":"VAY","name":"SOUTH JERSEY REGIONAL AIRPORT","state":"NJ","country":"US","elevation":16}},{"type":"Feature","id":"VBG","geometry":{"type":"Point","coordinates":[-120.5768,34.7297]},"properties":{"station":"VBG","name":"VANDENBERG AFB","state":"CA","country":"US","elevation":112}},{"type":"Feature","id":"VBT","geometry":{"type":"Point","coordinates":[-94.2194,36.3457]},"properties":{"station":"VBT","name":"BENTONVILLE (AWOS)","state":"AR","country":"US","elevation":395}},{"type":"Feature","id":"VBW","geometry":{"type":"Point","coordinates":[-78.9603,38.3667]},"properties":{"station":"VBW","name":"Bridgewater","state":"VA","country":"US","elevation":349.1529}},{"type":"Feature","id":"VCB","geometry":{"type":"Point","coordinates":[-121.9575,38.3775]},"properties":{"station":"VCB","name":"VACAVILLE (WAS O45)","state":"CA","country":"US","elevation":34}},{"type":"Feature","id":"VCT","geometry":{"type":"Point","coordinates":[-96.9303,28.8614]},"properties":{"station":"VCT","name":"VICTORIA REGIONAL","state":"TX","country":"US","elevation":36}},{"type":"Feature","id":"VCV","geometry":{"type":"Point","coordinates":[-117.383,34.5975]},"properties":{"station":"VCV","name":"VICTORVILLE","state":"CA","country":"US","elevation":876}},{"type":"Feature","id":"VDF","geometry":{"type":"Point","coordinates":[-82.3453,28.014]},"properties":{"station":"VDF","name":"VANDENBERG AIRPORT/TAMPA","state":"FL","country":"US","elevation":7}},{"type":"Feature","id":"VDI","geometry":{"type":"Point","coordinates":[-82.37,32.19]},"properties":{"station":"VDI","name":"VIDALIA MUNI AIRPORT","state":"GA","country":"US","elevation":84}},{"type":"Feature","id":"VEAB","geometry":{"type":"Point","coordinates":[81.734,25.44]},"properties":{"station":"VEAB","name":"Allahabad Bamrauli AFS","state":"IN","country":"IN","elevation":100}},{"type":"Feature","id":"VEAH","geometry":{"type":"Point","coordinates":[83.1183,26.1533]},"properties":{"station":"VEAH","name":"Azamgarh","state":"IN","country":"IN","elevation":75}},{"type":"Feature","id":"VEAT","geometry":{"type":"Point","coordinates":[91.2404,23.887]},"properties":{"station":"VEAT","name":"Agartala","state":"IN","country":"IN","elevation":16}},{"type":"Feature","id":"VEBD","geometry":{"type":"Point","coordinates":[88.3167,26.6333]},"properties":{"station":"VEBD","name":"Baghdogra","state":"IN","country":"IN","elevation":126}},{"type":"Feature","id":"VEBI","geometry":{"type":"Point","coordinates":[91.9787,25.7036]},"properties":{"station":"VEBI","name":"Shillong","state":"IN","country":"IN","elevation":892.22144}},{"type":"Feature","id":"VEBN","geometry":{"type":"Point","coordinates":[82.8593,25.4524]},"properties":{"station":"VEBN","name":"Varanasi","state":"IN","country":"IN","elevation":83}},{"type":"Feature","id":"VEBS","geometry":{"type":"Point","coordinates":[85.8178,20.2444]},"properties":{"station":"VEBS","name":"Bhubaneswar","state":"IN","country":"IN","elevation":46}},{"type":"Feature","id":"VEBU","geometry":{"type":"Point","coordinates":[82.111,21.9883]},"properties":{"station":"VEBU","name":"Bilaspur","state":"IN","country":"IN","elevation":276.59525}},{"type":"Feature","id":"VECC","geometry":{"type":"Point","coordinates":[88.4467,22.6547]},"properties":{"station":"VECC","name":"Kolkata","state":"IN","country":"IN","elevation":6}},{"type":"Feature","id":"VECO","geometry":{"type":"Point","coordinates":[89.4672,26.3305]},"properties":{"station":"VECO","name":"Cooch-behar","state":"IN","country":"IN","elevation":46.597187}},{"type":"Feature","id":"VECT","geometry":{"type":"Point","coordinates":[80.9358,25.1677]},"properties":{"station":"VECT","name":"Chitrakoot","state":"IN","country":"IN","elevation":299}},{"type":"Feature","id":"VECX","geometry":{"type":"Point","coordinates":[92.8167,9.15]},"properties":{"station":"VECX","name":"Car Nicobar","state":"IN","country":"IN","elevation":27}},{"type":"Feature","id":"VEDG","geometry":{"type":"Point","coordinates":[86.3086,25.1453]},"properties":{"station":"VEDG","name":"Durgapur","state":"IN","country":"IN","elevation":131.99731}},{"type":"Feature","id":"VEDO","geometry":{"type":"Point","coordinates":[86.702,24.4447]},"properties":{"station":"VEDO","name":"Deoghar","state":"IN","country":"IN","elevation":242}},{"type":"Feature","id":"VEDX","geometry":{"type":"Point","coordinates":[87.2145,22.3395]},"properties":{"station":"VEDX","name":"Kalaikunda","state":"IN","country":"IN","elevation":63}},{"type":"Feature","id":"VEGK","geometry":{"type":"Point","coordinates":[83.3667,26.75]},"properties":{"station":"VEGK","name":"Gorakhpur","state":"IN","country":"IN","elevation":77}},{"type":"Feature","id":"VEGT","geometry":{"type":"Point","coordinates":[91.5859,26.1061]},"properties":{"station":"VEGT","name":"Guwahati","state":"IN","country":"IN","elevation":54}},{"type":"Feature","id":"VEGY","geometry":{"type":"Point","coordinates":[84.9512,24.7443]},"properties":{"station":"VEGY","name":"Gaya","state":"IN","country":"IN","elevation":116}},{"type":"Feature","id":"VEHO","geometry":{"type":"Point","coordinates":[93.6647,26.97]},"properties":{"station":"VEHO","name":"Hollongi","state":"IN","country":"IN","elevation":95}},{"type":"Feature","id":"VEHX","geometry":{"type":"Point","coordinates":[89.3691,26.6983]},"properties":{"station":"VEHX","name":"Hashimara","state":"IN","country":"IN","elevation":108}},{"type":"Feature","id":"VEIM","geometry":{"type":"Point","coordinates":[93.8967,24.7599]},"properties":{"station":"VEIM","name":"Imphal","state":"IN","country":"IN","elevation":781}},{"type":"Feature","id":"VEJH","geometry":{"type":"Point","coordinates":[84.0833,21.9167]},"properties":{"station":"VEJH","name":"Jharsuguda","state":"IN","country":"IN","elevation":243.30434}},{"type":"Feature","id":"VEJR","geometry":{"type":"Point","coordinates":[82.0369,19.0744]},"properties":{"station":"VEJR","name":"Jagdalpur","state":"IN","country":"IN","elevation":552.1754}},{"type":"Feature","id":"VEJS","geometry":{"type":"Point","coordinates":[86.1688,22.8132]},"properties":{"station":"VEJS","name":"Jamshedpur","state":"IN","country":"IN","elevation":151.6529}},{"type":"Feature","id":"VEJT","geometry":{"type":"Point","coordinates":[94.1755,26.7315]},"properties":{"station":"VEJT","name":"Jorhat","state":"IN","country":"IN","elevation":94.11316}},{"type":"Feature","id":"VEKI","geometry":{"type":"Point","coordinates":[83.889,26.776]},"properties":{"station":"VEKI","name":"Kushinagar","state":"IN","country":"IN","elevation":80}},{"type":"Feature","id":"VEKO","geometry":{"type":"Point","coordinates":[86.49,24.83]},"properties":{"station":"VEKO","name":"Unknown","state":"IN","country":"IN","elevation":153.02863}},{"type":"Feature","id":"VEKU","geometry":{"type":"Point","coordinates":[92.9787,24.9129]},"properties":{"station":"VEKU","name":"Silchar Kumbhigram AFS","state":"IN","country":"IN","elevation":104}},{"type":"Feature","id":"VEL","geometry":{"type":"Point","coordinates":[-109.5099,40.4409]},"properties":{"station":"VEL","name":"VERNAL","state":"UT","country":"US","elevation":1608}},{"type":"Feature","id":"VELP","geometry":{"type":"Point","coordinates":[92.6197,23.8406]},"properties":{"station":"VELP","name":"Aizwal","state":"IN","country":"IN","elevation":427.57922}},{"type":"Feature","id":"VELR","geometry":{"type":"Point","coordinates":[94.0977,27.2955]},"properties":{"station":"VELR","name":"Lilabari","state":"IN","country":"IN","elevation":100.97606}},{"type":"Feature","id":"VEMN","geometry":{"type":"Point","coordinates":[95.0169,27.4839]},"properties":{"station":"VEMN","name":"Mohanbari","state":"IN","country":"IN","elevation":111}},{"type":"Feature","id":"VEMR","geometry":{"type":"Point","coordinates":[93.7711,25.8839]},"properties":{"station":"VEMR","name":"Dimapur","state":"IN","country":"IN","elevation":147.31425}},{"type":"Feature","id":"VEPT","geometry":{"type":"Point","coordinates":[85.088,25.5913]},"properties":{"station":"VEPT","name":"Patina","state":"IN","country":"IN","elevation":60}},{"type":"Feature","id":"VEPY","geometry":{"type":"Point","coordinates":[88.587,27.228]},"properties":{"station":"VEPY","name":"Pakyong","state":"IN","country":"IN","elevation":1415}},{"type":"Feature","id":"VER","geometry":{"type":"Point","coordinates":[-92.6827,38.9467]},"properties":{"station":"VER","name":"Booneville","state":"MO","country":"US","elevation":218}},{"type":"Feature","id":"VERB","geometry":{"type":"Point","coordinates":[81.3667,26.25]},"properties":{"station":"VERB","name":"Fursatganj","state":"IN","country":"IN","elevation":113.50306}},{"type":"Feature","id":"VERC","geometry":{"type":"Point","coordinates":[85.3217,23.3143]},"properties":{"station":"VERC","name":"Ranchi","state":"IN","country":"IN","elevation":652}},{"type":"Feature","id":"VERK","geometry":{"type":"Point","coordinates":[84.816,22.256]},"properties":{"station":"VERK","name":"Rourkela","state":"IN","country":"IN","elevation":205}},{"type":"Feature","id":"VERP","geometry":{"type":"Point","coordinates":[81.7385,21.1811]},"properties":{"station":"VERP","name":"Raipur","state":"IN","country":"IN","elevation":316.03088}},{"type":"Feature","id":"VERU","geometry":{"type":"Point","coordinates":[89.91,26.14]},"properties":{"station":"VERU","name":"Rupsi","state":"IN","country":"IN","elevation":44}},{"type":"Feature","id":"VERW","geometry":{"type":"Point","coordinates":[81.223,24.5035]},"properties":{"station":"VERW","name":"Rewa","state":"IN","country":"IN","elevation":327}},{"type":"Feature","id":"VES","geometry":{"type":"Point","coordinates":[-84.5319,40.2044]},"properties":{"station":"VES","name":"Versailles","state":"OH","country":"US","elevation":306.9}},{"type":"Feature","id":"VETJ","geometry":{"type":"Point","coordinates":[96.134,27.941]},"properties":{"station":"VETJ","name":"Tezu","state":"IN","country":"IN","elevation":224}},{"type":"Feature","id":"VETZ","geometry":{"type":"Point","coordinates":[92.7847,26.7091]},"properties":{"station":"VETZ","name":"Tezpur","state":"IN","country":"IN","elevation":81.88069}},{"type":"Feature","id":"VGC","geometry":{"type":"Point","coordinates":[-75.5612,42.8434]},"properties":{"station":"VGC","name":"Hamilton","state":"NY","country":"US","elevation":342.82568}},{"type":"Feature","id":"VGN","geometry":{"type":"Point","coordinates":[-120.5996,34.8495]},"properties":{"station":"VGN","name":"Vandenberg Space Force North","state":"CA","country":"US","elevation":34}},{"type":"Feature","id":"VGT","geometry":{"type":"Point","coordinates":[-115.1933,36.2111]},"properties":{"station":"VGT","name":"North Las Vegas","state":"NV","country":"US","elevation":667}},{"type":"Feature","id":"VHN","geometry":{"type":"Point","coordinates":[-104.7838,31.0578]},"properties":{"station":"VHN","name":"Van Horn","state":"TX","country":"US","elevation":1200.1992}},{"type":"Feature","id":"VIAG","geometry":{"type":"Point","coordinates":[77.9609,27.1558]},"properties":{"station":"VIAG","name":"Agra","state":"IN","country":"IN","elevation":169}},{"type":"Feature","id":"VIAR","geometry":{"type":"Point","coordinates":[74.8667,31.6333]},"properties":{"station":"VIAR","name":"Amritsar","state":"IN","country":"IN","elevation":234}},{"type":"Feature","id":"VIBR","geometry":{"type":"Point","coordinates":[77.1667,31.8333]},"properties":{"station":"VIBR","name":"Kulu","state":"IN","country":"IN","elevation":1080.6855}},{"type":"Feature","id":"VIBY","geometry":{"type":"Point","coordinates":[79.4,28.3667]},"properties":{"station":"VIBY","name":"Bareilly","state":"IN","country":"IN","elevation":173}},{"type":"Feature","id":"VICG","geometry":{"type":"Point","coordinates":[76.7893,30.6766]},"properties":{"station":"VICG","name":"Chandigarh","state":"IN","country":"IN","elevation":316.4138}},{"type":"Feature","id":"VIDD","geometry":{"type":"Point","coordinates":[77.2107,28.5833]},"properties":{"station":"VIDD","name":"Delhi","state":"IN","country":"IN","elevation":215.1913}},{"type":"Feature","id":"VIDN","geometry":{"type":"Point","coordinates":[78.1803,30.1897]},"properties":{"station":"VIDN","name":"Dehra Dun","state":"IN","country":"IN","elevation":547.8724}},{"type":"Feature","id":"VIDP","geometry":{"type":"Point","coordinates":[77.1167,28.5667]},"properties":{"station":"VIDP","name":"Delhi","state":"IN","country":"IN","elevation":233}},{"type":"Feature","id":"VIGG","geometry":{"type":"Point","coordinates":[76.2634,32.1651]},"properties":{"station":"VIGG","name":"Kangra","state":"IN","country":"IN","elevation":762.19714}},{"type":"Feature","id":"VIGR","geometry":{"type":"Point","coordinates":[78.25,26.2333]},"properties":{"station":"VIGR","name":"Gwalior","state":"IN","country":"IN","elevation":207}},{"type":"Feature","id":"VIH","geometry":{"type":"Point","coordinates":[-91.77,38.13]},"properties":{"station":"VIH","name":"VICHY/ROLLA","state":"MO","country":"US","elevation":333}},{"type":"Feature","id":"VIJO","geometry":{"type":"Point","coordinates":[73.0167,26.3]},"properties":{"station":"VIJO","name":"Jodhpur","state":"IN","country":"IN","elevation":294.22726}},{"type":"Feature","id":"VIJP","geometry":{"type":"Point","coordinates":[75.8122,26.8242]},"properties":{"station":"VIJP","name":"Jaipur","state":"IN","country":"IN","elevation":390}},{"type":"Feature","id":"VIJR","geometry":{"type":"Point","coordinates":[70.865,26.8887]},"properties":{"station":"VIJR","name":"Jaisalmer","state":"IN","country":"IN","elevation":234}},{"type":"Feature","id":"VIJU","geometry":{"type":"Point","coordinates":[74.8374,32.6891]},"properties":{"station":"VIJU","name":"Jammu","state":"IN","country":"IN","elevation":288.39224}},{"type":"Feature","id":"VIKG","geometry":{"type":"Point","coordinates":[74.8142,26.6014]},"properties":{"station":"VIKG","name":"Kishangarh","state":"IN","country":"IN","elevation":440.9202}},{"type":"Feature","id":"VIKO","geometry":{"type":"Point","coordinates":[75.8456,25.1602]},"properties":{"station":"VIKO","name":"Kota","state":"IN","country":"IN","elevation":285.65063}},{"type":"Feature","id":"VILD","geometry":{"type":"Point","coordinates":[75.9526,30.8547]},"properties":{"station":"VILD","name":"Ludhiaha","state":"IN","country":"IN","elevation":255.66008}},{"type":"Feature","id":"VILH","geometry":{"type":"Point","coordinates":[77.5465,34.1359]},"properties":{"station":"VILH","name":"Leh","state":"IN","country":"IN","elevation":3257.7793}},{"type":"Feature","id":"VILK","geometry":{"type":"Point","coordinates":[80.8893,26.7606]},"properties":{"station":"VILK","name":"Lucknow","state":"IN","country":"IN","elevation":128}},{"type":"Feature","id":"VIPT","geometry":{"type":"Point","coordinates":[79.4737,29.0334]},"properties":{"station":"VIPT","name":"Nainital","state":"IN","country":"IN","elevation":238}},{"type":"Feature","id":"VIS","geometry":{"type":"Point","coordinates":[-119.3929,36.3187]},"properties":{"station":"VIS","name":"VISALIA MUNI (AWOS)","state":"CA","country":"US","elevation":89}},{"type":"Feature","id":"VISM","geometry":{"type":"Point","coordinates":[77.068,31.0818]},"properties":{"station":"VISM","name":"Shimla","state":"IN","country":"IN","elevation":1535.4886}},{"type":"Feature","id":"VISP","geometry":{"type":"Point","coordinates":[77.4253,29.9939]},"properties":{"station":"VISP","name":"Saharanpur Sarsawa AFS","state":"IN","country":"IN","elevation":273}},{"type":"Feature","id":"VISR","geometry":{"type":"Point","coordinates":[74.7742,33.9871]},"properties":{"station":"VISR","name":"Srinagar","state":"IN","country":"IN","elevation":1666}},{"type":"Feature","id":"VITE","geometry":{"type":"Point","coordinates":[77.3757,34.6526]},"properties":{"station":"VITE","name":"Thoise","state":"IN","country":"IN","elevation":3065.1782}},{"type":"Feature","id":"VIUT","geometry":{"type":"Point","coordinates":[71.4823,25.813]},"properties":{"station":"VIUT","name":"Uttarlai ","state":"IN","country":"IN","elevation":153}},{"type":"Feature","id":"VJI","geometry":{"type":"Point","coordinates":[-82.0333,36.6871]},"properties":{"station":"VJI","name":"Abingdon","state":"VA","country":"US","elevation":631}},{"type":"Feature","id":"VKS","geometry":{"type":"Point","coordinates":[-90.9282,32.2391]},"properties":{"station":"VKS","name":"Vicksburg","state":"MS","country":"US","elevation":30.116438}},{"type":"Feature","id":"VLD","geometry":{"type":"Point","coordinates":[-83.2767,30.7825]},"properties":{"station":"VLD","name":"VALDOSTA REGIONAL","state":"GA","country":"US","elevation":62}},{"type":"Feature","id":"VLL","geometry":{"type":"Point","coordinates":[-83.1779,42.5429]},"properties":{"station":"VLL","name":"Troy","state":"MI","country":"US","elevation":222}},{"type":"Feature","id":"VMR","geometry":{"type":"Point","coordinates":[-96.9343,42.7653]},"properties":{"station":"VMR","name":"Vermillion","state":"SD","country":"US","elevation":349}},{"type":"Feature","id":"VNC","geometry":{"type":"Point","coordinates":[-82.4403,27.0716]},"properties":{"station":"VNC","name":"Venice","state":"FL","country":"US","elevation":6}},{"type":"Feature","id":"VNW","geometry":{"type":"Point","coordinates":[-84.613,40.8633]},"properties":{"station":"VNW","name":"Van Wert County","state":"OH","country":"US","elevation":236.5094}},{"type":"Feature","id":"VNY","geometry":{"type":"Point","coordinates":[-118.4892,34.2097]},"properties":{"station":"VNY","name":"VAN NUYS AIRPORT","state":"CA","country":"US","elevation":244}},{"type":"Feature","id":"VOA","geometry":{"type":"Point","coordinates":[-87.781,29.229]},"properties":{"station":"VOA","name":"Viosca Knoll","state":"LA","country":"US","elevation":0}},{"type":"Feature","id":"VOAR","geometry":{"type":"Point","coordinates":[79.691,13.071]},"properties":{"station":"VOAR","name":"Arkonam","state":"IN","country":"IN","elevation":80}},{"type":"Feature","id":"VOAT","geometry":{"type":"Point","coordinates":[72.176,10.8237]},"properties":{"station":"VOAT","name":"Agatti Island","state":"IN","country":"IN","elevation":-2}},{"type":"Feature","id":"VOBG","geometry":{"type":"Point","coordinates":[77.663,12.949]},"properties":{"station":"VOBG","name":"Bangalore","state":"IN","country":"IN","elevation":897}},{"type":"Feature","id":"VOBL","geometry":{"type":"Point","coordinates":[77.7063,13.1979]},"properties":{"station":"VOBL","name":"Bangalore","state":"IN","country":"IN","elevation":915}},{"type":"Feature","id":"VOBM","geometry":{"type":"Point","coordinates":[74.6178,15.8586]},"properties":{"station":"VOBM","name":"Belgaum","state":"IN","country":"IN","elevation":757.2568}},{"type":"Feature","id":"VOBZ","geometry":{"type":"Point","coordinates":[80.7969,16.5304]},"properties":{"station":"VOBZ","name":"Vijayawada","state":"IN","country":"IN","elevation":24}},{"type":"Feature","id":"VOCB","geometry":{"type":"Point","coordinates":[77.0434,11.03]},"properties":{"station":"VOCB","name":"Coimbatore","state":"IN","country":"IN","elevation":399}},{"type":"Feature","id":"VOCC","geometry":{"type":"Point","coordinates":[76.275,9.941]},"properties":{"station":"VOCC","name":"Kochi Naval","state":"IN","country":"IN","elevation":1}},{"type":"Feature","id":"VOCI","geometry":{"type":"Point","coordinates":[76.4,10.15]},"properties":{"station":"VOCI","name":"Kochi","state":"IN","country":"IN","elevation":8}},{"type":"Feature","id":"VOCL","geometry":{"type":"Point","coordinates":[75.9553,11.1368]},"properties":{"station":"VOCL","name":"Calicut","state":"IN","country":"IN","elevation":104}},{"type":"Feature","id":"VOCP","geometry":{"type":"Point","coordinates":[78.7728,14.51]},"properties":{"station":"VOCP","name":"Cuddapah","state":"IN","country":"IN","elevation":135.50027}},{"type":"Feature","id":"VOGA","geometry":{"type":"Point","coordinates":[73.8631,15.7302]},"properties":{"station":"VOGA","name":"Mopa","state":"IN","country":"IN","elevation":160}},{"type":"Feature","id":"VOGB","geometry":{"type":"Point","coordinates":[76.85,17.35]},"properties":{"station":"VOGB","name":"Gulbarga","state":"IN","country":"IN","elevation":473.25098}},{"type":"Feature","id":"VOGO","geometry":{"type":"Point","coordinates":[73.8271,15.3808]},"properties":{"station":"VOGO","name":"Goa/dabolim","state":"IN","country":"IN","elevation":48.659813}},{"type":"Feature","id":"VOHB","geometry":{"type":"Point","coordinates":[75.0844,15.3619]},"properties":{"station":"VOHB","name":"Hubli","state":"IN","country":"IN","elevation":664.3002}},{"type":"Feature","id":"VOHS","geometry":{"type":"Point","coordinates":[78.4289,17.2406]},"properties":{"station":"VOHS","name":"Hyderabad","state":"IN","country":"IN","elevation":1}},{"type":"Feature","id":"VOHY","geometry":{"type":"Point","coordinates":[78.4676,17.4531]},"properties":{"station":"VOHY","name":"Hyderabad","state":"IN","country":"IN","elevation":545}},{"type":"Feature","id":"VOJV","geometry":{"type":"Point","coordinates":[76.635,15.175]},"properties":{"station":"VOJV","name":"Jindal Vijayanagar","state":"IN","country":"IN","elevation":507}},{"type":"Feature","id":"VOK","geometry":{"type":"Point","coordinates":[-90.2532,43.9392]},"properties":{"station":"VOK","name":"VOLK/CAMP DOUGLA","state":"WI","country":"US","elevation":279}},{"type":"Feature","id":"VOKN","geometry":{"type":"Point","coordinates":[75.55,11.92]},"properties":{"station":"VOKN","name":"Kannur","state":"IN","country":"IN","elevation":111.40661}},{"type":"Feature","id":"VOKU","geometry":{"type":"Point","coordinates":[78.1692,15.7163]},"properties":{"station":"VOKU","name":"Kurnool","state":"IN","country":"IN","elevation":337.01907}},{"type":"Feature","id":"VOMD","geometry":{"type":"Point","coordinates":[78.0934,9.8345]},"properties":{"station":"VOMD","name":"Madurai","state":"IN","country":"IN","elevation":134.67682}},{"type":"Feature","id":"VOML","geometry":{"type":"Point","coordinates":[74.8898,12.962]},"properties":{"station":"VOML","name":"Mangalore","state":"IN","country":"IN","elevation":98}},{"type":"Feature","id":"VOMM","geometry":{"type":"Point","coordinates":[80.1805,12.9944]},"properties":{"station":"VOMM","name":"Madras","state":"IN","country":"IN","elevation":16}},{"type":"Feature","id":"VOMY","geometry":{"type":"Point","coordinates":[76.7,12.3]},"properties":{"station":"VOMY","name":"Mysore","state":"IN","country":"IN","elevation":776.736}},{"type":"Feature","id":"VOND","geometry":{"type":"Point","coordinates":[77.3225,19.181]},"properties":{"station":"VOND","name":"Nanded","state":"IN","country":"IN","elevation":375.19363}},{"type":"Feature","id":"VOPB","geometry":{"type":"Point","coordinates":[92.7297,11.6412]},"properties":{"station":"VOPB","name":"Port Blair","state":"IN","country":"IN","elevation":1.8823639}},{"type":"Feature","id":"VOPC","geometry":{"type":"Point","coordinates":[79.8101,11.9687]},"properties":{"station":"VOPC","name":"Pendicherry","state":"IN","country":"IN","elevation":40.975098}},{"type":"Feature","id":"VORY","geometry":{"type":"Point","coordinates":[81.8182,17.1104]},"properties":{"station":"VORY","name":"Rajahmundry","state":"IN","country":"IN","elevation":47.53958}},{"type":"Feature","id":"VOSH","geometry":{"type":"Point","coordinates":[78.4319,17.23]},"properties":{"station":"VOSH","name":"Hyderabad - Rajiv Gandhi","state":"IN","country":"IN","elevation":612}},{"type":"Feature","id":"VOSM","geometry":{"type":"Point","coordinates":[78.0656,11.7833]},"properties":{"station":"VOSM","name":"Salem","state":"IN","country":"IN","elevation":301.815}},{"type":"Feature","id":"VOSR","geometry":{"type":"Point","coordinates":[73.5333,16]},"properties":{"station":"VOSR","name":"Sindhudurg","state":"IN","country":"IN","elevation":59.710327}},{"type":"Feature","id":"VOTJ","geometry":{"type":"Point","coordinates":[79.1015,10.7225]},"properties":{"station":"VOTJ","name":"Thanjavur","state":"IN","country":"IN","elevation":75}},{"type":"Feature","id":"VOTK","geometry":{"type":"Point","coordinates":[78.0262,8.7223]},"properties":{"station":"VOTK","name":"Tuticorin","state":"IN","country":"IN","elevation":26.929152}},{"type":"Feature","id":"VOTP","geometry":{"type":"Point","coordinates":[79.5433,13.6325]},"properties":{"station":"VOTP","name":"Tirupeti","state":"IN","country":"IN","elevation":104.66226}},{"type":"Feature","id":"VOTR","geometry":{"type":"Point","coordinates":[78.7097,10.7654]},"properties":{"station":"VOTR","name":"Tiruchirappalli","state":"IN","country":"IN","elevation":88}},{"type":"Feature","id":"VOTV","geometry":{"type":"Point","coordinates":[76.95,8.4667]},"properties":{"station":"VOTV","name":"Trivandrum","state":"IN","country":"IN","elevation":8}},{"type":"Feature","id":"VOVZ","geometry":{"type":"Point","coordinates":[83.2228,17.7222]},"properties":{"station":"VOVZ","name":"Vizagapatam","state":"IN","country":"IN","elevation":8.4144}},{"type":"Feature","id":"VPC","geometry":{"type":"Point","coordinates":[-84.8487,34.1232]},"properties":{"station":"VPC","name":"CARTERSVILLE AIRPORT","state":"GA","country":"US","elevation":233}},{"type":"Feature","id":"VPS","geometry":{"type":"Point","coordinates":[-86.5254,30.4833]},"properties":{"station":"VPS","name":"EGLIN AFB/VALPARAIS","state":"FL","country":"US","elevation":26}},{"type":"Feature","id":"VPZ","geometry":{"type":"Point","coordinates":[-87.0071,41.454]},"properties":{"station":"VPZ","name":"VALPARAISO","state":"IN","country":"US","elevation":231}},{"type":"Feature","id":"VQQ","geometry":{"type":"Point","coordinates":[-81.8767,30.2187]},"properties":{"station":"VQQ","name":"Jacksonville - Cecil Field","state":"FL","country":"US","elevation":24.7}},{"type":"Feature","id":"VRB","geometry":{"type":"Point","coordinates":[-80.4179,27.6556]},"properties":{"station":"VRB","name":"Vero Beach","state":"FL","country":"US","elevation":8}},{"type":"Feature","id":"VSF","geometry":{"type":"Point","coordinates":[-72.5173,43.3436]},"properties":{"station":"VSF","name":"SPRINGFIELD/HARTNES","state":"VT","country":"US","elevation":176}},{"type":"Feature","id":"VTA","geometry":{"type":"Point","coordinates":[-82.4618,40.0247]},"properties":{"station":"VTA","name":"NEWARK","state":"OH","country":"US","elevation":268}},{"type":"Feature","id":"VTI","geometry":{"type":"Point","coordinates":[-92.0248,42.2176]},"properties":{"station":"VTI","name":"VINTON","state":"IA","country":"US","elevation":255}},{"type":"Feature","id":"VTN","geometry":{"type":"Point","coordinates":[-100.5489,42.8567]},"properties":{"station":"VTN","name":"VALENTINE","state":"NE","country":"US","elevation":789.2385}},{"type":"Feature","id":"VTP","geometry":{"type":"Point","coordinates":[-105.1668,37.5007]},"properties":{"station":"VTP","name":"LA VETA PASS (CDOT)","state":"CO","country":"US","elevation":3114}},{"type":"Feature","id":"VUJ","geometry":{"type":"Point","coordinates":[-80.1508,35.4167]},"properties":{"station":"VUJ","name":"ALBEMARLE","state":"NC","country":"US","elevation":186}},{"type":"Feature","id":"VUO","geometry":{"type":"Point","coordinates":[-122.6565,45.6204]},"properties":{"station":"VUO","name":"PEARSON AIRPARK  VANCOUVER","state":"WA","country":"US","elevation":8}},{"type":"Feature","id":"VVS","geometry":{"type":"Point","coordinates":[-79.6575,39.9581]},"properties":{"station":"VVS","name":"Connellsville","state":"PA","country":"US","elevation":372.71487}},{"type":"Feature","id":"VVV","geometry":{"type":"Point","coordinates":[-96.4244,45.3057]},"properties":{"station":"VVV","name":"ORTONVILLE","state":"MN","country":"US","elevation":335}},{"type":"Feature","id":"VWU","geometry":{"type":"Point","coordinates":[-94.5167,48.1539]},"properties":{"station":"VWU","name":"WASKISH MUNI","state":"MN","country":"US","elevation":360}},{"type":"Feature","id":"VYS","geometry":{"type":"Point","coordinates":[-89.1531,41.3519]},"properties":{"station":"VYS","name":"PERU","state":"IL","country":"US","elevation":199}},{"type":"Feature","id":"W13","geometry":{"type":"Point","coordinates":[-78.9444,38.0769]},"properties":{"station":"W13","name":"Waynesboro","state":"VA","country":"US","elevation":430.88046}},{"type":"Feature","id":"W22","geometry":{"type":"Point","coordinates":[-80.2737,39.0005]},"properties":{"station":"W22","name":"BUCKHANNON","state":"WV","country":"US","elevation":498}},{"type":"Feature","id":"W29","geometry":{"type":"Point","coordinates":[-76.3296,38.9764]},"properties":{"station":"W29","name":"Stevensville","state":"MD","country":"US","elevation":5}},{"type":"Feature","id":"W31","geometry":{"type":"Point","coordinates":[-78.185,36.9601]},"properties":{"station":"W31","name":"Kenbridge","state":"VA","country":"US","elevation":156.77553}},{"type":"Feature","id":"W40","geometry":{"type":"Point","coordinates":[-78.0375,35.2225]},"properties":{"station":"W40","name":"Mount Olive","state":"NC","country":"US","elevation":51}},{"type":"Feature","id":"W43","geometry":{"type":"Point","coordinates":[-104.5678,44.6629]},"properties":{"station":"W43","name":"Hulett","state":"WY","country":"US","elevation":1280.641}},{"type":"Feature","id":"W63","geometry":{"type":"Point","coordinates":[-78.5601,36.5958]},"properties":{"station":"W63","name":"Clarksville / Marks","state":"VA","country":"US","elevation":115.03276}},{"type":"Feature","id":"W75","geometry":{"type":"Point","coordinates":[-76.4467,37.6024]},"properties":{"station":"W75","name":"Saluda Hummel Field","state":"VA","country":"US","elevation":10.814652}},{"type":"Feature","id":"W78","geometry":{"type":"Point","coordinates":[-78.848,36.71]},"properties":{"station":"W78","name":"South Boston","state":"VA","country":"US","elevation":115.141014}},{"type":"Feature","id":"W81","geometry":{"type":"Point","coordinates":[-78.0983,37.181]},"properties":{"station":"W81","name":"Crewe","state":"VA","country":"US","elevation":119.94983}},{"type":"Feature","id":"W96","geometry":{"type":"Point","coordinates":[-77.1255,37.5032]},"properties":{"station":"W96","name":"Quinton","state":"VA","country":"US","elevation":34.549}},{"type":"Feature","id":"W99","geometry":{"type":"Point","coordinates":[-79.1459,38.9949]},"properties":{"station":"W99","name":"GRANT_COUNTY_AIRPORT","state":"WV","country":"US","elevation":293}},{"type":"Feature","id":"WAL","geometry":{"type":"Point","coordinates":[-75.4631,37.9406]},"properties":{"station":"WAL","name":"WALLOPS ISLAND STN","state":"VA","country":"US","elevation":41}},{"type":"Feature","id":"WBF","geometry":{"type":"Point","coordinates":[-90.5,26.93]},"properties":{"station":"WBF","name":"Block WR29","state":"LA","country":"US","elevation":0}},{"type":"Feature","id":"WDG","geometry":{"type":"Point","coordinates":[-97.7911,36.3792]},"properties":{"station":"WDG","name":"ENID/WOODRING MUNI","state":"OK","country":"US","elevation":356}},{"type":"Feature","id":"WDR","geometry":{"type":"Point","coordinates":[-83.6674,33.9829]},"properties":{"station":"WDR","name":"WINDER","state":"GA","country":"US","elevation":287}},{"type":"Feature","id":"WHP","geometry":{"type":"Point","coordinates":[-118.4134,34.2593]},"properties":{"station":"WHP","name":"LA / WHITEMAN","state":"CA","country":"US","elevation":306}},{"type":"Feature","id":"WJF","geometry":{"type":"Point","coordinates":[-118.2186,34.7411]},"properties":{"station":"WJF","name":"LANCASTER/FOX FIELD","state":"CA","country":"US","elevation":715}},{"type":"Feature","id":"WLD","geometry":{"type":"Point","coordinates":[-97.0369,37.1681]},"properties":{"station":"WLD","name":"WINFIELD","state":"KS","country":"US","elevation":351}},{"type":"Feature","id":"WMC","geometry":{"type":"Point","coordinates":[-117.8072,40.9019]},"properties":{"station":"WMC","name":"WINNEMUCCA MUNI","state":"NV","country":"US","elevation":1315}},{"type":"Feature","id":"WRB","geometry":{"type":"Point","coordinates":[-83.5918,32.6401]},"properties":{"station":"WRB","name":"WARNER ROBINS AFB","state":"GA","country":"US","elevation":90}},{"type":"Feature","id":"WRI","geometry":{"type":"Point","coordinates":[-74.5917,40.0156]},"properties":{"station":"WRI","name":"MCGUIRE AFB","state":"NJ","country":"US","elevation":41}},{"type":"Feature","id":"WRL","geometry":{"type":"Point","coordinates":[-107.9508,43.9657]},"properties":{"station":"WRL","name":"WORLAND MUNICIPAL","state":"WY","country":"US","elevation":1294}},{"type":"Feature","id":"WST","geometry":{"type":"Point","coordinates":[-71.7989,41.3497]},"properties":{"station":"WST","name":"Westerly","state":"RI","country":"US","elevation":24}},{"type":"Feature","id":"WVI","geometry":{"type":"Point","coordinates":[-121.79,36.9394]},"properties":{"station":"WVI","name":"Watsonville","state":"CA","country":"US","elevation":49.7}},{"type":"Feature","id":"WVL","geometry":{"type":"Point","coordinates":[-69.6755,44.5333]},"properties":{"station":"WVL","name":"WATERVILLE (AWOS)","state":"ME","country":"US","elevation":101}},{"type":"Feature","id":"WWD","geometry":{"type":"Point","coordinates":[-74.9083,39.0085]},"properties":{"station":"WWD","name":"WILDWOOD(AWOS)","state":"NJ","country":"US","elevation":7}},{"type":"Feature","id":"WWR","geometry":{"type":"Point","coordinates":[-99.5227,36.438]},"properties":{"station":"WWR","name":"WEST WOODWARD","state":"OK","country":"US","elevation":667}},{"type":"Feature","id":"WYS","geometry":{"type":"Point","coordinates":[-111.1176,44.6884]},"properties":{"station":"WYS","name":"West Yellowstone","state":"MT","country":"US","elevation":2026.6}},{"type":"Feature","id":"X21","geometry":{"type":"Point","coordinates":[-80.8354,28.6226]},"properties":{"station":"X21","name":"Titusville","state":"FL","country":"US","elevation":9}},{"type":"Feature","id":"X26","geometry":{"type":"Point","coordinates":[-80.4959,27.8126]},"properties":{"station":"X26","name":"Valkaria AFS","state":"FL","country":"US","elevation":9.411048}},{"type":"Feature","id":"X59","geometry":{"type":"Point","coordinates":[-80.558,27.9608]},"properties":{"station":"X59","name":"Valkaria","state":"FL","country":"US","elevation":7}},{"type":"Feature","id":"X60","geometry":{"type":"Point","coordinates":[-82.4719,29.3557]},"properties":{"station":"X60","name":"Williston","state":"FL","country":"US","elevation":25.33709}},{"type":"Feature","id":"XBP","geometry":{"type":"Point","coordinates":[-97.8284,33.1753]},"properties":{"station":"XBP","name":"Bridgeport","state":"TX","country":"US","elevation":259.7}},{"type":"Feature","id":"XER","geometry":{"type":"Point","coordinates":[-90.9969,27.946]},"properties":{"station":"XER","name":"Green Canyon 19","state":"LA","country":"US","elevation":0}},{"type":"Feature","id":"XIF","geometry":{"type":"Point","coordinates":[-77.43,39.729]},"properties":{"station":"XIF","name":"Liberty - Raven Rock","state":"PA","country":"US","elevation":347.64053}},{"type":"Feature","id":"XLL","geometry":{"type":"Point","coordinates":[-75.4883,40.5703]},"properties":{"station":"XLL","name":"Allentown","state":"PA","country":"US","elevation":122}},{"type":"Feature","id":"XMR","geometry":{"type":"Point","coordinates":[-80.5668,28.4677]},"properties":{"station":"XMR","name":"Cape Canaveral","state":"FL","country":"US","elevation":3}},{"type":"Feature","id":"XNA","geometry":{"type":"Point","coordinates":[-94.307,36.282]},"properties":{"station":"XNA","name":"NORTHWEST ARKANSAS REGIONAL APT","state":"AR","country":"US","elevation":392}},{"type":"Feature","id":"XNI","geometry":{"type":"Point","coordinates":[-108.93,35.0606]},"properties":{"station":"XNI","name":"Zuni","state":"NM","country":"US","elevation":1940}},{"type":"Feature","id":"XNO","geometry":{"type":"Point","coordinates":[-81.0701,33.6117]},"properties":{"station":"XNO","name":"North Air Force","state":"SC","country":"US","elevation":91.32398}},{"type":"Feature","id":"XNX","geometry":{"type":"Point","coordinates":[-86.4084,36.3751]},"properties":{"station":"XNX","name":"Sumner","state":"TN","country":"US","elevation":167.91992}},{"type":"Feature","id":"XSA","geometry":{"type":"Point","coordinates":[-76.8941,37.8596]},"properties":{"station":"XSA","name":"Tappahannock","state":"VA","country":"US","elevation":41.1}},{"type":"Feature","id":"XVG","geometry":{"type":"Point","coordinates":[-94.2039,46.99]},"properties":{"station":"XVG","name":"LONGVILLE","state":"MN","country":"US","elevation":407}},{"type":"Feature","id":"XWA","geometry":{"type":"Point","coordinates":[-103.7505,48.2597]},"properties":{"station":"XWA","name":"Williston Basin","state":"ND","country":"US","elevation":710.85144}},{"type":"Feature","id":"Y19","geometry":{"type":"Point","coordinates":[-100.8944,46.768]},"properties":{"station":"Y19","name":"Mandam","state":"ND","country":"US","elevation":592}},{"type":"Feature","id":"Y23","geometry":{"type":"Point","coordinates":[-91.6381,45.3106]},"properties":{"station":"Y23","name":"Chetek","state":"WI","country":"US","elevation":316.78214}},{"type":"Feature","id":"Y31","geometry":{"type":"Point","coordinates":[-84.1798,44.2448]},"properties":{"station":"Y31","name":"West Branch","state":"MI","country":"US","elevation":261.81284}},{"type":"Feature","id":"Y49","geometry":{"type":"Point","coordinates":[-94.6453,47.1595]},"properties":{"station":"Y49","name":"Walker","state":"MN","country":"US","elevation":410.99466}},{"type":"Feature","id":"Y50","geometry":{"type":"Point","coordinates":[-89.3045,44.0416]},"properties":{"station":"Y50","name":"Wautoma","state":"WI","country":"US","elevation":261.8}},{"type":"Feature","id":"Y51","geometry":{"type":"Point","coordinates":[-90.8965,43.5794]},"properties":{"station":"Y51","name":"Viroqua","state":"WI","country":"US","elevation":391}},{"type":"Feature","id":"Y63","geometry":{"type":"Point","coordinates":[-95.992,45.9861]},"properties":{"station":"Y63","name":"Elbow Lake","state":"MN","country":"US","elevation":367}},{"type":"Feature","id":"Y70","geometry":{"type":"Point","coordinates":[-85.0606,42.938]},"properties":{"station":"Y70","name":"Ionia","state":"MI","country":"US","elevation":249.3}},{"type":"Feature","id":"YAMB","geometry":{"type":"Point","coordinates":[152.7111,-27.6297]},"properties":{"station":"YAMB","name":"Amberley","state":"AU","country":"AU","elevation":28}},{"type":"Feature","id":"YAYE","geometry":{"type":"Point","coordinates":[130.976,-25.1861]},"properties":{"station":"YAYE","name":"Uluru","state":"AU","country":"AU","elevation":496.50107}},{"type":"Feature","id":"YBAS","geometry":{"type":"Point","coordinates":[133.889,-23.7951]},"properties":{"station":"YBAS","name":"Alice Springs","state":"AU","country":"AU","elevation":541}},{"type":"Feature","id":"YBBN","geometry":{"type":"Point","coordinates":[153.1292,-27.3917]},"properties":{"station":"YBBN","name":"Brisbane","state":"AU","country":"AU","elevation":5}},{"type":"Feature","id":"YBCG","geometry":{"type":"Point","coordinates":[153.5053,-28.1681]},"properties":{"station":"YBCG","name":"Coolangatta","state":"AU","country":"AU","elevation":6}},{"type":"Feature","id":"YBCS","geometry":{"type":"Point","coordinates":[145.7458,-16.8736]},"properties":{"station":"YBCS","name":"Cairns","state":"AU","country":"AU","elevation":7}},{"type":"Feature","id":"YBHM","geometry":{"type":"Point","coordinates":[148.9517,-20.3581]},"properties":{"station":"YBHM","name":"Hamilton Island","state":"AU","country":"AU","elevation":5}},{"type":"Feature","id":"YBLN","geometry":{"type":"Point","coordinates":[115.4,-33.687]},"properties":{"station":"YBLN","name":"Busselton","state":"AU","country":"AU","elevation":17}},{"type":"Feature","id":"YBMA","geometry":{"type":"Point","coordinates":[139.4875,-20.6778]},"properties":{"station":"YBMA","name":"Mount Isa","state":"AU","country":"AU","elevation":344}},{"type":"Feature","id":"YBMK","geometry":{"type":"Point","coordinates":[149.2169,-21.1172]},"properties":{"station":"YBMK","name":"Mackay","state":"AU","country":"AU","elevation":28.180777}},{"type":"Feature","id":"YBNA","geometry":{"type":"Point","coordinates":[153.5585,-28.8353]},"properties":{"station":"YBNA","name":"Ballina Byron Bay","state":"AU","country":"AU","elevation":4.0701337}},{"type":"Feature","id":"YBPN","geometry":{"type":"Point","coordinates":[148.555,-20.4925]},"properties":{"station":"YBPN","name":"Prosserpine","state":"AU","country":"AU","elevation":20.765924}},{"type":"Feature","id":"YBRK","geometry":{"type":"Point","coordinates":[150.4775,-23.3753]},"properties":{"station":"YBRK","name":"Rockhampton","state":"AU","country":"AU","elevation":14}},{"type":"Feature","id":"YBRM","geometry":{"type":"Point","coordinates":[122.2353,-17.9475]},"properties":{"station":"YBRM","name":"Broome","state":"AU","country":"AU","elevation":9}},{"type":"Feature","id":"YBSU","geometry":{"type":"Point","coordinates":[153.0917,-26.6033]},"properties":{"station":"YBSU","name":"Sunshine Coast","state":"AU","country":"AU","elevation":3}},{"type":"Feature","id":"YBTL","geometry":{"type":"Point","coordinates":[146.7661,-19.2483]},"properties":{"station":"YBTL","name":"Townsville","state":"AU","country":"AU","elevation":6}},{"type":"Feature","id":"YBWW","geometry":{"type":"Point","coordinates":[151.7933,-27.5583]},"properties":{"station":"YBWW","name":"Toowoomba Wellcamp","state":"AU","country":"AU","elevation":438.33002}},{"type":"Feature","id":"YCFS","geometry":{"type":"Point","coordinates":[153.1187,-30.3107]},"properties":{"station":"YCFS","name":"COFFS HARBOUR","state":"AU","country":"AU","elevation":5}},{"type":"Feature","id":"YCIN","geometry":{"type":"Point","coordinates":[123.8283,-17.5814]},"properties":{"station":"YCIN","name":"Derby","state":"AU","country":"AU","elevation":91}},{"type":"Feature","id":"YESP","geometry":{"type":"Point","coordinates":[121.823,-33.6844]},"properties":{"station":"YESP","name":"Esperance","state":"AU","country":"AU","elevation":137.26839}},{"type":"Feature","id":"YFRT","geometry":{"type":"Point","coordinates":[128.115,-30.8381]},"properties":{"station":"YFRT","name":"Forrest","state":"AU","country":"AU","elevation":156}},{"type":"Feature","id":"YGEL","geometry":{"type":"Point","coordinates":[114.6975,-28.7953]},"properties":{"station":"YGEL","name":"Geraldton","state":"AU","country":"AU","elevation":37}},{"type":"Feature","id":"YGLA","geometry":{"type":"Point","coordinates":[151.223,-23.8697]},"properties":{"station":"YGLA","name":"Gladstone","state":"AU","country":"AU","elevation":22.888252}},{"type":"Feature","id":"YHBA","geometry":{"type":"Point","coordinates":[152.88,-25.3188]},"properties":{"station":"YHBA","name":"Hervey Bay","state":"AU","country":"AU","elevation":14}},{"type":"Feature","id":"YHID","geometry":{"type":"Point","coordinates":[142.29,-10.5844]},"properties":{"station":"YHID","name":"Horn Island","state":"AU","country":"AU","elevation":13}},{"type":"Feature","id":"YIP","geometry":{"type":"Point","coordinates":[-83.5304,42.2379]},"properties":{"station":"YIP","name":"DETROIT/WILLOW","state":"MI","country":"US","elevation":215}},{"type":"Feature","id":"YKM","geometry":{"type":"Point","coordinates":[-120.5441,46.5682]},"properties":{"station":"YKM","name":"YAKIMA AIR TERMINAL","state":"WA","country":"US","elevation":325}},{"type":"Feature","id":"YKN","geometry":{"type":"Point","coordinates":[-97.3859,42.9167]},"properties":{"station":"YKN","name":"YANKTON","state":"SD","country":"US","elevation":389.5385}},{"type":"Feature","id":"YKSC","geometry":{"type":"Point","coordinates":[137.52,-35.71]},"properties":{"station":"YKSC","name":"Kingscote","state":"AU","country":"AU","elevation":9}},{"type":"Feature","id":"YLHI","geometry":{"type":"Point","coordinates":[159.077,-31.5383]},"properties":{"station":"YLHI","name":"Lord Howe Island","state":"AU","country":"AU","elevation":3.9917824}},{"type":"Feature","id":"YMAV","geometry":{"type":"Point","coordinates":[144.4783,-38.0287]},"properties":{"station":"YMAV","name":"Avalon","state":"AU","country":"AU","elevation":8}},{"type":"Feature","id":"YMHB","geometry":{"type":"Point","coordinates":[147.5033,-42.8339]},"properties":{"station":"YMHB","name":"Hobart","state":"AU","country":"AU","elevation":27}},{"type":"Feature","id":"YMIA","geometry":{"type":"Point","coordinates":[142.086,-34.2292]},"properties":{"station":"YMIA","name":"Mildura","state":"AU","country":"AU","elevation":54.106075}},{"type":"Feature","id":"YMLT","geometry":{"type":"Point","coordinates":[147.2142,-41.5453]},"properties":{"station":"YMLT","name":"Launceston","state":"AU","country":"AU","elevation":178}},{"type":"Feature","id":"YMML","geometry":{"type":"Point","coordinates":[144.8321,-37.6655]},"properties":{"station":"YMML","name":"Melbourne","state":"AU","country":"AU","elevation":141}},{"type":"Feature","id":"YNG","geometry":{"type":"Point","coordinates":[-80.6739,41.2544]},"properties":{"station":"YNG","name":"YOUNGSTOWN","state":"OH","country":"US","elevation":360}},{"type":"Feature","id":"YNWN","geometry":{"type":"Point","coordinates":[119.803,-23.4178]},"properties":{"station":"YNWN","name":"Newman","state":"AU","country":"AU","elevation":525.40076}},{"type":"Feature","id":"YPAD","geometry":{"type":"Point","coordinates":[138.5204,-34.9524]},"properties":{"station":"YPAD","name":"Adelaide","state":"AU","country":"AU","elevation":4}},{"type":"Feature","id":"YPCC","geometry":{"type":"Point","coordinates":[96.8344,-12.1892]},"properties":{"station":"YPCC","name":"Cocos Keeling Island","state":"AU","country":"AU","elevation":3}},{"type":"Feature","id":"YPDN","geometry":{"type":"Point","coordinates":[130.8925,-12.424]},"properties":{"station":"YPDN","name":"Darwin","state":"AU","country":"AU","elevation":30}},{"type":"Feature","id":"YPEA","geometry":{"type":"Point","coordinates":[116.0167,-31.6667]},"properties":{"station":"YPEA","name":"Perth","state":"AU","country":"AU","elevation":49}},{"type":"Feature","id":"YPGV","geometry":{"type":"Point","coordinates":[136.8183,-12.2694]},"properties":{"station":"YPGV","name":"Gove","state":"AU","country":"AU","elevation":55}},{"type":"Feature","id":"YPJT","geometry":{"type":"Point","coordinates":[115.8794,-32.1011]},"properties":{"station":"YPJT","name":"Perth","state":"AU","country":"AU","elevation":30}},{"type":"Feature","id":"YPKA","geometry":{"type":"Point","coordinates":[116.77,-20.712]},"properties":{"station":"YPKA","name":"Karratha","state":"AU","country":"AU","elevation":11}},{"type":"Feature","id":"YPKG","geometry":{"type":"Point","coordinates":[121.4533,-30.7847]},"properties":{"station":"YPKG","name":"Kalgoorlie","state":"AU","country":"AU","elevation":360}},{"type":"Feature","id":"YPKU","geometry":{"type":"Point","coordinates":[128.71,-15.7814]},"properties":{"station":"YPKU","name":"Kununurra","state":"AU","country":"AU","elevation":45}},{"type":"Feature","id":"YPLM","geometry":{"type":"Point","coordinates":[114.0967,-22.2406]},"properties":{"station":"YPLM","name":"Learmonth","state":"AU","country":"AU","elevation":6}},{"type":"Feature","id":"YPPD","geometry":{"type":"Point","coordinates":[118.6317,-20.3725]},"properties":{"station":"YPPD","name":"Port Hedland","state":"AU","country":"AU","elevation":6}},{"type":"Feature","id":"YPPH","geometry":{"type":"Point","coordinates":[115.9761,-31.9275]},"properties":{"station":"YPPH","name":"Perth","state":"AU","country":"AU","elevation":13}},{"type":"Feature","id":"YPTN","geometry":{"type":"Point","coordinates":[132.3826,-14.5229]},"properties":{"station":"YPTN","name":"Katherine","state":"AU","country":"AU","elevation":109}},{"type":"Feature","id":"YPWR","geometry":{"type":"Point","coordinates":[136.8054,-31.1558]},"properties":{"station":"YPWR","name":"Woomera","state":"AU","country":"AU","elevation":167}},{"type":"Feature","id":"YPXM","geometry":{"type":"Point","coordinates":[105.6875,-10.4528]},"properties":{"station":"YPXM","name":"Christmas Island","state":"AU","country":"AU","elevation":259}},{"type":"Feature","id":"YSCB","geometry":{"type":"Point","coordinates":[149.2003,-35.3088]},"properties":{"station":"YSCB","name":"Canberra","state":"AU","country":"AU","elevation":577}},{"type":"Feature","id":"YSDU","geometry":{"type":"Point","coordinates":[148.5747,-32.2167]},"properties":{"station":"YSDU","name":"Dubbo","state":"AU","country":"AU","elevation":275}},{"type":"Feature","id":"YSNF","geometry":{"type":"Point","coordinates":[167.9408,-29.0389]},"properties":{"station":"YSNF","name":"Norfolk Island","state":"AU","country":"AU","elevation":109}},{"type":"Feature","id":"YSRI","geometry":{"type":"Point","coordinates":[150.7808,-33.6006]},"properties":{"station":"YSRI","name":"Richmond","state":"AU","country":"AU","elevation":21}},{"type":"Feature","id":"YSSY","geometry":{"type":"Point","coordinates":[151.1731,-33.9465]},"properties":{"station":"YSSY","name":"Sydney","state":"AU","country":"AU","elevation":3}},{"type":"Feature","id":"YSTW","geometry":{"type":"Point","coordinates":[150.8467,-31.0839]},"properties":{"station":"YSTW","name":"Tamworth","state":"AU","country":"AU","elevation":410}},{"type":"Feature","id":"YSWS","geometry":{"type":"Point","coordinates":[150.7147,-33.888]},"properties":{"station":"YSWS","name":"Western Sydney","state":"AU","country":"AU","elevation":87}},{"type":"Feature","id":"YWLM","geometry":{"type":"Point","coordinates":[151.8344,-32.795]},"properties":{"station":"YWLM","name":"Newcastle","state":"AU","country":"AU","elevation":9}},{"type":"Feature","id":"ZBAA","geometry":{"type":"Point","coordinates":[116.587,40.0741]},"properties":{"station":"ZBAA","name":"Beijing","state":"CN","country":"CN","elevation":30}},{"type":"Feature","id":"ZBAD","geometry":{"type":"Point","coordinates":[116.4106,39.5092]},"properties":{"station":"ZBAD","name":"Beijing","state":"CN","country":"CN","elevation":28.320597}},{"type":"Feature","id":"ZBHH","geometry":{"type":"Point","coordinates":[111.6833,40.8167]},"properties":{"station":"ZBHH","name":"Hohhot","state":"CN","country":"CN","elevation":1065}},{"type":"Feature","id":"ZBSJ","geometry":{"type":"Point","coordinates":[114.6973,38.2807]},"properties":{"station":"ZBSJ","name":"Shijiazhuang","state":"CN","country":"CN","elevation":71}},{"type":"Feature","id":"ZBTJ","geometry":{"type":"Point","coordinates":[117.3462,39.1243]},"properties":{"station":"ZBTJ","name":"Tianjin","state":"CN","country":"CN","elevation":3}},{"type":"Feature","id":"ZBYC","geometry":{"type":"Point","coordinates":[111.0314,35.1164]},"properties":{"station":"ZBYC","name":"Yuncheng","state":"CN","country":"CN","elevation":378}},{"type":"Feature","id":"ZBYN","geometry":{"type":"Point","coordinates":[112.55,37.7833]},"properties":{"station":"ZBYN","name":"Taiyuan","state":"CN","country":"CN","elevation":779}},{"type":"Feature","id":"ZER","geometry":{"type":"Point","coordinates":[-76.3731,40.7065]},"properties":{"station":"ZER","name":"Pottsville","state":"PA","country":"US","elevation":515}},{"type":"Feature","id":"ZGGG","geometry":{"type":"Point","coordinates":[113.3008,23.3964]},"properties":{"station":"ZGGG","name":"Guangzhou","state":"CN","country":"CN","elevation":15}},{"type":"Feature","id":"ZGHA","geometry":{"type":"Point","coordinates":[112.8667,28.2333]},"properties":{"station":"ZGHA","name":"Changcha","state":"CN","country":"CN","elevation":66}},{"type":"Feature","id":"ZGKL","geometry":{"type":"Point","coordinates":[110.3,25.3333]},"properties":{"station":"ZGKL","name":"Guilin","state":"CN","country":"CN","elevation":166}},{"type":"Feature","id":"ZGNN","geometry":{"type":"Point","coordinates":[108.2167,22.6333]},"properties":{"station":"ZGNN","name":"Nanning","state":"CN","country":"CN","elevation":73}},{"type":"Feature","id":"ZGOW","geometry":{"type":"Point","coordinates":[116.6833,23.4]},"properties":{"station":"ZGOW","name":"Shantou","state":"CN","country":"CN","elevation":3}},{"type":"Feature","id":"ZGSZ","geometry":{"type":"Point","coordinates":[114.1,22.55]},"properties":{"station":"ZGSZ","name":"Shenzhen","state":"CN","country":"CN","elevation":18}},{"type":"Feature","id":"ZHCC","geometry":{"type":"Point","coordinates":[113.65,34.7167]},"properties":{"station":"ZHCC","name":"Zhengzhou","state":"CN","country":"CN","elevation":111}},{"type":"Feature","id":"ZHEC","geometry":{"type":"Point","coordinates":[115.0296,30.3429]},"properties":{"station":"ZHEC","name":"Ezhou Hauhu","state":"CN","country":"CN","elevation":16}},{"type":"Feature","id":"ZHHH","geometry":{"type":"Point","coordinates":[114.13,30.62]},"properties":{"station":"ZHHH","name":"Wuhan","state":"CN","country":"CN","elevation":23}},{"type":"Feature","id":"ZJHK","geometry":{"type":"Point","coordinates":[110.459,19.9349]},"properties":{"station":"ZJHK","name":"Haikou","state":"CN","country":"CN","elevation":23}},{"type":"Feature","id":"ZJSY","geometry":{"type":"Point","coordinates":[109.4123,18.3029]},"properties":{"station":"ZJSY","name":"Sanya","state":"CN","country":"CN","elevation":27}},{"type":"Feature","id":"ZLLL","geometry":{"type":"Point","coordinates":[103.75,36.02]},"properties":{"station":"ZLLL","name":"Lanzhou","state":"CN","country":"CN","elevation":1947}},{"type":"Feature","id":"ZLXY","geometry":{"type":"Point","coordinates":[108.7516,34.4471]},"properties":{"station":"ZLXY","name":"Xi'an","state":"CN","country":"CN","elevation":479}},{"type":"Feature","id":"ZPH","geometry":{"type":"Point","coordinates":[-82.1559,28.2281]},"properties":{"station":"ZPH","name":"Zephyrville","state":"FL","country":"US","elevation":29.102571}},{"type":"Feature","id":"ZPPP","geometry":{"type":"Point","coordinates":[102.6833,25.0167]},"properties":{"station":"ZPPP","name":"Kunming","state":"CN","country":"CN","elevation":1892}},{"type":"Feature","id":"ZSAM","geometry":{"type":"Point","coordinates":[118.0833,24.4833]},"properties":{"station":"ZSAM","name":"Xiamen","state":"CN","country":"CN","elevation":139}},{"type":"Feature","id":"ZSCN","geometry":{"type":"Point","coordinates":[115.9167,28.6]},"properties":{"station":"ZSCN","name":"Nanchang","state":"CN","country":"CN","elevation":50}},{"type":"Feature","id":"ZSFZ","geometry":{"type":"Point","coordinates":[119.2833,26.0833]},"properties":{"station":"ZSFZ","name":"Fuzhou","state":"CN","country":"CN","elevation":85}},{"type":"Feature","id":"ZSHC","geometry":{"type":"Point","coordinates":[120.1667,30.2333]},"properties":{"station":"ZSHC","name":"Hangzhou","state":"CN","country":"CN","elevation":43}},{"type":"Feature","id":"ZSJN","geometry":{"type":"Point","coordinates":[117.206,36.8555]},"properties":{"station":"ZSJN","name":"Jinan","state":"CN","country":"CN","elevation":23.125294}},{"type":"Feature","id":"ZSNB","geometry":{"type":"Point","coordinates":[121.4619,29.8267]},"properties":{"station":"ZSNB","name":"Ninbo","state":"CN","country":"CN","elevation":4}},{"type":"Feature","id":"ZSNJ","geometry":{"type":"Point","coordinates":[118.8667,31.7333]},"properties":{"station":"ZSNJ","name":"Nanjing","state":"CN","country":"CN","elevation":33}},{"type":"Feature","id":"ZSOF","geometry":{"type":"Point","coordinates":[117.2984,31.78]},"properties":{"station":"ZSOF","name":"Hefei","state":"CN","country":"CN","elevation":33}},{"type":"Feature","id":"ZSPD","geometry":{"type":"Point","coordinates":[121.7667,31.1167]},"properties":{"station":"ZSPD","name":"Shanghai","state":"CN","country":"CN","elevation":4}},{"type":"Feature","id":"ZSQD","geometry":{"type":"Point","coordinates":[120.3333,36.0667]},"properties":{"station":"ZSQD","name":"Qingdao","state":"CN","country":"CN","elevation":77}},{"type":"Feature","id":"ZSSS","geometry":{"type":"Point","coordinates":[121.3363,31.1979]},"properties":{"station":"ZSSS","name":"Shanghai","state":"CN","country":"CN","elevation":7}},{"type":"Feature","id":"ZUCK","geometry":{"type":"Point","coordinates":[106.48,29.52]},"properties":{"station":"ZUCK","name":"Chongqing","state":"CN","country":"CN","elevation":351}},{"type":"Feature","id":"ZUGY","geometry":{"type":"Point","coordinates":[106.7333,26.5833]},"properties":{"station":"ZUGY","name":"Guiyang","state":"CN","country":"CN","elevation":1185.2192}},{"type":"Feature","id":"ZUTF","geometry":{"type":"Point","coordinates":[104.445,30.319]},"properties":{"station":"ZUTF","name":"Chengdu Tianfu","state":"CN","country":"CN","elevation":431.953}},{"type":"Feature","id":"ZUUU","geometry":{"type":"Point","coordinates":[104.0167,30.6667]},"properties":{"station":"ZUUU","name":"Chengdu","state":"CN","country":"CN","elevation":508}},{"type":"Feature","id":"ZWSH","geometry":{"type":"Point","coordinates":[75.9833,39.4667]},"properties":{"station":"ZWSH","name":"Kashi","state":"CN","country":"CN","elevation":1291}},{"type":"Feature","id":"ZWWW","geometry":{"type":"Point","coordinates":[87.4742,43.9071]},"properties":{"station":"ZWWW","name":"Urumqi","state":"CN","country":"CN","elevation":654}},{"type":"Feature","id":"ZYCC","geometry":{"type":"Point","coordinates":[125.2167,43.9]},"properties":{"station":"ZYCC","name":"Changchun","state":"CN","country":"CN","elevation":215}},{"type":"Feature","id":"ZYHB","geometry":{"type":"Point","coordinates":[126.58,46.02]},"properties":{"station":"ZYHB","name":"Harbin","state":"CN","country":"CN","elevation":140}},{"type":"Feature","id":"ZYTL","geometry":{"type":"Point","coordinates":[121.6333,38.9]},"properties":{"station":"ZYTL","name":"Dalian","state":"CN","country":"CN","elevation":97}},{"type":"Feature","id":"ZYTX","geometry":{"type":"Point","coordinates":[123.4,41.8]},"properties":{"station":"ZYTX","name":"Shenyang","state":"CN","country":"CN","elevation":35}},{"type":"Feature","id":"ZZV","geometry":{"type":"Point","coordinates":[-81.8921,39.9445]},"properties":{"station":"ZZV","name":"ZANESVILLE","state":"OH","country":"US","elevation":268}}]}